ply
format ascii 1.0
element vertex 26957
property float x
property float y
property float z
property uchar red
property uchar green
property uchar blue
end_header
-2.0464 -0.3542 2.2884 52 199 89
-1.9049 -0.2046 2.3211 52 199 89
-3.1435 -1.3206 -1.4111 52 199 89
-1.9255 -0.2197 2.4390 52 199 89
-3.4595 -1.9970 1.5231 52 199 89
-3.6333 -2.1713 0.1251 52 199 89
-3.6144 -2.1392 0.1008 52 199 89
-3.6932 -2.2284 -0.1054 52 199 89
-3.7189 -2.2718 -0.0655 52 199 89
-1.9799 -5.2382 3.4061 52 199 89
-1.8254 -5.1576 3.3729 52 199 89
-2.1816 -5.2220 2.9512 52 199 89
-2.1967 -5.1130 2.3327 52 199 89
-1.4832 -4.6943 1.8367 52 199 89
-1.5323 -4.6621 1.7370 52 199 89
-1.6981 -4.4958 1.5843 52 199 89
-1.5259 -4.6684 1.7047 52 199 89
-1.3958 -4.1548 1.5169 52 199 89
-1.3029 -4.5037 1.6818 52 199 89
-1.2077 -4.5081 1.6800 52 199 89
-1.6047 -4.5649 1.4232 52 199 89
-1.5059 -4.7280 1.5106 52 199 89
-2.1926 -5.0983 1.0929 52 199 89
-2.2241 -5.0687 1.0566 52 199 89
-2.3182 -4.9242 0.8895 52 199 89
-2.3054 -5.0035 0.8637 52 199 89
-1.7835 -4.3676 0.6891 52 199 89
-1.8951 -3.7594 3.4192 52 199 89
-1.9303 -3.8838 2.8047 52 199 89
-1.6429 -4.9568 3.7285 52 199 89
-1.8330 -4.9840 3.5459 52 199 89
-1.9972 -4.7736 3.2178 52 199 89
-1.5700 -4.9384 3.5891 52 199 89
-1.9237 -5.1413 3.4664 52 199 89
-1.8738 -5.0841 3.2692 52 199 89
-1.6058 -4.5827 1.6309 52 199 89
-1.3960 -4.7671 1.7713 52 199 89
-1.3761 -4.3608 1.5574 52 199 89
-1.4412 -4.3843 1.5066 52 199 89
-1.4612 -4.7181 1.5402 52 199 89
-2.2372 -5.0265 1.0326 52 199 89
-1.7826 -5.0558 3.6540 52 199 89
-1.7613 -5.1242 3.6834 52 199 89
-1.9928 -5.0782 3.3510 52 199 89
-0.9403 -4.3634 1.9386 52 199 89
-1.4806 -4.6437 1.8100 52 199 89
-1.4059 -4.7916 1.8910 52 199 89
-1.5661 -4.6587 1.4766 52 199 89
-1.7065 -4.4675 0.7096 52 199 89
-1.4270 -4.7096 3.9024 52 199 89
-2.1291 -5.2671 3.6526 52 199 89
-1.5199 -4.7443 3.5809 52 199 89
-1.6930 -4.4216 1.6016 52 199 89
-1.1376 -4.2929 1.7379 52 199 89
-2.1907 -5.1158 1.0799 52 199 89
-2.6514 -3.1504 1.7392 52 199 89
-3.2082 -2.8830 0.6888 52 199 89
-1.4124 -4.7503 3.9786 52 199 89
-1.7684 -3.8494 2.7121 52 199 89
-0.9708 -4.2616 3.7158 52 199 89
-1.6454 -4.8553 3.6114 52 199 89
-2.1409 -5.1480 3.1176 52 199 89
-2.1599 -5.1465 2.7231 52 199 89
-1.5252 -4.6290 1.7671 52 199 89
-1.3613 -4.3714 1.5786 52 199 89
-1.9826 -3.8049 2.9482 52 199 89
-1.4514 -3.9005 3.1469 52 199 89
-1.6035 -4.5437 3.6239 52 199 89
-1.6559 -4.9893 3.9083 52 199 89
-1.9189 -4.8533 3.3520 52 199 89
-1.5386 -4.3652 3.1482 52 199 89
-1.1785 -4.3802 3.3089 52 199 89
-1.5511 -4.3091 2.8481 52 199 89
-1.5629 -4.6463 1.4991 52 199 89
-1.7549 -4.1487 3.9870 52 199 89
-2.0621 -3.7787 2.3243 52 199 89
-2.0313 -5.0004 3.2689 52 199 89
-1.8848 -4.2542 1.3263 52 199 89
-3.1331 -3.0648 0.9615 52 199 89
-1.9991 -5.1796 3.7890 52 199 89
-1.9519 -4.4696 3.0021 52 199 89
-1.7230 -5.0021 3.5045 52 199 89
-1.7610 -4.3570 1.5508 52 199 89
-2.5491 -2.4265 1.4485 52 199 89
-5.8545 -4.1229 2.8511 52 199 89
-5.5879 -3.6006 -0.3757 52 199 89
-5.9474 -4.0717 1.4286 52 199 89
-5.9435 -4.0640 1.4923 52 199 89
-5.9402 -4.0694 1.4148 52 199 89
-5.8631 -4.1368 3.6711 52 199 89
-5.6246 -3.6327 -0.1759 52 199 89
-4.8996 -3.9826 -1.6817 52 199 89
-5.8672 -4.1395 3.6869 52 199 89
-5.9023 -4.0847 1.4423 52 199 89
-5.9518 -4.0853 1.2783 52 199 89
-5.9771 -4.0947 0.8811 52 199 89
-5.8005 -3.6866 0.6874 52 199 89
-5.7959 -3.6712 0.6886 52 199 89
-5.9805 -4.0959 0.5841 52 199 89
-5.7596 -3.7198 -0.0217 52 199 89
-5.9491 -4.0849 0.8775 52 199 89
-5.8969 -4.0832 1.6010 52 199 89
-5.8462 -4.1308 3.6468 52 199 89
-5.8047 -3.6737 0.6951 52 199 89
-5.9479 -4.0735 1.4328 52 199 89
-4.9029 -3.9855 -1.6823 52 199 89
-4.9151 -3.9893 -1.6998 52 199 89
-4.8963 -3.9853 -1.7065 52 199 89
-5.9019 -4.0894 1.6210 52 199 89
-5.8191 -3.7667 -0.4905 52 199 89
-5.9641 -4.0912 1.2738 52 199 89
-5.9608 -4.0856 1.4306 52 199 89
-5.9485 -4.0985 1.4485 52 199 89
-5.9871 -4.0909 2.2969 52 199 89
-5.8110 -4.4330 1.1079 52 199 89
-5.9066 -4.0741 0.8784 52 199 89
-5.9595 -4.4995 -0.4931 52 199 89
-4.9029 -3.9855 -1.6823 52 199 89
-4.8950 -3.9852 -1.7044 52 199 89
-5.8212 -3.7373 -0.0014 52 199 89
-5.9223 -4.0903 1.3354 52 199 89
-5.9644 -4.1063 1.4578 52 199 89
-5.9766 -4.5113 -0.5031 52 199 89
-5.3028 -3.7343 -2.2986 52 199 89
-5.9534 -4.0509 1.8510 52 199 89
-5.9026 -4.0880 1.6202 52 199 89
-5.8178 -3.7392 0.0120 52 199 89
-5.9461 -4.4902 -0.5019 52 199 89
-5.7923 -3.7648 -0.4700 52 199 89
-4.8993 -4.0020 -1.7569 52 199 89
-5.3163 -3.7383 -2.3312 52 199 89
-5.9131 -4.0958 1.6225 52 199 89
-5.9143 -4.0739 0.6330 52 199 89
-5.7093 -4.3544 -0.4482 52 199 89
-5.7921 -3.7647 -0.4536 52 199 89
-6.7013 -3.2068 -3.6454 52 199 89
-6.5242 -3.1578 -2.6459 52 199 89
-6.5352 -3.1930 -3.1967 52 199 89
-6.9778 -3.0448 -1.5231 52 199 89
-6.7629 -3.0733 -1.6549 52 199 89
-6.5531 -3.1915 -3.2153 52 199 89
-6.5006 -3.2015 -3.2735 52 199 89
-6.7193 -3.2060 -3.6732 52 199 89
-6.8190 -3.0669 -1.6772 52 199 89
-6.5152 -3.1386 -3.3344 52 199 89
-6.7294 -3.2058 -3.6758 52 199 89
-6.5637 -3.1043 -2.6966 52 199 89
-6.7062 -3.1752 -3.4075 52 199 89
-6.4968 -3.1686 -3.1890 52 199 89
-6.5501 -3.1955 -3.3185 52 199 89
-6.6837 -3.2141 -3.9075 52 199 89
-7.1778 -3.1253 0.1580 52 199 89
-6.6397 -3.1542 -3.3417 52 199 89
-6.7108 -3.2127 -3.9404 52 199 89
-6.5446 -3.1677 -2.3153 52 199 89
-6.6182 -3.1855 -3.2987 52 199 89
-6.7093 -3.2351 -3.7612 52 199 89
-6.8027 -3.2076 -3.7568 52 199 89
-6.6704 -3.2368 -3.7453 52 199 89
-6.6497 -3.2179 -3.8393 52 199 89
-6.7295 -3.2215 -3.7853 52 199 89
-6.1406 -3.6124 -2.1110 52 199 89
-6.3257 -3.6901 -1.5151 52 199 89
-7.9839 -3.7869 0.1275 52 199 89
-8.2201 -3.4419 1.3445 52 199 89
-8.1116 -3.6910 0.3804 52 199 89
-8.0737 -3.5746 0.4081 52 199 89
-8.0383 -3.7995 -0.0082 52 199 89
-6.9760 -3.4973 -0.8829 52 199 89
-6.9945 -3.7488 -1.4746 52 199 89
-8.1030 -3.7018 0.3776 52 199 89
-6.1103 -3.5809 -1.5464 52 199 89
-6.8149 -3.5452 -1.0535 52 199 89
-6.3174 -3.6853 -1.5132 52 199 89
-6.3248 -3.6739 -1.4454 52 199 89
-6.3483 -3.6623 -1.4129 52 199 89
-6.3282 -3.6314 -1.2142 52 199 89
-8.1391 -3.8828 -0.3253 52 199 89
-6.3619 -3.6270 -1.1413 52 199 89
-6.4481 -3.7381 -1.7765 52 199 89
-8.1483 -3.5489 0.3779 52 199 89
-8.1818 -3.4395 1.3815 52 199 89
-6.3323 -3.6733 -1.4930 52 199 89
-6.3429 -3.6770 -1.4292 52 199 89
-6.3514 -3.6641 -1.3833 52 199 89
-6.9699 -3.5346 -0.9286 52 199 89
-6.3658 -3.6510 -1.3093 52 199 89
-6.4605 -3.6973 -1.3270 52 199 89
-6.4343 -3.7143 -1.2775 52 199 89
-6.3643 -3.6570 -1.2322 52 199 89
-7.8537 -3.7916 -0.5877 52 199 89
-6.1172 -3.5877 -1.6008 52 199 89
-8.1781 -3.8425 -0.3986 52 199 89
-6.4165 -3.7187 -1.7646 52 199 89
-6.1105 -3.5988 -1.6047 52 199 89
-6.4477 -3.7298 -1.6821 52 199 89
-7.8108 -3.8088 -0.3784 52 199 89
-6.1448 -3.6072 -2.2120 52 199 89
-6.4157 -3.6896 -1.3192 52 199 89
-8.2090 -3.6906 0.3964 52 199 89
-6.3385 -3.6317 -1.2240 52 199 89
-6.3580 -3.6325 -1.2469 52 199 89
-6.1445 -3.6198 -2.1487 52 199 89
-6.3597 -3.5936 -1.1519 52 199 89
-6.1419 -3.6127 -2.1123 52 199 89
-6.3285 -3.6901 -1.5161 52 199 89
-6.2518 -3.6437 -1.4023 52 199 89
-6.3284 -3.6727 -1.3920 52 199 89
-6.1575 -3.6219 -2.0233 52 199 89
-8.2302 -3.5702 0.5883 52 199 89
-6.3442 -3.6601 -1.3790 52 199 89
-6.3629 -3.6282 -1.1412 52 199 89
-6.4588 -3.7377 -1.7887 52 199 89
-6.1093 -3.5844 -1.5841 52 199 89
-6.4352 -3.7342 -1.7285 52 199 89
-6.3530 -3.6474 -1.3044 52 199 89
-6.1544 -3.6214 -2.0618 52 199 89
-6.2704 -3.6367 -1.3877 52 199 89
-8.1574 -3.8841 -0.3229 52 199 89
-6.1155 -3.5652 -1.6609 52 199 89
-6.3748 -3.6565 -1.2448 52 199 89
-6.4144 -3.6460 -0.9608 52 199 89
-6.1047 -3.5741 -1.5524 52 199 89
-6.1085 -3.5737 -1.5362 52 199 89
-6.3555 -3.6658 -1.3721 52 199 89
-6.3121 -3.6590 -1.3332 52 199 89
-6.2482 -3.6771 -1.7553 52 199 89
-6.3734 -3.6779 -1.4766 52 199 89
-8.2181 -3.5473 0.3912 52 199 89
-8.1350 -3.8418 -0.1069 52 199 89
-6.4534 -3.7558 -1.5106 52 199 89
-6.4048 -3.6130 -1.0912 52 199 89
-6.4429 -3.7298 -1.6787 52 199 89
-6.3072 -3.6657 -1.4611 52 199 89
-6.3395 -3.6671 -1.4202 52 199 89
-6.1637 -3.6241 -2.0653 52 199 89
-6.4186 -3.6967 -1.2711 52 199 89
-6.1166 -3.5989 -1.6185 52 199 89
-8.0525 -3.8351 -0.3736 52 199 89
-6.4362 -3.6282 -1.0444 52 199 89
-6.2878 -3.6536 -1.4304 52 199 89
-6.1231 -3.5699 -1.6738 52 199 89
-7.8287 -3.8105 -0.3787 52 199 89
-6.4955 -3.7594 -1.5745 52 199 89
-6.4538 -3.7297 -1.6639 52 199 89
-6.2977 -3.6589 -1.4763 52 199 89
-6.4159 -3.6786 -1.2490 52 199 89
-7.7805 -3.7852 -0.5966 52 199 89
-6.3214 -3.6582 -1.3893 52 199 89
-7.8431 -3.7766 -0.5621 52 199 89
-6.3005 -3.6535 -1.4786 52 199 89
-6.1131 -3.5736 -1.5444 52 199 89
-6.1616 -3.6244 -2.0593 52 199 89
-7.2070 -3.6916 -1.0765 52 199 89
-6.1616 -3.6230 -2.0312 52 199 89
-6.1132 -3.5981 -1.6104 52 199 89
-6.1210 -3.5888 -1.6126 52 199 89
-6.1112 -3.5843 -1.5883 52 199 89
-6.1024 -3.5746 -1.5469 52 199 89
-7.8633 -3.7810 -0.4913 52 199 89
-6.1165 -3.5792 -1.5612 52 199 89
-8.1254 -3.9075 -0.3981 52 199 89
-8.1102 -3.8000 0.0017 52 199 89
-6.4429 -3.7409 -1.8529 52 199 89
-6.2952 -3.6728 -1.6159 52 199 89
-6.4334 -3.7350 -1.7242 52 199 89
-8.2053 -3.4859 1.1487 52 199 89
-6.4393 -3.7298 -1.6717 52 199 89
-6.2910 -3.6536 -1.4625 52 199 89
-6.3296 -3.6891 -1.5119 52 199 89
-6.2472 -3.6433 -1.3973 52 199 89
-6.2912 -3.6536 -1.4317 52 199 89
-6.3102 -3.6379 -1.3686 52 199 89
-6.3252 -3.6707 -1.4195 52 199 89
-6.3247 -3.6724 -1.3872 52 199 89
-6.3326 -3.6591 -1.3611 52 199 89
-6.4583 -3.7555 -1.5126 52 199 89
-6.3699 -3.6657 -1.4051 52 199 89
-6.3394 -3.6490 -1.2911 52 199 89
-6.4080 -3.6917 -1.2880 52 199 89
-6.3628 -3.6325 -1.2157 52 199 89
-6.3670 -3.5934 -1.1607 52 199 89
-6.4497 -3.7999 -2.7277 52 199 89
-6.3507 -3.6514 -1.2726 52 199 89
-6.3260 -3.6940 -1.5623 52 199 89
-6.4399 -3.6287 -1.0440 52 199 89
-7.0637 -3.7557 -1.4457 52 199 89
-6.4324 -3.6605 -1.0909 52 199 89
-8.1535 -3.8393 -0.0665 52 199 89
-6.2448 -3.6676 -1.9684 52 199 89
-6.3300 -3.6589 -1.5300 52 199 89
-6.2120 -3.6410 -1.8711 52 199 89
-6.1249 -3.5979 -1.6252 52 199 89
-6.1032 -3.5792 -1.5357 52 199 89
-8.0698 -3.7874 -0.1083 52 199 89
-6.2872 -3.6842 -1.7896 52 199 89
-6.5050 -3.7774 -2.1085 52 199 89
-6.3045 -3.6758 -1.6386 52 199 89
-8.1438 -3.7810 -0.0696 52 199 89
-6.4775 -3.7376 -1.8017 52 199 89
-6.4309 -3.7296 -1.6599 52 199 89
-6.2807 -3.6583 -1.4473 52 199 89
-6.3083 -3.6721 -1.4525 52 199 89
-6.3358 -3.6513 -1.2894 52 199 89
-6.3562 -3.6327 -1.2276 52 199 89
-6.3381 -3.6794 -1.3849 52 199 89
-6.3716 -3.6539 -1.2468 52 199 89
-6.4264 -3.6652 -1.2844 52 199 89
-6.2684 -3.6533 -1.3948 52 199 89
-6.3941 -3.6130 -1.0791 52 199 89
-6.4101 -3.6291 -1.0106 52 199 89
-7.0072 -3.7525 -1.4739 52 199 89
-7.0648 -3.7552 -1.4498 52 199 89
-7.0203 -3.6831 -1.1941 52 199 89
-7.0538 -3.6913 -1.2196 52 199 89
-6.4161 -3.7018 -1.5123 52 199 89
-7.7167 -3.7641 -0.8224 52 199 89
-8.1731 -3.8895 -0.2962 52 199 89
-8.1914 -3.8044 0.0024 52 199 89
-8.0894 -3.6926 0.4050 52 199 89
-8.1986 -3.6677 0.5430 52 199 89
-6.2567 -3.6779 -1.9180 52 199 89
-6.4304 -3.7970 -2.6813 52 199 89
-6.2389 -3.6662 -1.9548 52 199 89
-6.1088 -3.6009 -1.6961 52 199 89
-6.4276 -3.6666 -1.0690 52 199 89
-6.4234 -3.6481 -1.1293 52 199 89
-6.4208 -3.6989 -1.2868 52 199 89
-7.6890 -3.7557 -0.6506 52 199 89
-7.7961 -3.7800 -0.4533 52 199 89
-6.1433 -3.6163 -2.1023 52 199 89
-7.7880 -3.7701 -0.8394 52 199 89
-7.9183 -3.7886 -0.4728 52 199 89
-8.0607 -3.8169 -0.3426 52 199 89
-8.0011 -3.7982 0.0231 52 199 89
-8.1195 -3.7897 0.0903 52 199 89
-7.9547 -3.6719 0.5136 52 199 89
-6.2455 -3.6657 -2.0280 52 199 89
-6.1372 -3.5846 -1.6437 52 199 89
-6.4933 -3.7763 -2.0861 52 199 89
-6.3002 -3.6523 -1.4290 52 199 89
-6.3217 -3.6569 -1.3753 52 199 89
-6.4556 -3.8031 -2.6746 52 199 89
-6.3546 -3.6336 -1.2220 52 199 89
-6.2600 -3.6747 -2.0531 52 199 89
-6.2511 -3.6783 -1.8556 52 199 89
-6.3388 -3.6330 -1.1104 52 199 89
-6.4332 -3.7147 -1.7406 52 199 89
-6.4108 -3.7205 -1.6766 52 199 89
-6.4040 -3.6944 -1.6339 52 199 89
-6.4479 -3.7048 -1.5531 52 199 89
-6.3136 -3.6712 -1.3995 52 199 89
-7.8384 -3.7971 -0.6247 52 199 89
-6.1247 -3.5905 -1.6112 52 199 89
-8.1782 -3.5526 0.4279 52 199 89
-6.1037 -3.5857 -1.5192 52 199 89
-6.4354 -3.6681 -1.0698 52 199 89
-6.1535 -3.6239 -2.0311 52 199 89
-6.1230 -3.5964 -1.6231 52 199 89
-6.2636 -3.6783 -1.9322 52 199 89
-6.4499 -3.6785 -1.2656 52 199 89
-6.2397 -3.6772 -1.7485 52 199 89
-6.2953 -3.6503 -1.4126 52 199 89
-6.3929 -3.7038 -1.4930 52 199 89
-6.3705 -3.6567 -1.4018 52 199 89
-6.4953 -3.7774 -2.0963 52 199 89
-6.2645 -3.6765 -1.5724 52 199 89
-6.3186 -3.6353 -1.0909 52 199 89
-6.1447 -3.6197 -1.8476 52 199 89
-6.2619 -3.6787 -1.9912 52 199 89
-8.0652 -3.7852 0.0595 52 199 89
-8.1044 -3.7866 -0.0700 52 199 89
-8.2262 -3.5530 0.9040 52 199 89
-7.7698 -3.7879 -0.2723 52 199 89
-7.7843 -3.7699 -0.8253 52 199 89
-6.4109 -3.7134 -1.7095 52 199 89
-8.1226 -3.5596 0.4500 52 199 89
-6.3945 -3.7280 -1.9081 52 199 89
-7.9643 -3.5016 1.0816 52 199 89
-7.8518 -3.8035 -0.5218 52 199 89
-6.3316 -3.6715 -1.4219 52 199 89
-6.3729 -3.7304 -1.5914 52 199 89
-6.1427 -3.6082 -2.2146 52 199 89
-8.0429 -3.8096 -0.6947 52 199 89
-6.3879 -3.6703 -1.3105 52 199 89
-6.3608 -3.7101 -1.7027 52 199 89
-6.2675 -3.6169 -1.3207 52 199 89
-6.4093 -3.6926 -1.2884 52 199 89
-6.3782 -3.6035 -1.0409 52 199 89
-6.3135 -3.6671 -1.4702 52 199 89
-6.4061 -3.6141 -1.0806 52 199 89
-6.4913 -3.7166 -1.8168 52 199 89
-6.3057 -3.6605 -1.4865 52 199 89
-6.3440 -3.6342 -1.3973 52 199 89
-6.3694 -3.6587 -1.2875 52 199 89
-6.3890 -3.6712 -1.3139 52 199 89
-6.3863 -3.6333 -1.2540 52 199 89
-6.3771 -3.6479 -1.2473 52 199 89
-6.3492 -3.6344 -1.1328 52 199 89
-6.4189 -3.6344 -1.1239 52 199 89
-8.1872 -3.6683 0.5623 52 199 89
-7.6284 -3.7856 0.1996 52 199 89
-7.9598 -3.8023 -0.7024 52 199 89
-7.8899 -3.8103 -0.5165 52 199 89
-7.6149 -3.7901 0.0027 52 199 89
-8.0084 -3.8365 -0.1487 52 199 89
-6.3165 -3.6910 -1.8992 52 199 89
-6.2004 -3.6300 -1.8124 52 199 89
-6.1539 -3.6229 -1.7410 52 199 89
-6.2048 -3.6206 -1.8567 52 199 89
-6.2214 -3.6631 -1.9140 52 199 89
-6.2884 -3.6833 -2.0959 52 199 89
-6.2485 -3.6746 -2.0870 52 199 89
-6.2056 -3.6821 -2.0934 52 199 89
-6.4547 -3.8125 -2.7002 52 199 89
-6.1530 -3.6181 -2.1331 52 199 89
-6.2345 -3.6960 -2.1524 52 199 89
-8.1448 -3.8481 0.7386 52 199 89
-8.1872 -3.6683 0.5623 52 199 89
-8.1905 -3.8943 -0.2736 52 199 89
-6.4221 -3.7749 -1.9991 52 199 89
-6.5927 -4.5844 -2.3118 52 199 89
-6.6821 -4.6048 -2.1204 52 199 89
-7.5149 -5.2957 -2.9563 52 199 89
-7.2724 -4.8445 -2.2635 52 199 89
-6.7159 -4.8383 -2.5460 52 199 89
-7.3378 -5.1836 -2.7736 52 199 89
-6.5181 -4.6193 -2.9026 52 199 89
-6.4869 -4.5462 -2.7629 52 199 89
-6.4465 -4.5588 -3.4913 52 199 89
-7.3182 -4.9339 -2.2474 52 199 89
-6.6917 -4.6359 -2.0249 52 199 89
-6.4245 -4.5479 -3.4180 52 199 89
-6.6311 -4.7107 -2.3900 52 199 89
-7.5260 -5.3108 -2.7296 52 199 89
-6.5345 -4.6545 -3.2963 52 199 89
-6.6902 -4.7535 -2.2986 52 199 89
-6.6869 -4.6079 -2.1239 52 199 89
-7.2589 -4.8571 -1.9841 52 199 89
-6.6646 -4.6445 -1.9019 52 199 89
-6.5902 -4.5704 -2.1821 52 199 89
-6.6645 -4.7596 -2.3964 52 199 89
-6.6943 -4.6117 -2.1406 52 199 89
-6.6669 -4.6736 -2.0859 52 199 89
-6.6806 -4.6317 -2.0231 52 199 89
-6.5104 -4.5489 -2.5789 52 199 89
-7.3281 -5.1777 -2.7715 52 199 89
-7.3446 -4.9452 -2.2769 52 199 89
-6.6755 -4.7390 -2.4586 52 199 89
-6.4758 -4.5788 -3.5528 52 199 89
-6.5150 -4.6334 -3.5666 52 199 89
-6.5431 -4.6445 -3.3179 52 199 89
-6.5919 -4.6693 -2.6575 52 199 89
-6.6042 -4.5922 -2.3157 52 199 89
-6.6049 -4.6698 -2.6027 52 199 89
-6.6907 -4.6944 -2.1052 52 199 89
-6.5962 -4.6072 -2.3480 52 199 89
-6.4621 -4.5734 -3.4965 52 199 89
-6.5892 -4.6295 -2.5295 52 199 89
-6.5433 -4.6237 -2.5636 52 199 89
-6.5571 -4.6629 -2.7573 52 199 89
-6.5164 -4.5895 -2.6441 52 199 89
-6.6102 -4.7246 -2.7568 52 199 89
-6.5102 -4.6145 -3.6478 52 199 89
-6.6532 -4.7188 -2.4211 52 199 89
-6.4803 -4.5986 -2.8065 52 199 89
-6.4889 -4.5739 -2.5801 52 199 89
-6.4379 -4.5595 -3.3212 52 199 89
-7.3402 -5.2019 -2.7138 52 199 89
-6.6559 -4.7308 -2.3861 52 199 89
-6.5437 -4.6370 -2.4744 52 199 89
-7.2675 -5.2135 -2.7968 52 199 89
-6.6245 -4.8181 -2.9126 52 199 89
-6.4116 -4.5764 -3.5368 52 199 89
-6.4748 -4.5824 -3.5396 52 199 89
-6.5318 -4.6308 -3.6413 52 199 89
-6.5311 -4.6432 -3.6521 52 199 89
-6.4521 -4.5960 -3.1367 52 199 89
-6.5315 -4.6533 -3.2890 52 199 89
-6.7241 -4.9097 -3.6946 52 199 89
-6.6488 -4.7931 -3.2217 52 199 89
-6.6779 -4.8528 -3.0505 52 199 89
-6.6334 -4.7076 -2.6372 52 199 89
-6.7432 -4.8447 -2.6211 52 199 89
-6.6658 -4.7307 -2.2440 52 199 89
-7.6908 -5.2965 -2.2180 52 199 89
-6.4317 -4.5880 -3.6915 52 199 89
-7.7890 -5.3494 -2.3179 52 199 89
-8.4114 -3.7165 2.7782 52 199 89
-8.2828 -3.7592 1.6844 52 199 89
-8.1026 -3.5309 3.4242 52 199 89
-8.2186 -3.7585 1.7279 52 199 89
-8.0327 -3.7279 2.3713 52 199 89
-8.1754 -3.7236 2.5825 52 199 89
-8.4208 -3.7282 1.2950 52 199 89
-8.4135 -3.7368 1.5687 52 199 89
-7.8363 -3.7847 1.2894 52 199 89
-8.3053 -3.7267 1.4442 52 199 89
-8.3479 -3.6415 2.3158 52 199 89
-6.8989 -4.6943 -1.5068 52 199 89
-7.0291 -4.7004 -0.9160 52 199 89
-7.0389 -4.7422 -0.9099 52 199 89
-6.9910 -4.7234 -1.0543 52 199 89
-7.4148 -4.2780 3.7848 52 199 89
-9.1833 -4.3705 2.3788 52 199 89
-7.3187 -4.2469 3.4892 52 199 89
-7.4064 -4.2706 3.8019 52 199 89
-7.3782 -4.3020 3.8421 52 199 89
-7.1488 -4.2323 3.0697 52 199 89
-6.7154 -4.2034 1.7565 52 199 89
-7.0733 -4.2399 2.7465 52 199 89
-7.0870 -4.2352 2.7874 52 199 89
-7.0543 -4.2282 2.7023 52 199 89
-9.3019 -3.7032 3.8551 52 199 89
-9.4404 -3.6029 0.0539 52 199 89
-9.3107 -3.4588 0.1214 52 199 89
-9.1114 -3.4937 0.1268 52 199 89
-9.0384 -3.5764 2.2338 52 199 89
-9.3655 -3.4314 0.1964 52 199 89
-8.7230 -3.6134 1.9003 52 199 89
-9.3838 -3.5784 -1.4186 52 199 89
-9.3723 -3.5966 -1.3958 52 199 89
-9.4095 -3.5860 -1.3592 52 199 89
-9.3806 -3.4528 3.7455 52 199 89
-8.8954 -3.6344 1.0730 52 199 89
-9.4923 -3.5159 1.2492 52 199 89
-9.1249 -3.5902 1.0554 52 199 89
-9.4954 -3.5458 -0.4963 52 199 89
-9.4025 -3.5600 -0.4459 52 199 89
-9.4862 -3.5142 -0.3107 52 199 89
-8.6423 -3.7361 0.1208 52 199 89
-9.1989 -3.5630 -0.2331 52 199 89
-9.4683 -3.5953 -0.2372 52 199 89
-9.0124 -3.6398 1.0907 52 199 89
-8.8579 -3.6807 3.9357 52 199 89
-9.4892 -3.5350 -1.0820 52 199 89
-9.4145 -3.5792 -0.1971 52 199 89
-9.4275 -3.7094 3.8581 52 199 89
-9.2189 -3.5956 -0.6877 52 199 89
-9.2788 -3.5814 -0.7704 52 199 89
-9.1325 -3.5056 2.1291 52 199 89
-9.3099 -3.4322 0.3108 52 199 89
-9.1542 -3.6151 1.0826 52 199 89
-8.9994 -3.5577 1.0235 52 199 89
-9.4905 -3.4473 1.1401 52 199 89
-9.4215 -3.5535 -0.4493 52 199 89
-9.2453 -3.6849 3.9503 52 199 89
-9.4271 -3.5825 -1.2878 52 199 89
-9.4933 -3.5703 -1.4034 52 199 89
-9.4905 -3.5608 -1.4020 52 199 89
-9.2028 -3.6023 1.1677 52 199 89
-9.3105 -3.4446 0.1960 52 199 89
-9.3836 -3.5707 1.1560 52 199 89
-9.4196 -3.5376 2.5184 52 199 89
-9.3731 -3.6882 3.6832 52 199 89
-9.3366 -3.5772 -0.5587 52 199 89
-9.3165 -3.5714 -0.5342 52 199 89
-9.3369 -3.5437 -0.2861 52 199 89
-8.4135 -3.8572 2.6457 52 199 89
-9.2070 -3.4709 0.1249 52 199 89
-9.3102 -3.5397 0.0275 52 199 89
-8.7149 -3.6130 1.9504 52 199 89
-9.3624 -3.6293 -0.2478 52 199 89
-9.3753 -3.4465 0.2193 52 199 89
-9.3434 -3.5634 -0.5425 52 199 89
-9.4252 -3.5845 -1.2827 52 199 89
-8.9790 -3.5369 0.2283 52 199 89
-9.3611 -3.5887 -1.5348 52 199 89
-8.3928 -3.6880 3.3339 52 199 89
-9.2050 -3.7009 2.3422 52 199 89
-8.5901 -3.7769 2.8102 52 199 89
-9.4803 -3.5105 -0.2261 52 199 89
-9.3567 -3.5740 -0.4695 52 199 89
-9.4000 -3.5498 1.2687 52 199 89
-8.7781 -3.7289 1.8078 52 199 89
-9.0173 -3.6845 0.1897 52 199 89
-9.4476 -3.5762 -0.1970 52 199 89
-8.6416 -3.6375 0.9107 52 199 89
-9.3674 -3.5751 1.1289 52 199 89
-9.2263 -3.5900 1.0530 52 199 89
-9.3822 -3.4728 1.1607 52 199 89
-8.8999 -3.6347 1.0161 52 199 89
-9.4704 -4.2449 2.1888 52 199 89
-8.6252 -3.6439 1.8329 52 199 89
-8.8586 -3.7548 2.0632 52 199 89
-9.3491 -3.6282 0.2222 52 199 89
-9.0660 -3.6610 0.0373 52 199 89
-9.3861 -3.6265 -0.2353 52 199 89
-9.4582 -3.5456 -0.8352 52 199 89
-9.3163 -3.6139 -1.4572 52 199 89
-9.3219 -3.5882 -1.8802 52 199 89
-7.8021 -4.5341 -1.8578 52 199 89
-7.8858 -4.5609 -1.9924 52 199 89
-8.7176 -3.7311 0.1910 52 199 89
-9.4042 -4.2458 2.1615 52 199 89
-7.8901 -4.5622 -2.0023 52 199 89
-9.2403 -3.5962 -0.5734 52 199 89
-9.3526 -3.5626 -0.5226 52 199 89
-9.3509 -3.5930 -0.5221 52 199 89
-9.1787 -3.6497 -0.2182 52 199 89
-9.3931 -3.6062 0.0607 52 199 89
-9.0343 -3.5750 0.3442 52 199 89
-9.1353 -3.7683 3.7120 52 199 89
-9.4878 -3.6238 0.0235 52 199 89
-9.1855 -3.6200 -1.5942 52 199 89
-9.3792 -3.6668 0.0616 52 199 89
-8.8757 -3.6367 0.0500 52 199 89
-9.2818 -3.6522 0.6897 52 199 89
-8.8255 -3.6909 3.9759 52 199 89
-9.1556 -3.7069 0.2940 52 199 89
-9.2739 -3.6825 0.0522 52 199 89
-8.7612 -3.6617 0.0408 52 199 89
-8.9773 -3.7040 -0.1465 52 199 89
-8.9915 -3.6843 -0.1850 52 199 89
-9.1174 -3.6168 -0.3539 52 199 89
-9.2561 -3.6122 -0.4989 52 199 89
-9.2620 -3.5792 -0.5002 52 199 89
-7.8471 -4.5327 -1.6202 52 199 89
-7.9835 -4.5476 -2.1508 52 199 89
-8.6078 -3.7294 3.6100 52 199 89
-8.4236 -3.7994 0.4861 52 199 89
-9.2669 -3.6844 0.0647 52 199 89
-9.4659 -3.6199 -0.2004 52 199 89
-9.4882 -3.5912 -0.2557 52 199 89
-9.4714 -3.5864 -1.8339 52 199 89
-7.8547 -4.5352 -1.6293 52 199 89
-7.8363 -3.8892 1.0537 52 199 89
-9.0620 -3.7176 0.0893 52 199 89
-9.1394 -3.6410 -0.4324 52 199 89
-9.2621 -2.2808 3.3682 52 199 89
-8.6598 -2.6490 3.7488 52 199 89
-9.2716 -2.2802 3.6053 52 199 89
-9.2040 -2.3186 3.3445 52 199 89
-8.4765 -2.8230 3.6828 52 199 89
-9.2152 -2.1894 3.2307 52 199 89
-9.1384 -2.4019 3.3400 52 199 89
-9.1947 -2.2029 3.2022 52 199 89
-9.2478 -2.2907 3.4129 52 199 89
-9.4392 -2.9616 3.4600 52 199 89
-9.5278 -2.8857 3.6874 52 199 89
-8.7407 -2.6201 2.9239 52 199 89
-9.2325 -2.2678 2.0381 52 199 89
-8.7449 -2.5086 1.5424 52 199 89
-9.2644 -2.1575 3.3774 52 199 89
-8.7031 -2.6363 1.6426 52 199 89
-8.0474 -3.0958 3.3989 52 199 89
-9.2689 -2.2810 3.3264 52 199 89
-8.6239 -2.7368 2.6673 52 199 89
-9.5759 -2.8734 3.6679 52 199 89
-9.4857 -2.9375 3.5367 52 199 89
-8.9156 -2.5059 3.1662 52 199 89
-9.5116 -2.9380 3.6232 52 199 89
-9.5783 -2.8664 3.7889 52 199 89
-9.2274 -2.0044 2.6380 52 199 89
-9.2865 -2.2694 3.7822 52 199 89
-9.0222 -2.4408 3.0200 52 199 89
-9.3492 -2.2281 3.6696 52 199 89
-8.1494 -3.0085 2.0829 52 199 89
-9.3122 -2.1126 1.8900 52 199 89
-9.3090 -2.2763 0.8066 52 199 89
-9.0250 -2.2836 3.7617 52 199 89
-8.9955 -2.4921 3.2349 52 199 89
-9.0496 -2.4720 3.2637 52 199 89
-9.3582 -2.2291 3.4353 52 199 89
-9.6299 -2.9483 3.0396 52 199 89
-9.2908 -2.0812 2.0586 52 199 89
-9.1455 -2.3338 0.2219 52 199 89
-8.7692 -2.6288 3.8156 52 199 89
-9.0755 -2.4072 3.0595 52 199 89
-9.2369 -2.2456 3.1810 52 199 89
-9.5350 -2.8502 2.6336 52 199 89
-9.2575 -2.1700 -1.1048 52 199 89
-9.2282 -2.1767 3.8572 52 199 89
-8.6449 -2.7125 2.7212 52 199 89
-9.0774 -4.2844 -1.1696 52 199 89
-9.1521 -4.2762 -1.2325 52 199 89
-9.0871 -4.2867 -1.8773 52 199 89
-9.2096 -4.3188 -1.9989 52 199 89
-8.9988 -4.3095 1.1354 52 199 89
-9.0759 -4.3186 1.2133 52 199 89
-8.9224 -4.3271 1.1836 52 199 89
-8.9776 -4.3480 1.2292 52 199 89
-8.9522 -4.3492 1.2257 52 199 89
-9.0232 -4.3529 1.2929 52 199 89
-9.1628 -4.2485 -0.9841 52 199 89
-8.8942 -4.3352 1.2627 52 199 89
-8.9104 -4.3445 2.1621 52 199 89
-8.9843 -4.8316 2.7476 52 199 89
-8.8345 -4.2209 3.0360 52 199 89
-9.0867 -4.2498 -0.9910 52 199 89
-9.1798 -4.3206 -1.0140 52 199 89
-9.1118 -4.2481 -0.9502 52 199 89
-9.3441 -4.3388 -0.8142 52 199 89
-8.9696 -4.2663 3.5163 52 199 89
-9.1487 -4.4583 3.6205 52 199 89
-8.9262 -4.3402 1.1512 52 199 89
-8.7170 -4.2508 1.9282 52 199 89
-9.2512 -4.3058 -2.0982 52 199 89
-9.1781 -4.2944 3.5746 52 199 89
-9.2656 -4.3449 -1.0670 52 199 89
-9.1980 -4.2939 -1.1656 52 199 89
-9.1462 -4.3158 -2.0648 52 199 89
-9.1390 -4.2693 3.2035 52 199 89
-9.2045 -4.3281 -2.1188 52 199 89
-9.2386 -4.3262 -2.4762 52 199 89
-9.1944 -4.4648 3.6493 52 199 89
-9.1563 -4.3361 -0.8737 52 199 89
-9.1156 -4.3135 -0.9760 52 199 89
-9.2218 -4.3933 2.5389 52 199 89
-9.1502 -4.3146 -0.6738 52 199 89
-8.9699 -4.3454 1.2678 52 199 89
-9.0256 -4.2455 0.2416 52 199 89
-8.8444 -4.2312 1.1593 52 199 89
-8.9220 -4.3382 1.1958 52 199 89
-9.0319 -4.3126 1.1918 52 199 89
-9.0034 -4.3110 1.1467 52 199 89
-8.9675 -4.2725 1.1214 52 199 89
-9.2076 -4.3011 -2.0465 52 199 89
-9.2834 -4.2941 3.7329 52 199 89
-9.1850 -4.3679 3.6873 52 199 89
-9.1634 -4.3035 -1.8988 52 199 89
-9.1078 -4.2753 -1.3688 52 199 89
-9.1784 -4.3005 -2.2931 52 199 89
-9.2339 -4.2993 -1.1864 52 199 89
-9.1084 -4.2484 -0.9486 52 199 89
-8.7674 -4.3549 1.7967 52 199 89
-9.1466 -4.4353 3.6610 52 199 89
-9.2306 -4.3221 -2.0061 52 199 89
-8.5243 -4.2275 1.7334 52 199 89
-9.1526 -4.2561 -1.0309 52 199 89
-9.1777 -4.2929 3.8470 52 199 89
-8.6944 -4.3964 1.1656 52 199 89
-9.0633 -4.3312 -0.7426 52 199 89
-9.1773 -4.3170 -0.6819 52 199 89
-9.1841 -4.2787 -1.2549 52 199 89
-9.0246 -4.2698 -1.1701 52 199 89
-9.1696 -4.2859 -1.1914 52 199 89
-9.1372 -4.3168 -0.9917 52 199 89
-9.0151 -4.3039 -0.6888 52 199 89
-9.1874 -4.3199 -2.4013 52 199 89
-9.1399 -4.3091 -1.9729 52 199 89
-9.1663 -4.3061 -1.9369 52 199 89
-8.7311 -4.3185 1.9752 52 199 89
-8.7507 -4.2524 1.9276 52 199 89
-8.9270 -4.3518 2.4776 52 199 89
-9.1404 -4.3506 -0.7312 52 199 89
-9.2848 -4.2922 -2.4486 52 199 89
-8.9932 -4.3211 -0.7189 52 199 89
-9.2082 -4.2764 3.2532 52 199 89
-8.5905 -4.2978 1.9680 52 199 89
-9.0771 -4.8681 2.8832 52 199 89
-9.1550 -4.2838 -1.2633 52 199 89
-9.1110 -4.3129 -0.9763 52 199 89
-9.0759 -4.3508 1.2754 52 199 89
-8.7311 -4.2992 1.1669 52 199 89
-8.7644 -4.3153 1.2074 52 199 89
-8.9651 -4.2701 3.2396 52 199 89
-9.1803 -4.2974 -1.9688 52 199 89
-9.1660 -4.3058 -1.9365 52 199 89
-8.7423 -4.2365 2.8174 52 199 89
-8.9828 -4.2744 1.1228 52 199 89
-9.0099 -4.3134 1.1439 52 199 89
-9.3732 -4.3171 3.7692 52 199 89
-8.0224 -4.1669 1.1796 52 199 89
-9.1997 -4.3167 -2.0365 52 199 89
-9.1778 -4.2859 -2.3765 52 199 89
-9.2111 -4.4145 3.6438 52 199 89
-9.0692 -4.3557 -0.4999 52 199 89
-9.1794 -4.3822 1.3333 52 199 89
-8.8751 -4.3335 1.2245 52 199 89
-8.7526 -4.3046 1.1944 52 199 89
-9.2172 -4.2940 -1.2981 52 199 89
-9.1611 -4.3011 -1.2422 52 199 89
-9.1627 -4.3231 -0.9992 52 199 89
-9.1418 -4.2946 -2.2352 52 199 89
-9.1875 -4.3214 -2.0925 52 199 89
-9.1471 -4.3122 -1.9730 52 199 89
-9.2483 -4.3514 -1.0103 52 199 89
-9.1284 -4.2988 -0.9274 52 199 89
-9.0485 -4.3196 -0.5329 52 199 89
-8.8579 -4.3171 3.3472 52 199 89
-9.1851 -4.4210 2.7066 52 199 89
-8.7431 -4.2548 1.9870 52 199 89
-9.0528 -4.3241 3.9791 52 199 89
-8.9675 -4.7855 2.8838 52 199 89
-8.9296 -4.2930 0.9055 52 199 89
-8.8320 -4.3522 2.0580 52 199 89
-8.9461 -4.3572 2.3587 52 199 89
-9.2082 -4.5017 3.3047 52 199 89
-8.9828 -4.3485 -0.4228 52 199 89
-9.1116 -4.3631 -0.7076 52 199 89
-9.1024 -4.3315 -0.9271 52 199 89
-9.0310 -4.3023 -2.2004 52 199 89
-9.3160 -4.9939 -3.7305 52 199 89
-8.5866 -4.2692 1.9142 52 199 89
-9.6945 -4.4431 3.8902 52 199 89
-8.8319 -4.4342 1.6802 52 199 89
-9.0368 -4.3329 2.2332 52 199 89
-8.9140 -4.3943 2.5086 52 199 89
-8.8721 -4.3187 3.9075 52 199 89
-9.0865 -4.8139 3.1242 52 199 89
-8.8736 -4.7511 2.7594 52 199 89
-8.7220 -4.3387 2.1467 52 199 89
-9.2006 -4.3853 1.3890 52 199 89
-8.8963 -4.3675 0.7551 52 199 89
-9.2367 -4.3809 -0.7663 52 199 89
-9.0689 -4.8213 3.0554 52 199 89
-9.7060 -4.3466 -1.6584 52 199 89
-9.3637 -4.3108 -1.3486 52 199 89
-9.3607 -4.2968 -1.2210 52 199 89
-9.3462 -4.2469 -1.1143 52 199 89
-9.3265 -4.3058 -1.0990 52 199 89
-9.2926 -4.3338 -1.0912 52 199 89
-8.7517 -4.8325 -0.7059 52 199 89
-8.7906 -4.8546 -0.7205 52 199 89
-8.7762 -4.8617 -0.7120 52 199 89
-8.7926 -4.8405 -0.7065 52 199 89
-8.7706 -4.8592 -0.6125 52 199 89
-8.7736 -4.8363 -0.5862 52 199 89
-8.7704 -4.8535 -0.5895 52 199 89
-8.8008 -4.8497 -0.5649 52 199 89
-8.7645 -4.8529 -0.5513 52 199 89
-8.7822 -4.8492 -0.5164 52 199 89
-8.7803 -4.8521 -0.4950 52 199 89
-8.7850 -4.8375 -0.4768 52 199 89
-8.7809 -4.8374 -0.4595 52 199 89
-8.7664 -4.8463 -0.4528 52 199 89
-8.7784 -4.8438 -0.4388 52 199 89
-8.7646 -4.8417 -0.4087 52 199 89
-8.7767 -4.8601 -0.4151 52 199 89
-8.7728 -4.8525 -0.3749 52 199 89
-8.7903 -4.8117 -0.3432 52 199 89
-8.7611 -4.8383 -0.3433 52 199 89
-8.7765 -4.8188 -0.3367 52 199 89
-8.7880 -4.8441 -0.3437 52 199 89
-8.7788 -4.8125 -0.3092 52 199 89
-8.7793 -4.7998 -0.2855 52 199 89
-8.7723 -4.8024 -0.2860 52 199 89
-8.7752 -4.7961 -0.2575 52 199 89
-8.7865 -4.8040 -0.2485 52 199 89
-8.7722 -4.8115 -0.2014 52 199 89
-8.7613 -4.8141 -0.0786 52 199 89
-9.2877 -4.2636 -0.0444 52 199 89
-9.2793 -4.2443 -0.0231 52 199 89
-9.2485 -4.3197 1.0222 52 199 89
-9.2162 -4.3619 1.1189 52 199 89
-9.2122 -4.2471 1.1273 52 199 89
-8.6996 -4.8295 1.1007 52 199 89
-8.7018 -4.8089 1.1100 52 199 89
-8.7300 -4.8065 1.1354 52 199 89
-8.7161 -4.8043 1.1281 52 199 89
-8.6991 -4.8365 1.1268 52 199 89
-8.7109 -4.7896 1.1562 52 199 89
-8.7136 -4.8103 1.1583 52 199 89
-8.7266 -4.8031 1.1705 52 199 89
-8.7044 -4.7905 1.1860 52 199 89
-8.6984 -4.8164 1.1856 52 199 89
-8.6970 -4.7817 1.1756 52 199 89
-8.7248 -4.8170 1.2074 52 199 89
-8.7150 -4.7860 1.2126 52 199 89
-8.7109 -4.8165 1.2244 52 199 89
-8.7132 -4.7799 1.2517 52 199 89
-8.7078 -4.7989 1.2767 52 199 89
-8.7044 -4.8027 1.3263 52 199 89
-8.7014 -4.7836 1.3774 52 199 89
-8.7043 -4.7797 1.3990 52 199 89
-8.7049 -4.7889 1.4061 52 199 89
-9.1893 -4.3834 1.6629 52 199 89
-8.6990 -4.7792 1.4867 52 199 89
-8.6972 -4.7802 1.5160 52 199 89
-9.0843 -4.3334 3.3069 52 199 89
-9.1405 -4.3620 2.1591 52 199 89
-9.1620 -4.3275 2.1940 52 199 89
-9.1573 -4.3962 2.2433 52 199 89
-8.6890 -4.7297 1.9749 52 199 89
-8.7031 -4.7440 1.9991 52 199 89
-8.6880 -4.7659 1.9898 52 199 89
-8.6714 -4.7975 1.9820 52 199 89
-8.6597 -4.7733 1.9722 52 199 89
-9.1290 -4.3606 2.3151 52 199 89
-8.6709 -4.7920 1.9998 52 199 89
-8.6672 -4.8239 2.0058 52 199 89
-8.6734 -4.7565 2.0015 52 199 89
-8.6726 -4.7666 2.0038 52 199 89
-9.1563 -4.3662 2.3861 52 199 89
-8.6864 -4.7565 2.0255 52 199 89
-8.6575 -4.7671 1.9929 52 199 89
-8.6441 -4.7360 1.9804 52 199 89
-9.1467 -4.3646 2.3933 52 199 89
-8.6865 -4.7220 2.0447 52 199 89
-8.6708 -4.7623 2.0404 52 199 89
-9.1396 -4.3900 2.4401 52 199 89
-8.6653 -4.8125 2.0858 52 199 89
-9.1022 -4.5106 2.8724 52 199 89
-9.0758 -4.5032 2.8470 52 199 89
-9.0397 -4.4555 3.7170 52 199 89
-9.0631 -4.4469 3.6557 52 199 89
-9.0963 -4.3386 3.5428 52 199 89
-9.0922 -4.2703 3.4822 52 199 89
-9.0861 -4.4305 3.2379 52 199 89
-9.1190 -4.3816 3.2751 52 199 89
-9.1158 -4.2707 3.2275 52 199 89
-9.1140 -4.2704 3.4956 52 199 89
-9.1110 -4.2701 3.2317 52 199 89
-9.3499 -4.3239 -1.3492 52 199 89
-9.3837 -4.3173 -1.4021 52 199 89
-9.3751 -4.2882 -1.5640 52 199 89
-9.3688 -4.2758 -1.5545 52 199 89
-9.3797 -4.2866 -1.6177 52 199 89
-9.3449 -4.2663 -1.5842 52 199 89
-9.3920 -4.2754 -1.8125 52 199 89
-9.4162 -4.3100 -2.4523 52 199 89
-9.4161 -4.3055 -2.4859 52 199 89
-9.4804 -4.2643 -2.6099 52 199 89
-8.6859 -4.7355 2.0484 52 199 89
-9.4240 -4.2761 -2.9121 52 199 89
-9.2471 -4.3853 0.2580 52 199 89
-8.7214 -4.8018 1.1309 52 199 89
-8.7097 -4.7883 1.3871 52 199 89
-8.7114 -4.7827 1.4057 52 199 89
-8.6989 -4.7796 1.6159 52 199 89
-9.1659 -4.3275 2.1944 52 199 89
-9.1357 -4.3619 2.1949 52 199 89
-8.6751 -4.8182 1.9872 52 199 89
-9.1477 -4.3656 2.4249 52 199 89
-8.6684 -4.8237 2.0910 52 199 89
-9.3714 -4.2774 -1.5538 52 199 89
-8.7707 -4.8517 -0.5988 52 199 89
-8.7898 -4.8465 -0.5903 52 199 89
-8.7671 -4.8458 -0.4615 52 199 89
-8.7828 -4.8145 -0.3296 52 199 89
-8.7813 -4.8139 -0.3035 52 199 89
-8.7815 -4.8073 -0.2894 52 199 89
-8.7773 -4.8188 -0.2524 52 199 89
-8.7123 -4.7766 1.3624 52 199 89
-9.1638 -4.3791 1.6399 52 199 89
-8.7064 -4.7827 1.4879 52 199 89
-8.7041 -4.7839 1.5232 52 199 89
-9.1574 -4.4054 1.9021 52 199 89
-9.1562 -4.3960 2.2402 52 199 89
-8.6741 -4.7692 2.0793 52 199 89
-8.6813 -4.7285 1.9604 52 199 89
-8.6982 -4.7435 1.9887 52 199 89
-8.6976 -4.7537 1.9912 52 199 89
-8.6776 -4.7666 2.0522 52 199 89
-8.6627 -4.7750 1.9729 52 199 89
-8.6765 -4.7997 1.9952 52 199 89
-8.6747 -4.8267 2.0075 52 199 89
-9.4828 -4.2912 -3.0255 52 199 89
-9.4539 -4.2941 -2.5477 52 199 89
-9.4492 -4.3105 -2.5280 52 199 89
-9.4333 -4.3017 -2.3959 52 199 89
-9.3806 -4.2735 -1.8066 52 199 89
-9.0617 -4.3333 3.6701 52 199 89
-9.3532 -4.2928 -1.2927 52 199 89
-9.3108 -4.3459 -1.0471 52 199 89
-8.7979 -4.8523 -0.7379 52 199 89
-8.7999 -4.8602 -0.7344 52 199 89
-8.7979 -4.8433 -0.7093 52 199 89
-8.7755 -4.8606 -0.7060 52 199 89
-8.7782 -4.8235 -0.6903 52 199 89
-8.7936 -4.8572 -0.6854 52 199 89
-8.7710 -4.8586 -0.6264 52 199 89
-8.8015 -4.8763 -0.6339 52 199 89
-8.7867 -4.8361 -0.5091 52 199 89
-8.7811 -4.8449 -0.4450 52 199 89
-8.7625 -4.8527 -0.4106 52 199 89
-8.7552 -4.8490 -0.3952 52 199 89
-9.0703 -4.3860 3.6281 52 199 89
-9.3121 -4.3341 -0.3983 52 199 89
-9.0770 -4.3872 3.6193 52 199 89
-8.7823 -4.8010 -0.2883 52 199 89
-8.7808 -4.8004 -0.2624 52 199 89
-8.7748 -4.8134 -0.1999 52 199 89
-8.7707 -4.8138 -0.1356 52 199 89
-9.2931 -4.2602 0.0399 52 199 89
-9.2533 -4.2822 1.0225 52 199 89
-9.1206 -4.3823 3.3435 52 199 89
-9.1011 -4.3358 3.1818 52 199 89
-8.7206 -4.8298 1.1273 52 199 89
-8.7061 -4.8192 1.1843 52 199 89
-8.7194 -4.7794 1.2013 52 199 89
-8.7209 -4.7845 1.2089 52 199 89
-8.7164 -4.7868 1.2168 52 199 89
-9.0849 -4.4102 2.9262 52 199 89
-8.7005 -4.8016 1.2230 52 199 89
-8.7331 -4.7874 1.2717 52 199 89
-8.7145 -4.8032 1.2817 52 199 89
-8.7113 -4.8062 1.3295 52 199 89
-9.4062 -4.3094 -2.0782 52 199 89
-9.4262 -4.3186 -2.6482 52 199 89
-8.7031 -4.8263 1.0859 52 199 89
-9.2854 -4.3663 -1.0487 52 199 89
-9.1033 -4.3931 3.2731 52 199 89
-8.8186 -4.8090 -0.6419 52 199 89
-8.7725 -4.8229 -0.2909 52 199 89
-8.7199 -4.8295 1.1393 52 199 89
-8.7741 -4.7997 -0.2561 52 199 89
-8.7753 -4.8164 -0.2518 52 199 89
-8.7195 -4.8425 1.1450 52 199 89
-8.7007 -4.7902 1.1823 52 199 89
-8.7170 -4.8255 1.1969 52 199 89
-8.7213 -4.7808 1.2087 52 199 89
-8.6967 -4.8090 1.2118 52 199 89
-9.2232 -4.3645 1.2180 52 199 89
-8.7037 -4.8017 1.1118 52 199 89
-8.6997 -4.8075 1.1177 52 199 89
-9.0669 -4.3122 3.7588 52 199 89
-8.6796 -4.8218 1.9579 52 199 89
-8.6805 -4.7364 1.9752 52 199 89
-8.6651 -4.8206 2.0935 52 199 89
-8.7753 -4.8108 -0.3044 52 199 89
-8.7760 -4.8191 -0.3369 52 199 89
-8.7815 -4.8083 -0.3282 52 199 89
-8.7740 -4.8369 -0.3555 52 199 89
-8.7618 -4.8505 -0.4006 52 199 89
-8.7740 -4.8421 -0.4414 52 199 89
-8.7670 -4.8528 -0.4779 52 199 89
-8.7808 -4.8480 -0.4987 52 199 89
-8.7811 -4.8617 -0.5487 52 199 89
-8.7645 -4.8463 -0.5866 52 199 89
-8.7872 -4.8454 -0.5932 52 199 89
-8.7861 -4.8666 -0.6450 52 199 89
-8.7904 -4.8550 -0.6746 52 199 89
-8.7693 -4.8566 -0.6989 52 199 89
-8.7951 -4.8408 -0.7037 52 199 89
-9.3817 -4.2788 -1.5646 52 199 89
-9.4124 -4.2931 -1.6217 52 199 89
-9.4608 -4.2936 -3.0549 52 199 89
-9.3481 -4.3506 -1.0755 52 199 89
-8.6770 -4.8004 1.9983 52 199 89
-8.8214 -4.8271 -0.7960 52 199 89
-9.0834 -4.3115 3.9569 52 199 89
-9.0958 -4.3780 3.1514 52 199 89
-8.7903 -4.8492 -0.7276 52 199 89
-9.0636 -4.4497 3.6799 52 199 89
-9.1122 -4.3170 3.5974 52 199 89
-8.7987 -4.8073 -0.6649 52 199 89
-8.7979 -4.7989 -0.6314 52 199 89
-9.0839 -4.3761 3.2154 52 199 89
-8.6779 -4.7404 2.0167 52 199 89
-8.7022 -4.7830 1.5203 52 199 89
-8.7040 -4.7812 1.4921 52 199 89
-8.7672 -4.8264 -0.4982 52 199 89
-8.7096 -4.7759 1.4070 52 199 89
-8.6719 -4.8236 2.0437 52 199 89
-9.2912 -4.3332 -0.3818 52 199 89
-9.3479 -4.3420 -1.1093 52 199 89
-9.3363 -4.3064 -1.2273 52 199 89
-8.6804 -4.7640 1.9906 52 199 89
-9.3984 -4.3059 -2.0488 52 199 89
-9.4467 -4.2807 -2.9528 52 199 89
-9.4334 -4.3065 -2.9624 52 199 89
-8.6725 -4.7806 2.0670 52 199 89
-9.0647 -4.3737 3.5167 52 199 89
-9.2835 -4.3438 -0.5966 52 199 89
-9.1798 -4.3865 2.0815 52 199 89
-9.0428 -4.5073 3.9205 52 199 89
-8.7206 -4.7829 1.0974 52 199 89
-8.8002 -4.8106 -0.6974 52 199 89
-9.3654 -4.3378 -1.3489 52 199 89
-9.4322 -4.2943 -2.6514 52 199 89
-8.7353 -4.8073 0.8829 52 199 89
-9.4035 -4.3141 -2.4302 52 199 89
-9.3850 -4.3117 -1.2600 52 199 89
-8.7757 -4.8302 -0.6893 52 199 89
-8.7730 -4.8583 -0.6496 52 199 89
-8.7731 -4.8390 -0.5890 52 199 89
-8.7670 -4.8457 -0.5979 52 199 89
-8.7671 -4.8524 -0.5350 52 199 89
-8.7911 -4.8366 -0.5282 52 199 89
-8.7655 -4.8421 -0.4767 52 199 89
-8.7638 -4.8510 -0.4783 52 199 89
-8.7671 -4.8267 -0.4552 52 199 89
-8.7596 -4.8491 -0.4030 52 199 89
-8.7596 -4.8299 -0.3439 52 199 89
-8.7883 -4.8099 -0.3265 52 199 89
-8.7542 -4.8145 -0.2940 52 199 89
-8.7820 -4.8201 -0.2532 52 199 89
-8.7481 -4.8090 -0.1014 52 199 89
-9.2400 -4.3517 1.1066 52 199 89
-8.7313 -4.8175 1.1433 52 199 89
-8.7084 -4.8234 1.1392 52 199 89
-8.7087 -4.7956 1.1894 52 199 89
-8.7057 -4.8036 1.2241 52 199 89
-8.6954 -4.7805 1.3814 52 199 89
-8.6866 -4.7740 1.5919 52 199 89
-9.0602 -4.4496 3.7938 52 199 89
-9.0692 -4.4512 3.6920 52 199 89
-8.6912 -4.7396 1.9909 52 199 89
-8.6659 -4.7594 2.0097 52 199 89
-8.6693 -4.7192 2.0309 52 199 89
-9.0986 -4.3792 3.2176 52 199 89
-9.1066 -4.3806 3.2097 52 199 89
-9.1224 -4.3381 3.0942 52 199 89
-9.0810 -4.4435 3.4306 52 199 89
-8.6645 -4.7949 1.9848 52 199 89
-9.0720 -4.3850 3.6493 52 199 89
-9.0519 -4.5059 3.7829 52 199 89
-9.4105 -4.3074 -2.0699 52 199 89
-9.0462 -4.5045 3.7923 52 199 89
-9.1384 -4.3816 2.2302 52 199 89
-9.4074 -4.2862 -1.8983 52 199 89
-9.3633 -4.3375 -1.3456 52 199 89
-9.3493 -4.2920 -1.2880 52 199 89
-8.8113 -4.8519 -0.8970 52 199 89
-8.6914 -4.7760 1.5088 52 199 89
-8.8105 -4.8222 -0.7934 52 199 89
-8.7741 -4.8683 -0.7923 52 199 89
-8.6991 -4.8069 1.3265 52 199 89
-8.8041 -4.8002 -0.6351 52 199 89
-8.7128 -4.7787 1.0925 52 199 89
-9.1860 -4.3002 0.7803 52 199 89
-9.1965 -4.3827 0.5127 52 199 89
-9.0569 -4.3105 3.9318 52 199 89
-9.1120 -4.3199 3.8533 52 199 89
-9.0428 -4.5033 3.7577 52 199 89
-9.0782 -4.3871 3.6690 52 199 89
-9.0788 -4.4484 3.5502 52 199 89
-9.1275 -4.4173 2.5728 52 199 89
-9.1175 -4.4590 2.4417 52 199 89
-8.6885 -4.7457 2.0317 52 199 89
-8.6631 -4.7608 1.9984 52 199 89
-9.0110 -4.8520 2.3476 52 199 89
-8.6859 -4.8250 1.9693 52 199 89
-9.1447 -4.3616 1.8971 52 199 89
-8.6828 -4.7725 1.5952 52 199 89
-8.7150 -4.7895 1.5409 52 199 89
-9.1715 -4.3846 1.7282 52 199 89
-8.6910 -4.7794 1.3833 52 199 89
-8.7209 -4.7844 1.3846 52 199 89
-8.6922 -4.7909 1.3439 52 199 89
-8.6921 -4.8019 1.3246 52 199 89
-8.7010 -4.7984 1.1816 52 199 89
-8.6980 -4.8305 1.1625 52 199 89
-8.7114 -4.8403 0.9135 52 199 89
-9.2365 -4.3534 0.6646 52 199 89
-9.2316 -4.4051 0.4594 52 199 89
-8.7726 -4.8135 -0.1863 52 199 89
-8.7765 -4.8152 -0.2534 52 199 89
-8.7699 -4.8466 -0.3358 52 199 89
-8.7775 -4.8582 -0.3956 52 199 89
-8.7762 -4.8572 -0.4731 52 199 89
-8.7854 -4.8383 -0.4601 52 199 89
-8.7921 -4.8490 -0.5990 52 199 89
-8.7672 -4.7960 -0.6550 52 199 89
-8.7637 -4.8561 -0.6811 52 199 89
-9.3086 -4.3662 -0.8064 52 199 89
-9.3248 -4.3140 -0.8959 52 199 89
-8.7920 -4.8761 -0.7978 52 199 89
-8.8081 -4.8248 -0.7784 52 199 89
-9.4389 -4.3203 -2.4611 52 199 89
-9.0772 -4.5159 3.8758 52 199 89
-9.0863 -4.4519 3.3089 52 199 89
-9.1075 -4.3858 3.2372 52 199 89
-9.1236 -4.3882 3.0604 52 199 89
-9.1064 -4.3628 2.3135 52 199 89
-8.6899 -4.7756 1.6081 52 199 89
-8.6986 -4.7834 1.3767 52 199 89
-8.6990 -4.8057 1.3299 52 199 89
-8.7065 -4.7779 1.2544 52 199 89
-8.7066 -4.8269 1.1586 52 199 89
-8.7088 -4.8100 1.1579 52 199 89
-8.7181 -4.8411 0.9339 52 199 89
-8.7782 -4.8166 -0.1829 52 199 89
-9.2995 -4.3632 -0.2495 52 199 89
-9.2787 -4.3360 -0.2873 52 199 89
-8.7855 -4.8243 -0.3187 52 199 89
-8.7514 -4.8467 -0.4497 52 199 89
-8.7889 -4.8538 -0.4599 52 199 89
-8.7913 -4.8408 -0.4575 52 199 89
-8.7615 -4.8374 -0.5825 52 199 89
-8.7628 -4.8565 -0.6676 52 199 89
-8.7975 -4.8431 -0.6890 52 199 89
-8.8054 -4.8277 -0.7688 52 199 89
-9.3507 -4.3543 -0.9695 52 199 89
-8.8078 -4.8523 -0.8857 52 199 89
-9.3441 -4.3481 -1.0750 52 199 89
-9.0578 -4.4525 3.4412 52 199 89
-9.1276 -4.4590 3.3637 52 199 89
-9.0990 -4.3821 3.2140 52 199 89
-8.6848 -4.8216 1.9591 52 199 89
-8.6697 -4.7680 1.5695 52 199 89
-8.7165 -4.7924 1.3837 52 199 89
-8.7176 -4.8143 1.3263 52 199 89
-8.7243 -4.7850 1.2647 52 199 89
-8.7326 -4.8213 1.1656 52 199 89
-9.2241 -4.4050 1.0481 52 199 89
-8.8079 -4.8253 -0.2820 52 199 89
-8.7599 -4.8440 -0.3104 52 199 89
-8.7653 -4.8576 -0.4420 52 199 89
-8.8114 -4.8665 -0.4542 52 199 89
-9.0337 -4.8436 -0.5353 52 199 89
-8.8200 -4.7405 -0.5886 52 199 89
-8.7706 -4.8595 -0.6841 52 199 89
-8.8199 -4.8526 -0.6993 52 199 89
-8.8338 -4.8418 -0.7906 52 199 89
-9.0031 -4.4449 3.6106 52 199 89
-9.1516 -4.4163 2.3710 52 199 89
-9.1683 -4.3851 1.9973 52 199 89
-8.6977 -4.7836 1.6208 52 199 89
-8.7118 -4.7896 1.3765 52 199 89
-8.7186 -4.7861 1.2701 52 199 89
-8.7220 -4.8134 1.1647 52 199 89
-8.6768 -4.8189 0.9022 52 199 89
-8.7376 -4.8072 -0.0814 52 199 89
-8.7362 -4.8321 -0.2916 52 199 89
-8.8009 -4.8474 -0.3243 52 199 89
-8.7941 -4.8574 -0.4221 52 199 89
-8.8055 -4.8624 -0.6218 52 199 89
-8.8076 -4.8770 -0.7049 52 199 89
-9.5495 -5.3000 2.9465 52 199 89
-9.5455 -5.2539 2.8772 52 199 89
-9.6902 -5.5280 -1.2388 52 199 89
-9.6868 -5.5317 -1.0297 52 199 89
-9.6965 -5.5111 -0.8138 52 199 89
-9.7069 -5.4794 -0.6447 52 199 89
-9.6601 -5.4626 -0.3235 52 199 89
-9.6103 -5.4308 1.5438 52 199 89
-9.5507 -5.4266 1.5900 52 199 89
-9.6089 -5.4272 1.6496 52 199 89
-9.5793 -5.4282 1.6349 52 199 89
-9.5783 -5.3785 1.6374 52 199 89
-9.5785 -5.3868 1.6395 52 199 89
-9.6475 -5.4704 1.7184 52 199 89
-9.6170 -5.2959 1.7568 52 199 89
-9.5850 -5.4314 1.8132 52 199 89
-9.5908 -5.3881 1.8878 52 199 89
-9.6454 -5.3144 1.9449 52 199 89
-9.5226 -5.2872 2.7542 52 199 89
-9.5230 -5.4385 2.8294 52 199 89
-9.5506 -5.2955 2.8134 52 199 89
-9.5252 -5.2602 2.8384 52 199 89
-9.5844 -5.2934 2.9111 52 199 89
-9.6374 -5.4254 1.1455 52 199 89
-9.5917 -5.4105 1.8643 52 199 89
-9.7369 -5.5010 -1.2633 52 199 89
-9.5440 -5.4553 2.9603 52 199 89
-9.7496 -5.4557 -1.1546 52 199 89
-9.5791 -5.2985 2.8565 52 199 89
-9.5287 -5.4285 2.9342 52 199 89
-10.0552 -5.3581 3.9120 52 199 89
-9.5384 -5.4060 2.9484 52 199 89
-9.6625 -5.4929 -1.2815 52 199 89
-9.7323 -5.4551 -1.2191 52 199 89
-9.7100 -5.4554 -1.3843 52 199 89
-9.6374 -5.4730 1.8776 52 199 89
-9.5449 -5.4394 2.9703 52 199 89
-9.7105 -5.5257 -0.7996 52 199 89
-9.6724 -5.5016 -0.7077 52 199 89
-9.7249 -5.4850 -0.6923 52 199 89
-9.6733 -5.4609 -0.6268 52 199 89
-9.6813 -5.4653 -0.3355 52 199 89
-9.6025 -5.4903 1.5304 52 199 89
-9.6028 -5.4368 1.5371 52 199 89
-9.5536 -5.4041 1.5593 52 199 89
-9.5661 -5.4205 1.6249 52 199 89
-9.6380 -5.4654 1.6720 52 199 89
-9.6011 -5.4557 1.6879 52 199 89
-9.6340 -5.2792 1.7026 52 199 89
-9.6122 -5.2984 1.7983 52 199 89
-9.5726 -5.4111 1.8339 52 199 89
-9.6101 -5.2878 1.8662 52 199 89
-9.6473 -5.3148 1.9324 52 199 89
-9.5976 -5.4171 1.9506 52 199 89
-9.5361 -5.4468 2.8020 52 199 89
-9.5421 -5.4569 3.0011 52 199 89
-9.5252 -5.2785 2.8267 52 199 89
-9.5681 -5.2896 2.9482 52 199 89
-9.5483 -5.3025 2.9240 52 199 89
-9.5610 -5.2923 2.9161 52 199 89
-9.6633 -5.4964 -0.9601 52 199 89
-9.7124 -5.5234 -0.9161 52 199 89
-10.0903 -5.4806 1.2661 52 199 89
-9.6260 -5.4187 1.1453 52 199 89
-9.6820 -5.4687 1.1827 52 199 89
-9.6497 -5.4216 1.5087 52 199 89
-9.6424 -5.4172 1.5288 52 199 89
-9.6014 -5.4660 1.6537 52 199 89
-9.5642 -5.3739 1.7023 52 199 89
-9.7247 -5.4642 -1.3925 52 199 89
-9.7457 -5.4637 -1.2188 52 199 89
-9.6608 -5.4811 -0.7297 52 199 89
-9.5733 -5.3432 2.9069 52 199 89
-9.5469 -5.2800 2.8072 52 199 89
-9.6809 -5.4754 -0.3361 52 199 89
-9.7751 -5.4799 -1.2557 52 199 89
-9.5346 -5.4328 2.9556 52 199 89
-9.6893 -5.5461 -1.3973 52 199 89
-9.6628 -5.4757 -1.5121 52 199 89
-9.6942 -5.5369 -0.8403 52 199 89
-9.7097 -5.5249 -0.7162 52 199 89
-9.6175 -5.4904 1.5075 52 199 89
-9.6168 -5.4982 1.5537 52 199 89
-9.5739 -5.4346 1.5631 52 199 89
-9.6311 -5.3036 1.7777 52 199 89
-9.6247 -5.4419 1.8891 52 199 89
-9.6171 -5.3003 1.9101 52 199 89
-9.5755 -5.3920 2.2799 52 199 89
-9.5402 -5.2867 2.8053 52 199 89
-9.5371 -5.4421 3.0342 52 199 89
-9.5303 -5.2927 2.9141 52 199 89
-9.5357 -5.3637 2.8891 52 199 89
-9.5288 -5.2733 2.8827 52 199 89
-9.7769 -5.5645 -1.3377 52 199 89
-9.5939 -5.4894 1.4015 52 199 89
-10.0522 -5.3579 3.9050 52 199 89
-9.6915 -5.4936 -1.5331 52 199 89
-9.7053 -5.4848 -1.2969 52 199 89
-9.7181 -5.4257 -0.9119 52 199 89
-9.6697 -5.4788 -0.8802 52 199 89
-9.6274 -5.3839 0.8052 52 199 89
-9.5735 -5.4823 1.5520 52 199 89
-9.6096 -5.4170 1.6224 52 199 89
-9.5227 -5.2772 2.7843 52 199 89
-9.8119 -5.4000 3.1305 52 199 89
-9.4991 -5.4151 2.9511 52 199 89
-9.6969 -5.5383 -1.2520 52 199 89
-9.7231 -5.5325 -1.2044 52 199 89
-9.6727 -5.5048 -0.7094 52 199 89
-9.7170 -5.4534 -0.5777 52 199 89
-9.7899 -5.4610 -1.4749 52 199 89
-9.5140 -5.2993 2.7737 52 199 89
-9.6214 -5.3810 0.8014 52 199 89
-9.9932 -5.3651 3.6992 52 199 89
-9.5977 -5.4921 1.4081 52 199 89
-9.5038 -5.4188 2.9756 52 199 89
-9.5568 -5.3081 2.9454 52 199 89
-9.7846 -5.3894 3.1915 52 199 89
-9.6240 -5.4092 1.7390 52 199 89
-9.6256 -5.4274 1.6487 52 199 89
-9.5647 -5.4525 1.5614 52 199 89
-9.6097 -5.4473 1.5661 52 199 89
-9.6712 -5.4106 0.8179 52 199 89
-9.7517 -5.4813 -0.6962 52 199 89
-9.6905 -5.3974 -0.8306 52 199 89
-9.6636 -5.5000 -0.8861 52 199 89
-9.6641 -5.5123 -0.9869 52 199 89
-9.7612 -5.4564 -1.1667 52 199 89
-9.7341 -5.5140 -1.2502 52 199 89
-9.7383 -5.5226 -1.5576 52 199 89
-10.1220 -5.3961 3.9934 52 199 89
-10.0753 -5.4000 3.8241 52 199 89
-9.4733 -5.3996 2.9452 52 199 89
-9.5789 -5.3419 2.8780 52 199 89
-9.6161 -5.3204 2.9146 52 199 89
-10.3966 -4.8025 3.2983 52 199 89
-9.5751 -5.4209 1.9136 52 199 89
-9.5773 -5.4359 1.7305 52 199 89
-9.5783 -5.4024 1.6098 52 199 89
-9.5796 -5.3896 1.4948 52 199 89
-9.6580 -5.4587 -0.3055 52 199 89
-9.7400 -5.5608 -0.8151 52 199 89
-9.7475 -5.4483 -0.8815 52 199 89
-10.0089 -5.3654 3.7481 52 199 89
-9.5599 -5.4325 1.7164 52 199 89
-9.6512 -5.4395 1.6276 52 199 89
-9.5424 -5.4552 1.1968 52 199 89
-9.6232 -5.4409 -0.3212 52 199 89
-9.6566 -5.3042 2.0538 52 199 89
-9.6308 -5.3008 1.8470 52 199 89
-9.6368 -5.3040 1.4711 52 199 89
-9.7507 -5.4911 -0.5608 52 199 89
-10.0619 -5.4814 -0.6681 52 199 89
-9.7565 -5.4630 -0.8497 52 199 89
-9.8814 -5.5925 -1.2813 52 199 89
-9.0080 -4.3343 0.7254 52 199 89
-8.8728 -4.3710 3.9370 52 199 89
-8.8379 -4.3699 3.8109 52 199 89
-8.8713 -4.3701 3.8642 52 199 89
-8.8904 -4.2810 3.8229 52 199 89
-8.8841 -4.2948 3.7405 52 199 89
-8.8078 -4.3685 3.5699 52 199 89
-8.8648 -4.3582 3.6144 52 199 89
-8.8540 -4.3838 3.5634 52 199 89
-9.0731 -4.2834 1.3673 52 199 89
-8.9065 -4.3875 3.6098 52 199 89
-8.9905 -4.3464 3.5587 52 199 89
-8.8526 -4.2942 3.1884 52 199 89
-8.9423 -4.3364 3.3399 52 199 89
-8.8005 -4.3105 2.9726 52 199 89
-8.8930 -4.3285 2.9010 52 199 89
-8.7541 -4.2820 2.1622 52 199 89
-8.6831 -4.3049 2.0418 52 199 89
-8.7674 -4.2825 2.1383 52 199 89
-9.0023 -4.3325 0.6954 52 199 89
-9.8508 -5.1221 -3.4557 52 199 89
-8.8764 -4.3267 3.8241 52 199 89
-8.8768 -4.3694 3.8529 52 199 89
-8.8647 -4.2927 3.8457 52 199 89
-9.0569 -4.3755 3.8068 52 199 89
-8.6510 -4.3124 1.8211 52 199 89
-8.6747 -4.3141 1.8137 52 199 89
-8.6534 -4.3125 1.7580 52 199 89
-8.7608 -4.3502 1.7267 52 199 89
-8.9093 -4.3732 2.8100 52 199 89
-9.2763 -4.2955 1.8115 52 199 89
-8.9725 -4.3698 1.8227 52 199 89
-9.9753 -5.1884 -3.2812 52 199 89
-9.4552 -5.3848 -3.9747 52 199 89
-8.7643 -4.3478 3.9266 52 199 89
-8.8698 -4.3109 3.9658 52 199 89
-8.8633 -4.3726 3.8900 52 199 89
-8.8489 -4.2923 3.7986 52 199 89
-8.8671 -4.3269 3.7998 52 199 89
-8.8697 -4.2939 3.7071 52 199 89
-8.8389 -4.3714 3.6682 52 199 89
-8.8818 -4.3278 3.7386 52 199 89
-8.8962 -4.3760 3.7752 52 199 89
-8.9067 -4.3851 3.6938 52 199 89
-8.8952 -4.2942 3.5807 52 199 89
-8.8663 -4.3821 3.5143 52 199 89
-9.0312 -4.3725 3.8895 52 199 89
-8.8766 -4.3312 3.4690 52 199 89
-8.7647 -4.3277 3.0091 52 199 89
-8.8804 -4.3164 3.2608 52 199 89
-8.8061 -4.2928 3.0812 52 199 89
-8.8604 -4.3267 3.1916 52 199 89
-8.8674 -4.3141 3.1494 52 199 89
-8.8423 -4.3198 2.7773 52 199 89
-8.8111 -4.3213 2.6057 52 199 89
-8.9416 -4.6157 1.9288 52 199 89
-9.2811 -4.3049 3.0237 52 199 89
-8.5560 -4.2743 1.8159 52 199 89
-8.9706 -4.6033 2.0333 52 199 89
-8.8120 -4.3203 2.1306 52 199 89
-8.6713 -4.3138 1.8531 52 199 89
-8.9532 -4.3300 2.1368 52 199 89
-8.9968 -4.3337 0.7182 52 199 89
-9.5824 -5.3942 -3.6975 52 199 89
-9.5507 -5.3945 -3.8120 52 199 89
-9.5607 -5.0175 -3.8982 52 199 89
-8.8232 -4.3787 3.3521 52 199 89
-10.0790 -5.4183 -2.9432 52 199 89
-9.0191 -4.3062 0.6915 52 199 89
-10.0007 -5.1986 -3.3200 52 199 89
-8.8397 -4.3091 3.8817 52 199 89
-8.8362 -4.3700 3.8188 52 199 89
-8.7424 -4.3600 3.5428 52 199 89
-8.8995 -4.3382 3.8193 52 199 89
-8.8897 -4.3765 3.7475 52 199 89
-8.8185 -4.3680 3.5045 52 199 89
-8.8536 -4.3688 3.5343 52 199 89
-8.8857 -4.3847 3.5697 52 199 89
-9.0619 -4.3442 3.9127 52 199 89
-8.9109 -4.3349 3.4416 52 199 89
-8.8545 -4.3251 3.2132 52 199 89
-8.9572 -4.3205 3.4383 52 199 89
-8.8849 -4.3140 3.1903 52 199 89
-8.9392 -4.3289 3.0788 52 199 89
-8.7388 -4.3150 2.6488 52 199 89
-8.9819 -4.3298 3.0621 52 199 89
-8.8988 -4.3259 2.7660 52 199 89
-8.5426 -4.3004 1.9846 52 199 89
-8.6512 -4.3031 1.9845 52 199 89
-8.6327 -4.2897 1.8893 52 199 89
-8.7135 -4.3136 1.9730 52 199 89
-8.8266 -4.3250 2.0098 52 199 89
-8.8739 -4.3246 2.0284 52 199 89
-8.9389 -4.3311 2.0191 52 199 89
-8.9536 -4.5998 2.0169 52 199 89
-8.9481 -4.6177 1.9404 52 199 89
-8.9675 -4.3691 1.8025 52 199 89
-9.1489 -4.3388 1.6417 52 199 89
-8.7676 -4.3252 0.9779 52 199 89
-8.9039 -4.3296 0.7972 52 199 89
-8.8834 -4.3243 0.6653 52 199 89
-9.0282 -4.3350 0.7069 52 199 89
-9.0588 -4.3080 0.7039 52 199 89
-9.0615 -4.3311 0.4243 52 199 89
-10.1097 -5.4778 -3.2733 52 199 89
-9.6846 -5.3855 -3.4704 52 199 89
-9.5398 -5.3882 -3.7873 52 199 89
-9.5330 -5.0065 -3.8482 52 199 89
-8.7099 -4.3299 3.7149 52 199 89
-8.9011 -4.2992 3.9902 52 199 89
-8.8677 -4.3746 3.9209 52 199 89
-8.8862 -4.3357 3.8286 52 199 89
-8.8359 -4.3710 3.5950 52 199 89
-8.8943 -4.3335 3.6739 52 199 89
-8.8403 -4.3781 3.5253 52 199 89
-8.8833 -4.3599 3.5319 52 199 89
-8.8353 -4.3268 3.3989 52 199 89
-8.9667 -4.3363 3.5333 52 199 89
-9.0857 -4.3528 3.7778 52 199 89
-8.8664 -4.3356 3.2494 52 199 89
-8.8773 -4.3275 3.2692 52 199 89
-8.7672 -4.3185 2.9518 52 199 89
-8.9035 -4.3152 3.2335 52 199 89
-8.7986 -4.3184 2.7752 52 199 89
-8.8425 -4.3510 2.7406 52 199 89
-8.9486 -4.3751 2.9202 52 199 89
-8.5851 -4.3035 2.0567 52 199 89
-8.7302 -4.3074 2.1048 52 199 89
-8.6645 -4.3124 1.7741 52 199 89
-8.6896 -4.3123 1.7721 52 199 89
-8.7568 -4.3190 1.7882 52 199 89
-9.2090 -4.3426 1.6870 52 199 89
-10.0674 -5.4573 -3.2404 52 199 89
-9.6846 -5.3855 -3.4704 52 199 89
-9.5878 -5.4016 -3.7306 52 199 89
-9.4997 -5.3731 -3.8667 52 199 89
-9.5747 -5.0247 -3.9298 52 199 89
-9.4507 -5.3811 -3.9500 52 199 89
-8.8804 -4.3606 3.9230 52 199 89
-8.8390 -4.3327 3.6944 52 199 89
-8.8862 -4.3748 3.8074 52 199 89
-8.8135 -4.3696 3.5363 52 199 89
-8.9274 -4.3677 3.7642 52 199 89
-8.9225 -4.3785 3.7045 52 199 89
-9.0310 -4.3413 3.7930 52 199 89
-8.8641 -4.3157 3.3901 52 199 89
-8.9138 -4.3382 3.4479 52 199 89
-8.9102 -4.3399 3.3538 52 199 89
-8.8237 -4.3234 3.1512 52 199 89
-8.9164 -4.3190 3.3546 52 199 89
-8.8295 -4.3240 3.0974 52 199 89
-8.6914 -4.3512 2.6335 52 199 89
-8.9286 -4.3278 2.9585 52 199 89
-8.8994 -4.3699 2.8160 52 199 89
-9.2678 -4.3512 3.4517 52 199 89
-8.8040 -4.3190 2.5497 52 199 89
-8.7085 -4.3155 1.7817 52 199 89
-8.9452 -4.6137 1.9432 52 199 89
-9.0394 -4.6740 1.9397 52 199 89
-9.3222 -4.3519 1.7997 52 199 89
-9.8464 -5.1223 -3.4435 52 199 89
-9.7010 -5.3948 -3.4957 52 199 89
-9.5159 -5.3603 -3.5767 52 199 89
-9.5725 -5.0250 -3.9093 52 199 89
-8.8180 -4.3360 3.6058 52 199 89
-8.7561 -4.3639 3.3892 52 199 89
-8.9943 -4.4024 3.9850 52 199 89
-8.9183 -4.3662 3.7328 52 199 89
-8.9168 -4.3762 3.6926 52 199 89
-8.9311 -4.3913 3.6061 52 199 89
-8.9859 -4.3383 3.6795 52 199 89
-8.7534 -4.3570 2.5599 52 199 89
-8.9497 -4.6149 1.9451 52 199 89
-8.8207 -4.3256 0.7789 52 199 89
-8.8769 -4.3755 3.8916 52 199 89
-8.9188 -4.3796 3.9274 52 199 89
-8.9331 -4.3935 3.8427 52 199 89
-8.9565 -4.3919 3.8206 52 199 89
-8.9942 -4.4004 3.7545 52 199 89
-8.8601 -4.3279 0.7941 52 199 89
-9.7286 -5.4114 -3.5410 52 199 89
-8.8629 -4.3732 3.7694 52 199 89
-9.0646 -4.2854 3.9852 52 199 89
-9.0815 -4.2846 3.9799 52 199 89
-9.0919 -4.2891 3.9962 52 199 89
-9.0841 -4.3346 3.9562 52 199 89
-9.0845 -4.2830 3.6306 52 199 89
-9.0606 -4.3399 3.6014 52 199 89
-9.0688 -4.2824 3.5277 52 199 89
-9.1838 -4.2647 3.6190 52 199 89
-9.1020 -4.2782 3.4291 52 199 89
-9.1181 -4.2644 3.3748 52 199 89
-9.0668 -4.2622 3.2565 52 199 89
-9.0722 -4.2777 3.2641 52 199 89
-9.0988 -4.2640 3.2957 52 199 89
-9.0076 -4.2763 2.9840 52 199 89
-8.9763 -4.2745 2.6883 52 199 89
-9.0007 -4.2773 2.6260 52 199 89
-9.0649 -4.2823 2.6942 52 199 89
-9.0250 -4.2739 2.5693 52 199 89
-9.0139 -4.2689 2.2388 52 199 89
-9.0548 -4.3234 2.2798 52 199 89
-9.0496 -4.3206 2.0739 52 199 89
-8.9646 -4.2818 1.9196 52 199 89
-9.0234 -4.2825 1.9456 52 199 89
-8.9657 -4.2815 1.7416 52 199 89
-8.9638 -4.2687 1.6669 52 199 89
-9.0175 -4.3189 1.7143 52 199 89
-9.2720 -4.6046 2.0550 52 199 89
-9.0131 -4.3199 1.5896 52 199 89
-10.2341 -4.9391 2.8767 52 199 89
-10.4046 -5.0866 3.0659 52 199 89
-10.2023 -4.9260 2.8107 52 199 89
-10.4312 -5.1000 3.0803 52 199 89
-10.3261 -5.0477 2.9597 52 199 89
-10.4461 -5.1551 3.0894 52 199 89
-10.2562 -5.0199 2.8719 52 199 89
-10.4004 -5.1605 2.9982 52 199 89
-10.1653 -5.0652 2.7397 52 199 89
-10.2109 -4.9866 2.7593 52 199 89
-10.3251 -4.9780 2.8715 52 199 89
-10.4022 -4.9736 2.9553 52 199 89
-10.3172 -5.0424 2.8708 52 199 89
-10.3497 -5.1333 2.8852 52 199 89
-10.3648 -5.1024 2.9005 52 199 89
-10.2056 -4.9268 2.6951 52 199 89
-10.3934 -5.1192 2.9086 52 199 89
-10.4285 -5.0991 2.9382 52 199 89
-10.2560 -5.0120 2.7567 52 199 89
-10.3099 -4.9768 2.7967 52 199 89
-10.2829 -4.9593 2.7633 52 199 89
-10.2269 -5.1000 2.7108 52 199 89
-10.2393 -5.1040 2.6850 52 199 89
-10.2787 -5.0258 2.0184 52 199 89
-10.2916 -5.1285 2.0045 52 199 89
-10.6483 -5.1342 2.2678 52 199 89
-9.1556 -4.2902 0.9780 52 199 89
-10.4166 -5.0817 1.8792 52 199 89
-10.4440 -5.0925 1.8481 52 199 89
-10.3342 -5.0340 1.7743 52 199 89
-10.5491 -5.1087 1.9029 52 199 89
-9.1421 -4.2888 0.8997 52 199 89
-10.4216 -5.1246 1.7474 52 199 89
-10.6254 -5.1737 1.8274 52 199 89
-10.4186 -5.0849 1.7095 52 199 89
-10.5474 -5.1541 1.7556 52 199 89
-10.3577 -5.0865 1.6277 52 199 89
-10.5220 -5.1323 1.6541 52 199 89
-10.2496 -5.0361 1.4945 52 199 89
-10.3900 -5.0552 1.5445 52 199 89
-10.4481 -5.0652 1.5671 52 199 89
-10.4314 -5.1306 1.4835 52 199 89
-10.3850 -5.1227 1.4360 52 199 89
-10.4041 -5.1113 1.4359 52 199 89
-10.3102 -5.0565 1.3867 52 199 89
-10.3475 -5.1162 1.3940 52 199 89
-10.3851 -5.1174 1.3868 52 199 89
-10.3077 -5.0855 1.3098 52 199 89
-10.4935 -5.1125 1.3934 52 199 89
-10.4908 -5.1950 1.3492 52 199 89
-10.3226 -5.1083 1.2632 52 199 89
-10.4826 -5.1230 1.3312 52 199 89
-10.2762 -5.0783 1.2257 52 199 89
-10.3934 -5.1496 1.2638 52 199 89
-10.4809 -5.1834 1.2934 52 199 89
-10.4795 -5.1713 1.2718 52 199 89
-10.5837 -5.2254 0.8924 52 199 89
-10.4462 -5.0832 0.8500 52 199 89
-9.0909 -4.2793 0.3778 52 199 89
-10.3422 -5.3614 -3.5099 52 199 89
-10.2792 -5.3810 -3.7406 52 199 89
-10.2646 -5.3888 -3.7910 52 199 89
-9.0457 -4.2861 3.9412 52 199 89
-9.0438 -4.3143 3.8397 52 199 89
-9.0684 -4.3324 3.8773 52 199 89
-9.1278 -4.2850 3.9328 52 199 89
-9.0178 -4.3297 3.6370 52 199 89
-9.0413 -4.3392 3.5483 52 199 89
-9.1019 -4.2853 3.5610 52 199 89
-9.0504 -4.2659 3.3087 52 199 89
-9.0802 -4.2616 3.2887 52 199 89
-9.0282 -4.2775 3.1734 52 199 89
-9.0492 -4.2656 3.2041 52 199 89
-8.8840 -4.3210 2.5367 52 199 89
-8.9880 -4.2774 2.6017 52 199 89
-9.0296 -4.2828 2.6246 52 199 89
-9.0261 -4.2740 2.5754 52 199 89
-9.0561 -4.3230 2.2809 52 199 89
-9.0487 -4.3212 2.0719 52 199 89
-9.0145 -4.2814 1.8029 52 199 89
-8.9775 -4.2689 1.6812 52 199 89
-8.8810 -4.3167 1.4410 52 199 89
-10.1544 -4.9180 2.7900 52 199 89
-10.5247 -5.2018 3.1899 52 199 89
-10.3067 -5.1096 2.9395 52 199 89
-10.1960 -5.0106 2.8111 52 199 89
-10.3124 -4.9453 2.9052 52 199 89
-9.5856 -4.7418 2.1208 52 199 89
-10.2369 -5.0315 2.7944 52 199 89
-10.3786 -5.0593 2.9428 52 199 89
-10.2492 -4.9976 2.7987 52 199 89
-10.1836 -4.9164 2.7208 52 199 89
-10.2604 -5.1239 2.7932 52 199 89
-10.2403 -5.0732 2.7528 52 199 89
-10.2836 -5.0545 2.7908 52 199 89
-10.4296 -5.0838 2.9406 52 199 89
-10.1661 -4.9870 2.6668 52 199 89
-10.3364 -4.9959 2.8288 52 199 89
-10.2497 -4.9667 2.7336 52 199 89
-10.4964 -5.0181 2.9803 52 199 89
-10.3785 -5.1485 2.8668 52 199 89
-10.2056 -5.0938 2.6510 52 199 89
-10.2608 -5.1240 2.4596 52 199 89
-10.4478 -5.1839 2.0742 52 199 89
-10.3797 -5.0633 2.0191 52 199 89
-9.0494 -4.2901 0.9175 52 199 89
-10.4107 -5.0682 1.8266 52 199 89
-10.2821 -5.0381 1.7249 52 199 89
-10.3946 -5.0746 1.7124 52 199 89
-10.4783 -5.1422 1.7163 52 199 89
-10.4416 -5.1210 1.6937 52 199 89
-10.3441 -5.0848 1.6268 52 199 89
-10.3038 -5.0579 1.5973 52 199 89
-9.1449 -4.2877 0.8442 52 199 89
-10.4293 -5.0670 1.4742 52 199 89
-10.4131 -5.0559 1.4458 52 199 89
-10.3031 -5.0567 1.3101 52 199 89
-10.4156 -5.1711 1.3261 52 199 89
-10.2745 -5.0772 1.2249 52 199 89
-10.4625 -5.1174 1.3153 52 199 89
-10.2922 -5.1270 1.1143 52 199 89
-9.2431 -4.2814 0.5688 52 199 89
-10.5876 -5.2296 0.9041 52 199 89
-10.4113 -5.0888 0.8415 52 199 89
-10.3900 -5.0668 0.8397 52 199 89
-9.1912 -4.2765 0.3684 52 199 89
-9.0884 -4.2887 3.9797 52 199 89
-9.1174 -4.2793 3.9414 52 199 89
-8.9958 -4.3292 3.5870 52 199 89
-9.0970 -4.2844 3.8060 52 199 89
-9.0513 -4.3408 3.5399 52 199 89
-9.0535 -4.2883 3.3713 52 199 89
-9.0037 -4.3357 3.0655 52 199 89
-9.0051 -4.2771 2.9788 52 199 89
-8.8605 -4.3204 2.4924 52 199 89
-8.9460 -4.3240 2.5214 52 199 89
-8.8625 -4.2800 2.1852 52 199 89
-9.0100 -4.3205 2.2060 52 199 89
-8.9846 -4.2829 1.9439 52 199 89
-9.0047 -4.2809 1.7747 52 199 89
-8.9365 -4.3191 1.5593 52 199 89
-8.9487 -4.3159 1.4514 52 199 89
-8.9464 -4.3125 1.4262 52 199 89
-10.4203 -5.1760 3.1309 52 199 89
-10.1275 -4.9135 2.7590 52 199 89
-10.4089 -5.0919 3.0723 52 199 89
-10.4799 -5.1868 3.1425 52 199 89
-10.3491 -5.1254 2.9937 52 199 89
-10.4845 -5.1304 3.1357 52 199 89
-10.2777 -5.0269 2.8989 52 199 89
-10.3751 -5.0544 2.9524 52 199 89
-10.1404 -4.9451 2.6904 52 199 89
-10.3982 -5.1407 2.9796 52 199 89
-10.2937 -5.1353 2.8287 52 199 89
-10.2288 -5.0692 2.7495 52 199 89
-10.4209 -5.0634 2.9368 52 199 89
-10.3295 -5.0029 2.8220 52 199 89
-10.2462 -4.9658 2.7319 52 199 89
-10.2217 -5.0970 2.7166 52 199 89
-9.2890 -4.6676 1.6949 52 199 89
-10.3050 -5.1390 2.7045 52 199 89
-8.9629 -4.3063 1.2176 52 199 89
-8.9559 -4.3077 1.1815 52 199 89
-10.4163 -5.1745 2.6086 52 199 89
-10.3585 -5.0612 1.7733 52 199 89
-10.3789 -5.0482 1.7717 52 199 89
-10.5007 -5.1069 1.7784 52 199 89
-10.3264 -5.0872 1.6209 52 199 89
-10.4670 -5.1088 1.7001 52 199 89
-10.3424 -4.9303 1.6105 52 199 89
-10.5224 -5.1334 1.6598 52 199 89
-10.3782 -5.0992 1.4646 52 199 89
-10.3315 -5.0419 1.4252 52 199 89
-10.3960 -5.1317 1.4183 52 199 89
-10.2769 -5.1262 1.2506 52 199 89
-10.5603 -5.1697 1.3731 52 199 89
-10.5347 -5.1410 1.3598 52 199 89
-10.5200 -5.1952 1.3338 52 199 89
-10.4941 -5.1788 1.3218 52 199 89
-10.4968 -5.0845 1.3123 52 199 89
-10.4839 -5.1915 1.1854 52 199 89
-9.0307 -4.2831 0.5315 52 199 89
-10.6223 -5.2413 0.9138 52 199 89
-10.2379 -5.3612 -3.6639 52 199 89
-9.0592 -4.3332 3.9115 52 199 89
-9.1420 -4.3189 3.9739 52 199 89
-9.1255 -4.3145 3.7818 52 199 89
-9.0608 -4.3412 3.5658 52 199 89
-8.9614 -4.3249 2.5488 52 199 89
-10.1726 -5.0964 2.8348 52 199 89
-10.3636 -4.9558 2.9921 52 199 89
-10.2216 -5.0088 2.7805 52 199 89
-10.3128 -4.9932 2.8681 52 199 89
-10.2288 -5.0692 2.7495 52 199 89
-10.5437 -5.0996 3.0660 52 199 89
-10.2682 -4.9724 2.7655 52 199 89
-9.2689 -4.6625 1.6715 52 199 89
-10.3750 -5.1471 2.7996 52 199 89
-10.4298 -5.1790 2.6163 52 199 89
-10.3056 -5.0417 2.1171 52 199 89
-10.3569 -5.0566 1.9917 52 199 89
-10.0207 -4.8432 1.5040 52 199 89
-10.2844 -5.0772 1.6102 52 199 89
-10.4504 -5.1026 1.7045 52 199 89
-10.2867 -5.0227 1.4041 52 199 89
-10.4998 -5.1413 1.4887 52 199 89
-10.3324 -5.1101 1.3800 52 199 89
-10.3757 -5.1607 1.3071 52 199 89
-10.3454 -5.1415 1.2925 52 199 89
-9.9188 -4.9395 1.0940 52 199 89
-10.2967 -5.0764 1.2521 52 199 89
-10.4929 -5.0861 1.3115 52 199 89
-10.5956 -5.2277 1.2107 52 199 89
-9.1134 -4.3106 3.7108 52 199 89
-10.3071 -5.1377 3.0059 52 199 89
-10.2667 -5.1027 2.9630 52 199 89
-10.4223 -5.1106 3.0770 52 199 89
-10.2021 -4.9341 2.8225 52 199 89
-9.7828 -4.8054 2.3538 52 199 89
-9.2366 -4.6587 1.7491 52 199 89
-10.2362 -5.0174 2.8001 52 199 89
-10.3962 -5.0174 2.9767 52 199 89
-10.2991 -4.9264 2.8274 52 199 89
-10.3923 -5.1709 2.9422 52 199 89
-10.1856 -5.0561 2.7115 52 199 89
-9.7021 -4.8194 2.1793 52 199 89
-10.3133 -5.1284 2.7403 52 199 89
-10.2288 -5.0201 2.0710 52 199 89
-10.2652 -5.0307 1.9399 52 199 89
-10.3573 -5.0630 1.7754 52 199 89
-9.7847 -4.7846 1.3647 52 199 89
-10.5671 -5.1423 1.5167 52 199 89
-10.3528 -5.0615 1.3928 52 199 89
-10.5477 -5.1588 1.4105 52 199 89
-10.5032 -5.1768 1.3747 52 199 89
-10.3485 -5.0440 1.2572 52 199 89
-10.3493 -5.1456 1.1274 52 199 89
-10.3682 -5.1517 0.8928 52 199 89
-10.6349 -5.1419 -1.0787 52 199 89
-9.0559 -4.3152 3.6086 52 199 89
-10.1422 -5.0617 2.8290 52 199 89
-9.3470 -4.6869 1.8714 52 199 89
-10.2784 -4.9405 2.8177 52 199 89
-10.0240 -4.9062 2.5204 52 199 89
-10.3179 -5.0359 1.7095 52 199 89
-10.4505 -5.1086 1.7627 52 199 89
-10.5203 -5.0941 1.3286 52 199 89
-9.9677 -4.8412 1.0294 52 199 89
-10.4519 -5.1797 0.9141 52 199 89
-10.6076 -5.1326 -1.0712 52 199 89
-10.4902 -5.1685 -1.5657 52 199 89
-9.1743 -4.3479 3.9753 52 199 89
-9.2326 -4.5985 1.9987 52 199 89
-9.2962 -4.6732 1.8973 52 199 89
-9.8516 -4.8437 2.4529 52 199 89
-10.1460 -5.0005 1.6195 52 199 89
-10.2927 -5.0744 1.6219 52 199 89
-10.0136 -4.9478 1.3081 52 199 89
-10.1142 -4.9910 1.2324 52 199 89
-10.3862 -5.1029 1.3338 52 199 89
-10.5625 -5.2166 0.9337 52 199 89
-10.5837 -5.1243 -1.0609 52 199 89
-9.5372 -4.6635 2.3819 52 199 89
-9.9388 -4.8888 2.4269 52 199 89
-10.2074 -5.0144 2.0482 52 199 89
-10.4411 -5.1119 1.8217 52 199 89
-10.1574 -4.9909 1.4012 52 199 89
-10.3840 -5.1039 1.3529 52 199 89
-10.5658 -5.1385 -0.8547 52 199 89
-10.5176 -5.1640 -1.4842 52 199 89
-10.6340 -5.1690 -1.9915 52 199 89
-9.5472 -2.7887 3.2674 52 199 89
-10.1863 -3.1367 3.2519 52 199 89
-9.5570 -2.7882 0.7467 52 199 89
-10.2324 -3.1174 3.2925 52 199 89
-10.0556 -3.2057 2.7844 52 199 89
-9.4110 -3.4810 1.8731 52 199 89
-10.8750 -3.0169 3.2936 52 199 89
-10.8757 -3.1167 3.2344 52 199 89
-10.4285 -3.1518 2.6440 52 199 89
-9.0940 -3.6603 0.9542 52 199 89
-10.4445 -3.2768 1.5425 52 199 89
-10.2307 -3.3322 1.4060 52 199 89
-8.8879 -3.7658 0.5673 52 199 89
-10.9360 -3.1527 1.6508 52 199 89
-10.5565 -3.2594 1.4258 52 199 89
-10.4377 -3.2919 1.3616 52 199 89
-10.6798 -3.1718 1.4093 52 199 89
-10.4150 -3.2969 1.1459 52 199 89
-10.7407 -3.2230 1.1170 52 199 89
-10.8332 -3.2236 1.0901 52 199 89
-10.8623 -3.1435 0.6617 52 199 89
-9.3709 -3.4769 1.8815 52 199 89
-10.9205 -2.9874 3.3239 52 199 89
-10.8461 -3.0216 3.1716 52 199 89
-10.9255 -3.0850 3.1998 52 199 89
-10.9337 -3.0290 3.1681 52 199 89
-10.6141 -3.1442 2.8197 52 199 89
-9.1392 -3.6410 0.9954 52 199 89
-10.4390 -3.2592 1.5297 52 199 89
-8.5037 -3.9185 0.3200 52 199 89
-10.4804 -3.2446 1.5026 52 199 89
-10.9055 -3.1627 1.6390 52 199 89
-10.5014 -3.2339 1.2306 52 199 89
-10.9650 -3.0757 1.1882 52 199 89
-10.3195 -3.1540 0.9416 52 199 89
-9.5502 -3.4672 -2.0512 52 199 89
-9.3593 -3.4820 1.8631 52 199 89
-9.3750 -3.5029 1.7686 52 199 89
-10.5584 -3.3063 2.8198 52 199 89
-10.8169 -3.1491 1.7597 52 199 89
-8.5341 -3.9066 0.3388 52 199 89
-10.0136 -3.4073 1.0631 52 199 89
-10.5726 -3.2711 1.2207 52 199 89
-10.2363 -3.1890 0.9086 52 199 89
-9.4656 -3.4625 1.8863 52 199 89
-10.4218 -3.1078 2.8972 52 199 89
-10.4888 -3.3592 2.7828 52 199 89
-10.8710 -2.9931 3.2818 52 199 89
-10.6171 -3.2016 2.8047 52 199 89
-10.6274 -3.1459 2.8379 52 199 89
-10.8605 -3.1306 2.2393 52 199 89
-10.7499 -3.1684 1.9824 52 199 89
-10.4102 -3.3333 1.1710 52 199 89
-10.9246 -3.1449 1.2879 52 199 89
-9.3350 -3.4952 1.8309 52 199 89
-9.4510 -3.4688 1.8638 52 199 89
-10.9195 -2.9520 3.3784 52 199 89
-10.8394 -2.9573 3.2964 52 199 89
-10.8786 -3.2260 2.9348 52 199 89
-10.7219 -3.2178 1.5442 52 199 89
-10.5180 -3.2695 1.4476 52 199 89
-10.1548 -3.4327 0.9198 52 199 89
-10.7592 -3.2580 1.1483 52 199 89
-10.9119 -3.2027 3.2875 52 199 89
-10.5833 -3.2202 2.8348 52 199 89
-10.6153 -3.2178 2.0559 52 199 89
-10.6116 -3.0844 1.6442 52 199 89
-9.9940 -3.4467 0.9495 52 199 89
-10.6437 -3.2810 1.1267 52 199 89
-10.6831 -3.2342 1.1422 52 199 89
-10.7568 -3.0162 3.1782 52 199 89
-10.2827 -3.3219 2.5007 52 199 89
-10.7764 -3.0968 3.0126 52 199 89
-10.3709 -3.1331 2.5241 52 199 89
-10.6181 -3.2123 2.0479 52 199 89
-9.3550 -3.5819 0.8497 52 199 89
-10.5837 -3.3024 1.1353 52 199 89
-10.5786 -3.1740 2.7975 52 199 89
-10.9792 -3.1910 3.0433 52 199 89
-9.3124 -3.5688 1.1546 52 199 89
-10.4819 -3.0905 2.0122 52 199 89
-10.6586 -3.1857 1.3936 52 199 89
-9.9052 -3.3567 0.7578 52 199 89
-10.5630 -2.3249 3.4961 52 199 89
-10.4388 -2.3448 1.8316 52 199 89
-10.4555 -2.3095 1.8481 52 199 89
-10.5649 -2.4507 1.8211 52 199 89
-10.3749 -2.4037 1.6422 52 199 89
-10.4222 -2.5239 1.5594 52 199 89
-10.4521 -2.5026 1.4715 52 199 89
-10.4323 -2.5475 1.4343 52 199 89
-10.3563 -2.3809 1.4479 52 199 89
-10.4011 -2.5705 1.3669 52 199 89
-10.4675 -2.5291 1.3256 52 199 89
-10.4086 -2.6402 1.2116 52 199 89
-10.3434 -2.4315 1.1896 52 199 89
-10.3446 -2.6084 -0.9541 52 199 89
-10.4076 -2.5533 -0.9844 52 199 89
-10.4020 -2.5624 -0.9959 52 199 89
-10.3122 -2.6178 -1.2260 52 199 89
-10.2906 -2.5874 -1.2265 52 199 89
-10.3238 -2.5776 -1.3150 52 199 89
-10.3516 -2.5889 -1.3551 52 199 89
-10.2952 -2.6293 -1.3799 52 199 89
-10.3340 -2.5762 -1.4104 52 199 89
-10.3147 -2.6423 -1.4445 52 199 89
-10.3244 -2.6805 -1.4779 52 199 89
-10.3078 -2.6734 -1.5923 52 199 89
-10.3148 -2.6440 -1.6063 52 199 89
-10.2542 -2.7123 -1.5797 52 199 89
-10.3172 -2.6325 -1.6395 52 199 89
-10.2796 -2.6925 -1.6422 52 199 89
-10.3294 -2.6518 -1.6826 52 199 89
-10.2818 -2.7096 -1.7091 52 199 89
-10.2445 -2.7286 -1.7249 52 199 89
-10.2527 -2.6806 -1.9332 52 199 89
-10.4098 -2.6118 -2.0978 52 199 89
-10.3296 -2.6769 -2.0327 52 199 89
-10.2198 -2.6487 -2.0858 52 199 89
-10.1680 -2.7348 -2.1465 52 199 89
-10.2325 -2.6907 -2.2594 52 199 89
-9.7537 -3.3723 -3.5278 52 199 89
-10.4849 -2.3800 3.4063 52 199 89
-10.6103 -2.2909 3.5519 52 199 89
-10.5475 -2.3270 3.3232 52 199 89
-10.5063 -2.6056 3.0778 52 199 89
-10.3642 -2.6866 2.5896 52 199 89
-10.4059 -2.3810 1.6550 52 199 89
-10.4157 -2.5271 1.4605 52 199 89
-10.3931 -2.6055 1.2820 52 199 89
-10.3824 -2.5813 1.2847 52 199 89
-10.3847 -2.6213 1.2322 52 199 89
-10.4061 -2.5937 1.2485 52 199 89
-10.3909 -2.6599 1.2078 52 199 89
-10.3515 -2.5947 -0.9445 52 199 89
-10.3089 -2.5752 -1.2391 52 199 89
-10.2883 -2.6147 -1.3121 52 199 89
-10.3003 -2.6263 -1.3843 52 199 89
-10.3240 -2.6612 -1.4020 52 199 89
-10.3404 -2.6249 -1.4535 52 199 89
-10.2994 -2.6459 -1.6249 52 199 89
-10.3085 -2.6725 -1.6724 52 199 89
-10.2860 -2.6690 -1.7695 52 199 89
-10.2284 -2.7442 -1.7543 52 199 89
-10.2500 -2.7322 -1.9275 52 199 89
-10.2496 -2.6288 -2.1135 52 199 89
-10.2551 -2.6775 -2.2846 52 199 89
-9.7538 -3.3728 -3.5274 52 199 89
-10.5517 -2.5743 3.3315 52 199 89
-10.5330 -2.5629 3.3231 52 199 89
-10.4062 -2.6561 3.0841 52 199 89
-10.5088 -2.4054 3.2820 52 199 89
-10.3452 -2.4201 1.7138 52 199 89
-10.4115 -2.5890 1.6645 52 199 89
-10.4264 -2.5631 1.5907 52 199 89
-10.3961 -2.5745 1.4155 52 199 89
-10.3193 -2.6183 1.2780 52 199 89
-10.4450 -2.6340 1.2636 52 199 89
-10.3842 -2.6081 1.2437 52 199 89
-10.3802 -2.5955 1.2497 52 199 89
-10.3923 -2.6581 1.2138 52 199 89
-10.3142 -2.7070 1.0632 52 199 89
-10.3079 -2.6201 -1.2152 52 199 89
-10.2637 -2.6355 -1.3186 52 199 89
-10.2796 -2.6385 -1.3476 52 199 89
-10.3054 -2.5961 -1.3698 52 199 89
-10.2744 -2.6971 -1.4531 52 199 89
-10.3809 -2.6326 -1.6104 52 199 89
-10.2755 -2.6699 -1.5476 52 199 89
-10.2388 -2.7324 -1.5242 52 199 89
-10.3115 -2.6370 -1.6392 52 199 89
-10.3003 -2.6770 -1.6623 52 199 89
-10.3321 -2.6394 -1.8208 52 199 89
-10.2255 -2.7478 -1.7552 52 199 89
-10.2689 -2.7022 -1.9040 52 199 89
-10.3130 -2.6591 -2.0360 52 199 89
-10.2430 -2.6865 -2.2659 52 199 89
-10.7228 -2.2166 3.6649 52 199 89
-10.5497 -2.3105 3.4441 52 199 89
-10.4743 -2.6213 2.6716 52 199 89
-10.6376 -2.4241 1.8449 52 199 89
-10.3326 -2.4425 1.6804 52 199 89
-10.4255 -2.6073 1.4050 52 199 89
-10.5039 -2.5488 1.4288 52 199 89
-10.4208 -2.6486 1.2588 52 199 89
-10.3806 -2.6211 1.2485 52 199 89
-10.4504 -2.5573 1.2662 52 199 89
-10.3478 -2.6898 1.0620 52 199 89
-10.2633 -2.6367 -1.1022 52 199 89
-10.3184 -2.5715 -1.2430 52 199 89
-10.3108 -2.6498 -1.3475 52 199 89
-10.4267 -2.5435 -1.4329 52 199 89
-10.2825 -2.6098 -1.3464 52 199 89
-10.2809 -2.6641 -1.5580 52 199 89
-10.2668 -2.7160 -1.5587 52 199 89
-10.2844 -2.6572 -1.6130 52 199 89
-10.3172 -2.6523 -1.8135 52 199 89
-10.3459 -2.5361 -1.8785 52 199 89
-10.2826 -2.6879 -1.9043 52 199 89
-10.2765 -2.7147 -1.9386 52 199 89
-10.2982 -2.5996 -2.1564 52 199 89
-10.2648 -2.6749 -2.2994 52 199 89
-10.5271 -2.4579 3.2724 52 199 89
-10.4998 -2.4166 3.2762 52 199 89
-10.5191 -2.3186 3.3202 52 199 89
-10.6685 -2.2346 3.4760 52 199 89
-10.4818 -2.4957 2.3299 52 199 89
-10.5492 -2.4579 1.9480 52 199 89
-10.5142 -2.4592 1.8633 52 199 89
-10.2697 -2.6958 1.3671 52 199 89
-10.4324 -2.5933 1.4105 52 199 89
-10.4306 -2.5533 1.4200 52 199 89
-10.3522 -2.5667 1.2253 52 199 89
-10.3939 -2.6626 1.0598 52 199 89
-10.3249 -2.7046 0.8128 52 199 89
-10.3353 -2.6119 -0.9164 52 199 89
-10.4343 -2.5312 -1.1925 52 199 89
-10.3068 -2.6178 -1.2151 52 199 89
-10.3106 -2.5810 -1.2275 52 199 89
-10.3162 -2.6273 -1.2832 52 199 89
-10.3028 -2.6788 -1.3509 52 199 89
-10.2855 -2.6949 -1.7606 52 199 89
-10.3799 -2.5130 -1.9235 52 199 89
-10.2407 -2.7387 -1.8052 52 199 89
-10.2380 -2.6892 -1.8816 52 199 89
-10.2466 -2.6357 -2.0947 52 199 89
-10.2178 -2.7051 -2.2189 52 199 89
-10.4767 -2.3953 3.3695 52 199 89
-10.6167 -2.5366 3.3683 52 199 89
-10.5492 -2.4579 1.9480 52 199 89
-10.4174 -2.5266 1.8110 52 199 89
-10.4082 -2.5960 1.5125 52 199 89
-10.4357 -2.5747 1.2935 52 199 89
-10.4206 -2.6462 0.8118 52 199 89
-10.2949 -2.5922 -1.2178 52 199 89
-10.2600 -2.6523 -1.3001 52 199 89
-10.3087 -2.6937 -1.4517 52 199 89
-10.3160 -2.5499 -1.5400 52 199 89
-10.2993 -2.6798 -1.5619 52 199 89
-10.3307 -2.6765 -1.6927 52 199 89
-10.3165 -2.6555 -1.8008 52 199 89
-10.2374 -2.6921 -1.8830 52 199 89
-10.2390 -2.6424 -2.0842 52 199 89
-10.5442 -2.4627 1.8963 52 199 89
-10.3081 -2.5971 1.4943 52 199 89
-10.3660 -2.5943 -0.9416 52 199 89
-10.2988 -2.6134 -1.2303 52 199 89
-10.3319 -2.6648 -1.3599 52 199 89
-10.3960 -2.4708 -1.5452 52 199 89
-10.3694 -2.6533 -1.5189 52 199 89
-10.3684 -2.6539 -1.6983 52 199 89
-10.4034 -2.6047 -1.9172 52 199 89
-10.3233 -2.6896 -1.9249 52 199 89
-10.2066 -2.7125 -1.8402 52 199 89
-10.5269 -2.4758 1.9180 52 199 89
-10.4269 -2.5919 1.5392 52 199 89
-10.4111 -2.5464 1.3839 52 199 89
-10.4647 -2.5577 1.3412 52 199 89
-10.3778 -2.5917 -0.9566 52 199 89
-10.2448 -2.6541 -1.0038 52 199 89
-10.2611 -2.6433 -1.1684 52 199 89
-10.4191 -2.4813 -1.6202 52 199 89
-10.3410 -2.6541 -1.5744 52 199 89
-10.2467 -2.7317 -1.5509 52 199 89
-10.3640 -2.6297 -1.8657 52 199 89
-10.2622 -2.6752 -1.8924 52 199 89
-8.1612 -3.0056 1.0563 52 199 89
-8.1112 -3.0014 1.0315 52 199 89
-8.1633 -3.0068 0.9882 52 199 89
-8.0485 -3.0178 0.7563 52 199 89
-8.1287 -2.9936 0.6373 52 199 89
-8.0916 -3.0078 0.6046 52 199 89
-8.0790 -3.0066 0.5242 52 199 89
-8.1242 -2.9905 0.5297 52 199 89
-8.0703 -3.0015 0.5208 52 199 89
-8.1257 -2.9900 0.5231 52 199 89
-8.0779 -3.0027 0.5014 52 199 89
-8.1257 -2.9948 0.4940 52 199 89
-8.0684 -2.9974 0.4884 52 199 89
-8.1288 -2.9980 0.4871 52 199 89
-8.0705 -3.0032 0.4821 52 199 89
-8.0796 -3.0049 0.4788 52 199 89
-8.0673 -3.0006 0.4791 52 199 89
-8.0693 -3.0064 0.4729 52 199 89
-8.0660 -3.0099 0.4555 52 199 89
-8.0802 -3.0036 0.4494 52 199 89
-8.1384 -2.9926 0.4259 52 199 89
-8.0942 -3.0025 0.4179 52 199 89
-8.0907 -3.0056 0.3811 52 199 89
-8.1337 -2.9762 -0.4313 52 199 89
-8.1305 -2.9685 -0.4689 52 199 89
-8.1474 -2.9720 -0.4698 52 199 89
-8.1543 -2.9650 -0.4965 52 199 89
-8.1466 -2.9702 -0.5279 52 199 89
-8.1474 -2.9672 -0.5365 52 199 89
-8.1436 -2.9704 -0.6095 52 199 89
-8.1443 -2.9677 -0.6945 52 199 89
-8.1116 -3.0026 1.0294 52 199 89
-8.0503 -3.0191 1.0029 52 199 89
-8.0602 -3.0139 0.8331 52 199 89
-8.0666 -3.0156 0.8142 52 199 89
-8.0544 -3.0169 0.7459 52 199 89
-8.0915 -3.0073 0.6045 52 199 89
-8.0788 -3.0045 0.5790 52 199 89
-8.1415 -2.9920 0.5527 52 199 89
-8.1398 -2.9965 0.5292 52 199 89
-8.0790 -3.0066 0.5242 52 199 89
-8.1255 -2.9947 0.5225 52 199 89
-8.0705 -3.0021 0.5199 52 199 89
-8.0695 -3.0011 0.5079 52 199 89
-8.0777 -3.0021 0.5023 52 199 89
-8.0706 -3.0026 0.4849 52 199 89
-8.1344 -2.9934 0.4844 52 199 89
-8.0691 -3.0062 0.4723 52 199 89
-8.1362 -2.9927 0.4626 52 199 89
-8.0691 -3.0054 0.4586 52 199 89
-8.1611 -2.9923 0.4275 52 199 89
-8.1388 -2.9913 0.4272 52 199 89
-8.0871 -2.9973 0.3988 52 199 89
-8.1294 -2.9677 -0.3890 52 199 89
-8.1193 -2.9703 -0.4107 52 199 89
-8.1269 -2.9762 -0.4606 52 199 89
-8.1478 -2.9679 -0.5103 52 199 89
-8.0985 -3.0074 1.0533 52 199 89
-8.0961 -3.0030 1.0509 52 199 89
-8.0414 -3.0182 1.0386 52 199 89
-8.1607 -3.0015 1.0242 52 199 89
-8.0702 -3.0109 1.0252 52 199 89
-8.1290 -3.0000 1.0266 52 199 89
-8.0869 -3.0079 1.0207 52 199 89
-8.0942 -3.0067 1.0148 52 199 89
-8.0644 -3.0171 0.7977 52 199 89
-8.1310 -2.9963 0.6756 52 199 89
-8.1384 -2.9966 0.5749 52 199 89
-8.1331 -2.9934 0.5841 52 199 89
-8.1407 -3.0000 0.5255 52 199 89
-8.0703 -3.0013 0.5222 52 199 89
-8.0726 -3.0037 0.4814 52 199 89
-8.0662 -3.0035 0.4786 52 199 89
-8.1428 -2.9940 0.4797 52 199 89
-8.0768 -3.0028 0.4753 52 199 89
-8.1513 -2.9941 0.4732 52 199 89
-8.1321 -2.9937 0.4729 52 199 89
-8.1481 -2.9936 0.4601 52 199 89
-8.1470 -2.9962 0.4218 52 199 89
-8.1417 -2.9963 0.4234 52 199 89
-8.0798 -2.9992 0.3832 52 199 89
-8.0495 -3.0167 0.3518 52 199 89
-8.1294 -2.9690 -0.3845 52 199 89
-8.1339 -2.9723 -0.4337 52 199 89
-8.1284 -2.9719 -0.4421 52 199 89
-8.1438 -2.9708 -0.4612 52 199 89
-8.1416 -2.9707 -0.4837 52 199 89
-8.1140 -2.9697 -0.5090 52 199 89
-8.1186 -2.9747 -0.6115 52 199 89
-8.0441 -3.1904 0.8286 52 199 89
-8.0426 -3.0195 1.0347 52 199 89
-8.0982 -3.0021 1.0158 52 199 89
-8.0633 -3.0121 0.8253 52 199 89
-8.0531 -3.0232 0.7937 52 199 89
-8.0632 -3.0113 0.8021 52 199 89
-8.0877 -2.9996 0.6108 52 199 89
-8.0838 -2.9995 0.5946 52 199 89
-8.0792 -3.0056 0.5856 52 199 89
-8.1428 -3.0005 0.5578 52 199 89
-8.0794 -3.0082 0.5112 52 199 89
-8.0696 -2.9989 0.5137 52 199 89
-8.0726 -3.0031 0.4824 52 199 89
-8.0661 -3.0021 0.4829 52 199 89
-8.1311 -2.9918 0.4756 52 199 89
-8.0618 -2.9984 0.4691 52 199 89
-8.1440 -2.9905 0.4284 52 199 89
-8.0812 -2.9990 0.4165 52 199 89
-8.1261 -2.9935 0.4123 52 199 89
-8.0746 -2.9968 0.4110 52 199 89
-8.1556 -2.9903 0.4049 52 199 89
-8.0883 -3.0080 0.3657 52 199 89
-8.0500 -3.0185 0.3515 52 199 89
-7.7264 -1.1294 1.1415 52 199 89
-8.0548 -3.0046 0.1324 52 199 89
-8.1282 -2.9718 -0.4408 52 199 89
-8.1335 -2.9712 -0.4645 52 199 89
-8.1414 -2.9711 -0.4788 52 199 89
-8.1135 -2.9695 -0.5120 52 199 89
-8.1176 -2.9710 -0.6134 52 199 89
-8.1400 -2.9639 -0.6815 52 199 89
-8.1632 -3.0062 1.0561 52 199 89
-8.0406 -3.0145 1.0458 52 199 89
-8.0709 -3.0113 1.0218 52 199 89
-8.1101 -3.0053 1.0062 52 199 89
-8.0654 -3.0178 0.8220 52 199 89
-8.0535 -3.0197 0.8015 52 199 89
-8.0517 -3.0181 0.7602 52 199 89
-8.1297 -2.9956 0.7604 52 199 89
-8.1297 -2.9932 0.6853 52 199 89
-8.0883 -2.9999 0.6121 52 199 89
-8.0837 -2.9999 0.5927 52 199 89
-8.0807 -3.0009 0.5957 52 199 89
-8.0886 -3.0037 0.5412 52 199 89
-8.0855 -3.0041 0.5409 52 199 89
-8.0789 -2.9990 0.5223 52 199 89
-8.1420 -2.9931 0.5064 52 199 89
-8.1266 -2.9935 0.5009 52 199 89
-8.0650 -2.9991 0.4858 52 199 89
-8.0662 -3.0110 0.4613 52 199 89
-8.1574 -2.9915 0.4308 52 199 89
-8.0759 -3.0005 0.4121 52 199 89
-8.1559 -2.9841 0.4110 52 199 89
-8.0870 -3.0038 0.3720 52 199 89
-8.0515 -3.0163 0.3584 52 199 89
-8.0544 -3.0015 0.1324 52 199 89
-8.1356 -2.9724 -0.2955 52 199 89
-8.1325 -2.9751 -0.4038 52 199 89
-8.1356 -2.9743 -0.4329 52 199 89
-8.1340 -2.9729 -0.4585 52 199 89
-8.1403 -2.9702 -0.5569 52 199 89
-8.1403 -2.9661 -0.6732 52 199 89
-8.1482 -2.9763 -0.9420 52 199 89
-8.0456 -3.1932 0.8257 52 199 89
-8.1638 -3.0074 1.0533 52 199 89
-8.1293 -3.0061 1.0249 52 199 89
-8.0981 -3.0048 1.0246 52 199 89
-8.1111 -3.0065 1.0035 52 199 89
-8.1585 -3.0045 0.9667 52 199 89
-8.0588 -3.0157 0.8239 52 199 89
-8.0695 -3.0131 0.8145 52 199 89
-8.0532 -3.0156 0.8070 52 199 89
-8.0735 -3.0168 0.7642 52 199 89
-8.0541 -3.0220 0.7598 52 199 89
-8.1308 -2.9939 0.6924 52 199 89
-8.0888 -3.0023 0.6101 52 199 89
-8.1401 -2.9979 0.5847 52 199 89
-8.1439 -2.9981 0.5671 52 199 89
-8.0794 -3.0004 0.5183 52 199 89
-8.0628 -3.0016 0.4704 52 199 89
-8.0658 -3.0137 0.4047 52 199 89
-8.1586 -2.9930 0.4039 52 199 89
-8.0888 -3.0027 0.4007 52 199 89
-8.0687 -3.0051 0.3867 52 199 89
-8.0870 -3.0038 0.3720 52 199 89
-8.0559 -3.0061 0.1294 52 199 89
-8.1095 -2.9707 -0.4711 52 199 89
-8.1419 -2.9688 -0.5286 52 199 89
-8.1572 -2.9649 -0.6746 52 199 89
-8.1547 -3.0113 1.0422 52 199 89
-8.1286 -3.0035 1.0275 52 199 89
-8.0490 -3.0215 0.9982 52 199 89
-8.0660 -3.0181 0.8202 52 199 89
-8.0596 -3.0205 0.8138 52 199 89
-8.0715 -3.0076 0.7716 52 199 89
-8.0531 -3.0201 0.7595 52 199 89
-8.1306 -2.9988 0.6808 52 199 89
-8.1394 -2.9952 0.5938 52 199 89
-8.1439 -3.0035 0.5526 52 199 89
-8.1594 -2.9914 0.4442 52 199 89
-8.1548 -2.9996 0.4389 52 199 89
-8.1438 -2.9992 0.4387 52 199 89
-8.0778 -3.0037 0.4264 52 199 89
-8.1284 -2.9982 0.4110 52 199 89
-8.1593 -2.9986 0.3984 52 199 89
-8.0887 -3.0013 0.4004 52 199 89
-8.1594 -2.9889 0.3623 52 199 89
-8.1594 -2.9858 0.2873 52 199 89
-8.0660 -2.9965 0.1624 52 199 89
-8.1438 -2.9705 -0.4407 52 199 89
-8.1348 -2.9785 -0.4537 52 199 89
-8.1163 -2.9677 -0.5065 52 199 89
-8.1278 -2.9687 -0.7385 52 199 89
-8.1574 -3.0066 0.9596 52 199 89
-8.0578 -3.0110 0.8300 52 199 89
-8.0638 -3.0185 0.7717 52 199 89
-8.1311 -2.9998 0.7547 52 199 89
-8.0806 -2.9995 0.6225 52 199 89
-8.1389 -2.9939 0.6018 52 199 89
-8.0885 -2.9979 0.6070 52 199 89
-8.1443 -3.0031 0.5612 52 199 89
-8.0838 -3.0062 0.5167 52 199 89
-8.0783 -3.0042 0.4344 52 199 89
-8.1284 -2.9985 0.4150 52 199 89
-8.1577 -2.9843 0.2990 52 199 89
-8.1085 -2.9689 -0.4664 52 199 89
-8.1415 -2.9675 -0.5268 52 199 89
-8.1415 -2.9687 -0.8078 52 199 89
-10.2035 -1.5203 3.6018 52 199 89
-10.1270 -1.2418 3.7909 52 199 89
-10.1423 -1.1754 3.8761 52 199 89
-10.1665 -1.5721 3.4701 52 199 89
-10.2019 -1.4348 3.6303 52 199 89
-9.7950 -1.4100 3.3653 52 199 89
-9.6031 -1.6548 2.9644 52 199 89
-9.5289 -1.6837 2.8910 52 199 89
-9.4560 -1.7520 2.7615 52 199 89
-9.4097 -1.6113 2.8685 52 199 89
-8.8059 -2.7190 1.3125 52 199 89
-10.2565 -1.4379 3.6342 52 199 89
-9.2849 -2.0333 2.3332 52 199 89
-9.1295 -2.2393 2.0145 52 199 89
-10.2640 -1.4739 3.5683 52 199 89
-9.9466 -1.4946 3.3172 52 199 89
-10.1172 -1.2588 3.6647 52 199 89
-9.8437 -1.4949 3.2400 52 199 89
-9.9813 -1.2010 3.6139 52 199 89
-9.9321 -1.1315 3.6440 52 199 89
-9.7918 -1.3197 3.3588 52 199 89
-10.2932 -1.4301 3.5862 52 199 89
-10.2782 -1.2212 3.7787 52 199 89
-9.9083 -1.3277 3.4163 52 199 89
-9.6324 -1.6232 2.9362 52 199 89
-9.0026 -2.4253 1.7056 52 199 89
-10.2831 -1.2731 3.6988 52 199 89
-9.5910 -1.5550 2.9416 52 199 89
-10.2600 -1.4821 3.4555 52 199 89
-9.9407 -1.1235 3.5730 52 199 89
-9.1565 -2.1860 2.0121 52 199 89
-10.1718 -1.5548 3.2665 52 199 89
-10.2854 -1.4345 3.4021 52 199 89
-9.5326 -1.8507 2.0978 52 199 89
-10.2210 -1.3288 2.5029 52 199 89
-10.1066 -1.2228 2.1152 52 199 89
-10.1792 -1.3725 1.9569 52 199 89
-10.1841 -1.4662 1.7978 52 199 89
-10.3267 -1.3102 1.9047 52 199 89
-9.8325 -0.9256 1.8931 52 199 89
-10.2571 -1.3162 1.5840 52 199 89
-10.2687 -1.3168 1.3991 52 199 89
-10.0985 -1.2786 1.2402 52 199 89
-10.0898 -1.2446 1.2493 52 199 89
-10.3482 -1.3325 1.2655 52 199 89
-10.1033 -1.2026 1.2269 52 199 89
-10.1576 -1.3960 0.6695 52 199 89
-10.2689 -1.3772 -3.9521 52 199 89
-10.2101 -1.5070 3.6353 52 199 89
-10.0453 -1.3469 3.6309 52 199 89
-9.9818 -1.3516 3.5784 52 199 89
-9.7215 -1.4834 3.2522 52 199 89
-9.7716 -1.2471 3.5324 52 199 89
-10.1651 -1.1644 3.8819 52 199 89
-9.8386 -1.4484 3.3516 52 199 89
-9.8079 -1.4609 3.3155 52 199 89
-9.8888 -1.2748 3.5688 52 199 89
-9.2458 -2.0483 2.3071 52 199 89
-10.2099 -1.4881 3.5537 52 199 89
-9.2631 -1.8876 2.4700 52 199 89
-9.8150 -1.6300 3.1054 52 199 89
-10.2964 -1.4266 3.6288 52 199 89
-9.6208 -1.7072 2.8670 52 199 89
-9.7967 -1.3337 3.3648 52 199 89
-10.2038 -1.3270 3.6422 52 199 89
-8.9670 -2.4614 1.6518 52 199 89
-9.9770 -1.1164 3.6704 52 199 89
-9.4046 -1.7667 2.6305 52 199 89
-9.1290 -2.2071 2.0016 52 199 89
-9.7882 -1.2849 3.3104 52 199 89
-10.2675 -1.4533 3.4325 52 199 89
-10.2604 -1.4611 3.3607 52 199 89
-10.0187 -1.1397 2.9867 52 199 89
-9.9606 -1.1882 2.8298 52 199 89
-10.2570 -1.2900 2.6588 52 199 89
-10.2303 -1.3159 2.5145 52 199 89
-10.1506 -1.5900 2.1990 52 199 89
-10.2747 -1.2641 2.2312 52 199 89
-10.2441 -1.2850 2.1228 52 199 89
-9.7346 -1.1156 1.8397 52 199 89
-10.3492 -1.2885 1.6367 52 199 89
-9.8106 -1.5361 1.3220 52 199 89
-10.2525 -1.3263 1.4568 52 199 89
-10.3618 -1.3197 1.2709 52 199 89
-10.1034 -1.2723 1.2264 52 199 89
-10.0548 -1.2275 1.1894 52 199 89
-9.8574 -1.0248 1.2057 52 199 89
-9.8578 -1.2927 1.0603 52 199 89
-10.0131 -1.0965 3.8504 52 199 89
-9.9529 -1.2591 3.6205 52 199 89
-9.5460 -1.6549 2.9287 52 199 89
-9.0297 -2.3384 1.8651 52 199 89
-9.3533 -1.9291 2.4950 52 199 89
-9.9992 -1.1237 3.7136 52 199 89
-9.2636 -1.9470 2.3769 52 199 89
-9.7939 -1.3836 3.2878 52 199 89
-9.5803 -1.6132 2.9185 52 199 89
-8.9790 -2.3242 1.7813 52 199 89
-10.2701 -1.3347 3.6216 52 199 89
-10.2518 -1.4959 3.4354 52 199 89
-9.4921 -1.7383 2.6784 52 199 89
-9.6582 -1.3704 3.1434 52 199 89
-9.8672 -1.3224 2.5013 52 199 89
-9.8982 -1.2779 2.4790 52 199 89
-10.2606 -1.2647 2.0441 52 199 89
-10.2920 -1.3518 1.5945 52 199 89
-10.2061 -1.3852 1.5147 52 199 89
-10.2539 -1.3593 1.4319 52 199 89
-10.2144 -1.3933 1.3123 52 199 89
-10.1177 -1.2365 1.3448 52 199 89
-9.9237 -1.5002 1.1320 52 199 89
-10.0862 -1.2490 1.2468 52 199 89
-9.8836 -0.9348 1.2535 52 199 89
-10.1802 -1.6928 -0.1768 52 199 89
-8.7913 -2.6639 1.4043 52 199 89
-10.0152 -1.7145 3.2726 52 199 89
-9.9882 -1.1285 3.7897 52 199 89
-9.8330 -1.2498 3.5635 52 199 89
-9.5962 -1.5757 3.0588 52 199 89
-9.2341 -2.0403 2.3199 52 199 89
-9.4136 -1.7761 2.6984 52 199 89
-9.9859 -1.1401 3.6879 52 199 89
-8.7830 -2.7006 1.2966 52 199 89
-10.2896 -1.2274 3.7910 52 199 89
-10.3295 -1.3247 3.6578 52 199 89
-9.0234 -2.4055 1.7133 52 199 89
-9.8576 -1.3122 2.5232 52 199 89
-9.9986 -1.1320 2.6370 52 199 89
-10.2607 -1.3079 2.0887 52 199 89
-10.2608 -1.3440 1.7545 52 199 89
-10.2695 -1.2513 1.6444 52 199 89
-10.0823 -1.0977 1.5933 52 199 89
-10.3501 -1.3746 1.3414 52 199 89
-10.0311 -1.3211 1.2227 52 199 89
-9.8761 -1.2213 1.0711 52 199 89
-10.0871 -1.6379 3.4076 52 199 89
-9.7543 -1.2313 3.5118 52 199 89
-9.4219 -1.7300 2.7647 52 199 89
-8.7355 -2.8448 1.1451 52 199 89
-9.0665 -2.2358 2.0046 52 199 89
-9.6561 -1.3809 3.2244 52 199 89
-8.7235 -2.8070 1.1506 52 199 89
-10.0533 -1.2064 3.6118 52 199 89
-10.2650 -1.3999 3.5380 52 199 89
-8.8854 -2.6290 1.4015 52 199 89
-8.7305 -2.7831 1.1218 52 199 89
-10.3033 -1.4168 3.4286 52 199 89
-10.2501 -1.3209 2.0867 52 199 89
-9.9302 -1.4027 1.6171 52 199 89
-10.2390 -1.3516 1.5553 52 199 89
-10.2950 -1.4336 1.3173 52 199 89
-9.8626 -0.9805 1.2600 52 199 89
-9.3566 -1.7235 2.7445 52 199 89
-9.6894 -1.2312 1.6686 52 199 89
-10.3069 -1.4095 1.3629 52 199 89
-8.7995 -2.6503 1.4471 52 199 89
-10.0707 -1.2682 1.8405 52 199 89
-9.8410 -0.8976 1.9387 52 199 89
-10.0060 -1.3161 1.6515 52 199 89
-10.0215 -1.6106 1.3618 52 199 89
-10.2482 -1.3106 1.5570 52 199 89
-9.9821 -1.1338 1.1250 52 199 89
-10.0354 -1.5131 -1.6743 52 199 89
-9.1126 -2.1009 2.1120 52 199 89
-9.7002 -1.5640 2.3158 52 199 89
-10.1155 -1.1085 2.0198 52 199 89
-9.8451 -0.9607 1.8543 52 199 89
-10.3927 -1.3075 1.4986 52 199 89
-10.2305 -1.4834 1.1861 52 199 89
-11.5082 -3.3314 3.9034 52 199 89
-11.5833 -3.2119 3.9918 52 199 89
-11.1144 -3.2536 2.1972 52 199 89
-11.4717 -3.2007 2.3697 52 199 89
-10.0441 -3.3968 1.1253 52 199 89
-10.8995 -3.2614 1.7352 52 199 89
-11.3224 -3.2849 1.9897 52 199 89
-9.0987 -3.5256 0.4181 52 199 89
-11.3485 -3.0075 1.7784 52 199 89
-11.3738 -3.2219 1.5913 52 199 89
-11.1246 -3.2625 1.3756 52 199 89
-11.4455 -2.7230 1.4163 52 199 89
-11.1291 -3.0960 1.1895 52 199 89
-11.3354 -3.0489 1.2784 52 199 89
-11.2891 -2.8859 1.1866 52 199 89
-9.3246 -3.2910 -0.6047 52 199 89
-11.5997 -3.2658 -2.3478 52 199 89
-11.5876 -3.2639 -2.8161 52 199 89
-11.1390 -3.2500 2.2145 52 199 89
-11.1226 -3.2552 1.9943 52 199 89
-10.6877 -3.3141 1.2135 52 199 89
-10.9862 -3.3369 1.3463 52 199 89
-10.0214 -3.4078 0.8275 52 199 89
-11.3102 -2.7544 1.3633 52 199 89
-11.5763 -3.2685 -2.3524 52 199 89
-11.4758 -3.2539 -3.0222 52 199 89
-11.5127 -3.2811 3.8620 52 199 89
-10.9542 -3.2572 1.8696 52 199 89
-9.5507 -3.4644 0.8053 52 199 89
-10.1432 -3.3785 1.2450 52 199 89
-10.5846 -3.3274 1.5337 52 199 89
-9.7063 -3.4617 0.8214 52 199 89
-11.1075 -3.0950 1.7547 52 199 89
-11.1771 -3.0742 1.7805 52 199 89
-11.2668 -3.0258 1.8108 52 199 89
-10.3967 -3.3775 1.0652 52 199 89
-11.0062 -3.3343 1.3601 52 199 89
-10.0118 -3.4083 0.7788 52 199 89
-10.9507 -3.1117 1.0519 52 199 89
-11.1472 -2.9233 1.1261 52 199 89
-11.1922 -3.2247 0.6797 52 199 89
-11.4132 -2.8838 0.4052 52 199 89
-11.3348 -3.3592 3.8286 52 199 89
-11.5188 -2.8938 3.1806 52 199 89
-10.5076 -3.3164 1.2794 52 199 89
-9.5303 -3.4564 0.6262 52 199 89
-10.1152 -3.4061 0.9461 52 199 89
-10.3865 -3.3561 1.0034 52 199 89
-10.7278 -3.3260 1.0883 52 199 89
-11.3330 -3.2764 1.3547 52 199 89
-11.3691 -3.2125 3.7436 52 199 89
-10.5938 -3.3527 1.2321 52 199 89
-11.4737 -2.8270 -0.1570 52 199 89
-11.2647 -3.3403 3.7518 52 199 89
-10.5064 -3.4235 2.6983 52 199 89
-11.2567 -2.9754 2.9145 52 199 89
-11.1102 -3.2576 2.4845 52 199 89
-11.0022 -3.1179 1.7296 52 199 89
-9.4719 -3.4694 0.5641 52 199 89
-11.0017 -3.3184 1.2585 52 199 89
-9.7923 -3.4638 0.6434 52 199 89
-11.0371 -2.7923 1.2202 52 199 89
-10.7882 -3.1483 0.9993 52 199 89
-10.8697 -2.9979 -0.0933 52 199 89
-11.4496 -3.2402 -2.0401 52 199 89
-10.7119 -3.0955 2.3101 52 199 89
-9.4055 -3.3984 0.9194 52 199 89
-11.1736 -3.2528 2.0131 52 199 89
-11.0934 -3.1069 1.9771 52 199 89
-10.7459 -3.3332 1.0946 52 199 89
-11.2113 -2.9415 0.3711 52 199 89
-10.9309 -3.3929 3.2219 52 199 89
-11.3322 -3.2355 2.1500 52 199 89
-11.0068 -3.0956 1.9329 52 199 89
-10.9773 -3.2966 1.7766 52 199 89
-9.5228 -3.4808 0.6411 52 199 89
-10.0011 -3.4212 0.7653 52 199 89
-11.5978 -3.2405 -2.5264 52 199 89
-11.2865 -3.4172 3.6768 52 199 89
-11.4576 -2.5302 1.4527 52 199 89
-11.5634 -3.3459 1.5110 52 199 89
-11.5758 -3.3556 1.5336 52 199 89
-11.6665 -3.2860 1.4464 52 199 89
-11.7321 -3.2748 1.6361 52 199 89
-11.3789 -2.5979 1.3607 52 199 89
-11.6843 -3.2714 1.6249 52 199 89
-11.6371 -2.9684 3.0899 52 199 89
-11.3136 -2.5723 1.1355 52 199 89
-11.6127 -3.2873 1.5958 52 199 89
-11.7153 -3.2679 1.7003 52 199 89
-11.3441 -2.6022 1.3418 52 199 89
-11.7040 -3.2500 2.8297 52 199 89
-11.5078 -3.3090 1.3149 52 199 89
-11.2359 -2.5928 1.1741 52 199 89
-11.2863 -2.5798 1.2372 52 199 89
-11.5540 -3.3068 1.3088 52 199 89
-11.7580 -3.3391 -2.8894 52 199 89
-11.8087 -3.3403 -2.8952 52 199 89
-11.8042 -3.3344 -2.6887 52 199 89
-11.7732 -3.3312 -2.5735 52 199 89
-11.7988 -3.2686 -2.2545 52 199 89
-11.7751 -3.3393 -2.5724 52 199 89
-11.2668 -3.4084 3.3252 52 199 89
-11.5860 -3.3305 1.3048 52 199 89
-11.7710 -3.2545 2.4356 52 199 89
-11.6200 -3.3125 1.9706 52 199 89
-11.7038 -3.3112 2.0053 52 199 89
-11.3811 -2.5555 1.3484 52 199 89
-11.7361 -3.2436 1.7103 52 199 89
-11.3191 -2.5642 1.1290 52 199 89
-11.6778 -3.3267 3.9103 52 199 89
-11.6675 -3.2942 3.9271 52 199 89
-11.7834 -3.3708 -3.4842 52 199 89
-11.4886 -2.5104 1.3956 52 199 89
-11.2849 -3.4046 3.6368 52 199 89
-11.5717 -3.3044 1.3176 52 199 89
-11.7788 -3.3117 -3.1376 52 199 89
-11.6065 -3.2907 1.5702 52 199 89
-11.5654 -2.9453 2.8019 52 199 89
-11.3119 -2.4700 1.3966 52 199 89
-11.6338 -3.2900 1.4227 52 199 89
-11.3386 -2.6045 1.3377 52 199 89
-11.4442 -2.5495 1.3334 52 199 89
-11.6973 -3.3105 2.0064 52 199 89
-11.5064 -3.3437 1.2721 52 199 89
-11.6149 -3.2785 1.6447 52 199 89
-11.7687 -3.2284 1.7419 52 199 89
-11.4541 -3.3362 1.4986 52 199 89
-11.2668 -2.5271 1.1412 52 199 89
-11.4295 -2.5174 1.1657 52 199 89
-11.6422 -2.7549 1.1949 52 199 89
-11.5791 -3.3039 3.8191 52 199 89
-11.6075 -3.3340 3.8229 52 199 89
-11.3816 -3.4140 1.2387 52 199 89
-11.6295 -3.3124 1.9043 52 199 89
-11.6792 -3.2537 2.5789 52 199 89
-11.3983 -3.4117 1.1803 52 199 89
-11.7378 -3.2399 1.8631 52 199 89
-11.2187 -3.4072 3.5664 52 199 89
-11.6855 -3.3305 1.6695 52 199 89
-11.7415 -3.2665 1.6960 52 199 89
-11.2696 -2.5810 1.1079 52 199 89
-11.3986 -2.5566 1.3097 52 199 89
-11.2507 -3.4220 3.3703 52 199 89
-11.5163 -3.3031 1.4522 52 199 89
-11.3888 -2.5721 1.3296 52 199 89
-11.6825 -3.2792 1.5186 52 199 89
-11.5704 -3.3064 1.3275 52 199 89
-11.6041 -3.3026 1.4484 52 199 89
-11.3806 -2.4541 1.3868 52 199 89
-11.3931 -2.5552 1.4207 52 199 89
-11.7457 -3.3151 -3.0970 52 199 89
-11.7736 -3.3328 -2.8057 52 199 89
-11.8080 -3.3423 -2.8329 52 199 89
-11.6047 -2.9768 3.0500 52 199 89
-11.7608 -3.2520 2.3633 52 199 89
-11.7341 -3.2422 2.1659 52 199 89
-11.2012 -3.4145 3.3986 52 199 89
-11.6995 -3.2743 3.9775 52 199 89
-11.6214 -2.4622 -3.6416 52 199 89
-11.2523 -2.6066 1.1228 52 199 89
-11.2724 -2.5182 1.0645 52 199 89
-11.4124 -2.5242 1.1638 52 199 89
-11.5126 -2.5080 1.4597 52 199 89
-11.4200 -2.5504 1.2854 52 199 89
-11.7845 -3.3336 -2.9687 52 199 89
-11.3196 -3.4016 3.4062 52 199 89
-11.6363 -2.6373 -2.8657 52 199 89
-11.6575 -3.3532 -2.7594 52 199 89
-11.6263 -3.2764 2.2234 52 199 89
-11.7499 -3.2340 1.7343 52 199 89
-11.7295 -3.3239 1.6818 52 199 89
-11.6448 -3.2881 1.6091 52 199 89
-11.5081 -3.3633 1.5033 52 199 89
-11.2421 -3.4106 3.4587 52 199 89
-11.8092 -3.3693 -3.4706 52 199 89
-11.4651 -3.4100 1.2812 52 199 89
-11.4019 -2.4601 1.1017 52 199 89
-11.5930 -2.6968 1.1271 52 199 89
-11.2826 -3.4196 2.9408 52 199 89
-11.5375 -3.3440 3.7400 52 199 89
-11.7311 -3.2557 -2.3224 52 199 89
-11.7889 -3.2632 -2.2190 52 199 89
-11.7350 -3.0711 2.2527 52 199 89
-11.4071 -2.5346 1.1594 52 199 89
-11.4804 -2.5435 1.3986 52 199 89
-11.3248 -2.5547 1.2187 52 199 89
-11.7049 -2.9494 3.2751 52 199 89
-11.5685 -3.3377 1.6100 52 199 89
-11.1746 -3.4301 3.2912 52 199 89
-11.7500 -3.3192 -3.1140 52 199 89
-11.8095 -3.3623 -3.0134 52 199 89
-11.6541 -3.3541 -2.6829 52 199 89
-11.2233 -3.4084 3.2344 52 199 89
-11.3709 -2.6070 1.2579 52 199 89
-11.7449 -3.2839 2.0410 52 199 89
-11.6115 -2.6746 1.8262 52 199 89
-11.5787 -3.3584 1.5476 52 199 89
-11.3376 -3.3959 3.4522 52 199 89
-11.3655 -2.4982 1.2155 52 199 89
-11.6269 -2.5150 -3.2947 52 199 89
-11.5551 -2.6741 -2.4965 52 199 89
-11.4092 -2.7581 1.0727 52 199 89
-11.3647 -3.4102 1.0305 52 199 89
-11.5063 -3.3485 3.7025 52 199 89
-11.5234 -3.4053 1.3068 52 199 89
-11.7330 -3.3734 -3.1828 52 199 89
-11.7542 -3.3675 -2.9475 52 199 89
-11.7691 -3.3355 -2.9101 52 199 89
-11.4025 -3.3698 1.4386 52 199 89
-11.7903 -3.3635 -2.6129 52 199 89
-11.2407 -3.0389 2.7745 52 199 89
-11.6939 -3.3287 1.6802 52 199 89
-11.5597 -3.2992 1.5705 52 199 89
-11.3710 -2.5509 1.4704 52 199 89
-11.3748 -2.5975 1.4294 52 199 89
-11.5097 -3.3178 1.3271 52 199 89
-11.3912 -2.5994 1.2591 52 199 89
-11.7893 -3.3700 -3.4222 52 199 89
-11.2689 -2.6809 1.1341 52 199 89
-11.6131 -3.1097 1.2315 52 199 89
-11.2714 -2.5408 1.1856 52 199 89
-11.7346 -2.9320 1.5144 52 199 89
-11.7100 -3.3127 2.0086 52 199 89
-11.4778 -3.3703 3.8533 52 199 89
-11.4138 -3.4064 1.0428 52 199 89
-11.4088 -3.3800 3.7488 52 199 89
-11.6343 -3.1851 3.8992 52 199 89
-11.7419 -3.2569 2.8793 52 199 89
-11.6901 -3.2635 2.6030 52 199 89
-11.6301 -3.2532 1.7756 52 199 89
-11.6592 -2.6645 1.8299 52 199 89
-11.6148 -3.3339 1.6192 52 199 89
-11.6742 -3.2889 1.5967 52 199 89
-11.5066 -2.7945 1.4665 52 199 89
-11.4550 -3.3994 1.3317 52 199 89
-11.6375 -3.3833 1.2441 52 199 89
-11.6733 -3.0790 1.2518 52 199 89
-11.7047 -3.2431 -2.2639 52 199 89
-11.5673 -2.6415 -2.5829 52 199 89
-11.5663 -3.3537 -2.6556 52 199 89
-11.7922 -3.3483 -3.1959 52 199 89
-11.5527 -3.2770 2.5339 52 199 89
-11.5908 -3.2556 2.1210 52 199 89
-11.5905 -3.3217 1.9423 52 199 89
-11.7449 -3.0221 2.0668 52 199 89
-11.7398 -3.2395 1.8458 52 199 89
-11.8006 -3.2533 1.6881 52 199 89
-11.4368 -3.3997 1.1811 52 199 89
-11.3513 -2.5373 1.2379 52 199 89
-11.6759 -2.9813 0.3033 52 199 89
-11.4926 -2.6596 -2.1946 52 199 89
-11.8034 -3.3586 -2.6530 52 199 89
-11.6019 -2.6554 -2.7810 52 199 89
-11.7601 -3.3486 -2.9942 52 199 89
-11.7918 -3.3168 -3.1658 52 199 89
-11.6574 -3.3769 -3.2098 52 199 89
-11.5706 -3.8697 1.2733 52 199 89
-11.2920 -3.7374 3.3656 52 199 89
-11.8493 -2.8078 1.3683 52 199 89
-11.8189 -2.6976 1.3653 52 199 89
-11.7898 -2.8036 1.3604 52 199 89
-11.8437 -2.7959 1.4936 52 199 89
-11.9427 -3.8776 -2.7356 52 199 89
-11.9133 -2.6551 1.5003 52 199 89
-11.7950 -3.6484 1.4087 52 199 89
-11.4641 -3.8522 1.8741 52 199 89
-11.8218 -2.7072 1.4676 52 199 89
-10.9876 -3.7089 2.7500 52 199 89
-11.7470 -3.1071 1.3619 52 199 89
-11.9757 -3.1492 -2.7054 52 199 89
-11.1485 -3.6642 1.6097 52 199 89
-11.4355 -3.8451 1.7884 52 199 89
-11.2737 -3.9377 3.2605 52 199 89
-11.9715 -2.8260 2.5069 52 199 89
-11.9879 -3.9221 -3.6522 52 199 89
-11.9164 -2.9973 -3.5122 52 199 89
-11.7947 -3.6464 1.9223 52 199 89
-11.8720 -3.9415 -3.3766 52 199 89
-11.1245 -3.9161 2.8789 52 199 89
-11.4962 -3.4825 0.7855 52 199 89
-11.3258 -3.6816 3.3263 52 199 89
-11.1347 -3.4025 0.8394 52 199 89
-11.1077 -3.9094 3.0153 52 199 89
-11.6855 -2.9673 0.9731 52 199 89
-11.4097 -3.0298 0.8927 52 199 89
-11.8060 -2.8572 1.0508 52 199 89
-11.7892 -3.3583 1.0392 52 199 89
-11.4963 -3.3863 0.9330 52 199 89
-11.9745 -3.1916 -3.1572 52 199 89
-11.3768 -3.9422 0.9165 52 199 89
-11.8988 -3.2578 1.7511 52 199 89
-11.7957 -3.6418 1.6829 52 199 89
-11.7783 -2.8181 1.1370 52 199 89
-11.7438 -2.8908 1.1296 52 199 89
-11.7389 -2.9027 1.1419 52 199 89
-11.9898 -3.1844 -3.0085 52 199 89
-11.8894 -2.8794 1.2231 52 199 89
-11.8294 -2.8184 1.3047 52 199 89
-11.6275 -2.8279 1.1306 52 199 89
-11.7355 -2.8179 1.5154 52 199 89
-11.7577 -2.8041 1.5261 52 199 89
-11.6363 -3.1059 1.4478 52 199 89
-11.7278 -3.0540 1.2072 52 199 89
-11.6478 -3.6097 1.4181 52 199 89
-11.9704 -3.0597 1.5881 52 199 89
-11.9845 -3.1541 -2.9885 52 199 89
-11.7092 -2.9250 1.4540 52 199 89
-11.9183 -3.1014 -2.9020 52 199 89
-11.4385 -3.8545 1.1191 52 199 89
-11.9474 -2.6709 1.5888 52 199 89
-11.6905 -3.1286 1.4250 52 199 89
-11.2962 -3.7533 3.1419 52 199 89
-11.7051 -3.6058 1.4137 52 199 89
-11.6738 -2.9277 1.4013 52 199 89
-11.5473 -3.4714 0.7681 52 199 89
-11.7623 -2.7083 1.3148 52 199 89
-11.8537 -2.6814 1.5156 52 199 89
-11.8528 -2.8273 1.2484 52 199 89
-11.7420 -2.7091 1.4363 52 199 89
-11.7574 -2.7638 1.1878 52 199 89
-11.1159 -3.9027 3.0885 52 199 89
-11.3598 -3.7171 3.4014 52 199 89
-11.6221 -2.9855 1.3914 52 199 89
-11.6098 -2.8836 0.7863 52 199 89
-11.8570 -2.7680 -2.3479 52 199 89
-11.0238 -3.8943 2.8548 52 199 89
-11.2291 -3.6368 0.7350 52 199 89
-11.3524 -3.6388 0.8024 52 199 89
-11.6318 -2.9709 0.9209 52 199 89
-11.7067 -3.7262 3.7029 52 199 89
-11.7527 -2.9640 0.9955 52 199 89
-11.8651 -2.8125 1.4408 52 199 89
-11.9926 -3.9469 -3.3620 52 199 89
-10.9735 -3.6844 2.8071 52 199 89
-11.9956 -3.9626 -3.3140 52 199 89
-11.7658 -2.8827 1.0568 52 199 89
-11.3805 -3.8591 1.3868 52 199 89
-11.5348 -3.8932 1.5524 52 199 89
-11.1583 -3.9258 3.0271 52 199 89
-11.1163 -3.9170 2.9336 52 199 89
-11.3917 -3.7977 3.3108 52 199 89
-11.6730 -3.6105 3.8837 52 199 89
-11.2597 -3.8762 1.0713 52 199 89
-11.2481 -3.8499 3.0534 52 199 89
-11.8877 -3.9332 -2.9507 52 199 89
-11.9806 -3.2486 -2.9247 52 199 89
-11.9819 -2.6276 -2.7767 52 199 89
-11.9772 -3.8881 -2.7324 52 199 89
-11.2065 -3.7461 2.9863 52 199 89
-11.8732 -2.6566 1.5324 52 199 89
-11.8709 -3.9307 -2.8650 52 199 89
-11.9799 -3.9753 -3.1143 52 199 89
-11.9198 -3.8768 -2.5923 52 199 89
-11.9628 -3.1336 1.6629 52 199 89
-11.7254 -2.9803 1.3864 52 199 89
-11.6908 -2.9690 0.9223 52 199 89
-11.8181 -2.7086 1.2651 52 199 89
-11.3741 -3.7431 3.4747 52 199 89
-11.7141 -2.9639 0.9260 52 199 89
-11.7713 -2.9587 0.9418 52 199 89
-11.5957 -2.9794 0.9082 52 199 89
-11.8720 -2.6726 1.4016 52 199 89
-11.6993 -2.9640 0.9792 52 199 89
-11.8216 -2.9484 1.0192 52 199 89
-11.8077 -2.8658 1.0373 52 199 89
-11.6384 -3.3754 0.9759 52 199 89
-11.7852 -3.6863 1.7137 52 199 89
-11.9359 -3.2526 1.7733 52 199 89
-11.2725 -3.9289 1.9319 52 199 89
-11.8625 -3.9421 -3.2546 52 199 89
-11.8009 -2.8673 1.1189 52 199 89
-11.2448 -3.6975 3.2123 52 199 89
-11.9583 -3.9446 -3.3139 52 199 89
-10.9243 -3.7144 2.6558 52 199 89
-11.8181 -2.7707 1.1511 52 199 89
-11.9651 -2.7183 -2.5142 52 199 89
-11.7774 -2.8369 1.1331 52 199 89
-11.9719 -3.9595 -3.2855 52 199 89
-11.7854 -3.0791 1.5244 52 199 89
-11.8534 -2.7779 1.5664 52 199 89
-11.6792 -2.8736 1.1574 52 199 89
-11.8918 -2.7748 1.5412 52 199 89
-11.4356 -3.8435 1.2007 52 199 89
-11.9398 -3.8205 -2.6046 52 199 89
-11.7758 -3.1159 1.4432 52 199 89
-11.7553 -2.9102 1.4277 52 199 89
-11.8082 -2.6937 1.3524 52 199 89
-11.8589 -2.7831 1.4657 52 199 89
-11.8075 -2.7112 1.4345 52 199 89
-11.4278 -3.8968 1.2363 52 199 89
-11.8483 -3.6516 1.4332 52 199 89
-11.8858 -2.6782 1.3978 52 199 89
-11.8920 -2.8052 1.4532 52 199 89
-11.3126 -3.8269 2.1895 52 199 89
-11.7567 -2.7093 1.3991 52 199 89
-11.4755 -3.7446 3.4124 52 199 89
-11.0614 -3.6312 2.8783 52 199 89
-11.8295 -2.7943 1.3818 52 199 89
-11.7474 -2.9121 1.3595 52 199 89
-11.8177 -2.7083 1.3991 52 199 89
-11.9371 -2.9544 -3.6963 52 199 89
-11.9831 -3.9753 -3.6897 52 199 89
-11.9852 -3.9613 -3.3430 52 199 89
-11.9358 -3.9357 -3.2305 52 199 89
-11.9738 -3.1874 -3.2152 52 199 89
-11.9661 -3.1663 -3.0290 52 199 89
-11.8730 -3.8710 -2.5480 52 199 89
-11.9376 -3.9394 -2.9452 52 199 89
-11.9013 -3.1992 -2.9046 52 199 89
-11.9708 -2.9705 -2.6724 52 199 89
-11.5166 -3.8608 1.9069 52 199 89
-11.7401 -3.8489 1.5890 52 199 89
-11.4739 -3.8504 1.8237 52 199 89
-11.7529 -2.8134 1.5435 52 199 89
-11.8552 -2.6907 1.3339 52 199 89
-11.3130 -3.7334 3.3728 52 199 89
-11.3146 -3.7091 3.3075 52 199 89
-11.8074 -3.6410 1.4137 52 199 89
-11.2057 -3.6975 3.1280 52 199 89
-11.8698 -3.9589 -3.1794 52 199 89
-10.9848 -3.6243 2.7488 52 199 89
-11.9475 -2.6428 1.4761 52 199 89
-11.4672 -3.6067 3.5944 52 199 89
-11.9342 -3.9603 -3.0544 52 199 89
-11.9839 -2.9599 -3.7113 52 199 89
-11.4614 -3.8516 3.4900 52 199 89
-11.9031 -3.8808 1.9693 52 199 89
-11.4862 -3.8049 3.3792 52 199 89
-11.8957 -2.6860 1.5813 52 199 89
-11.2807 -3.8450 3.1257 52 199 89
-11.9113 -2.6614 -2.7727 52 199 89
-11.9350 -2.7233 -2.3831 52 199 89
-11.0596 -3.8917 2.7016 52 199 89
-11.2413 -3.8248 3.2418 52 199 89
-11.6740 -2.9377 1.2124 52 199 89
-11.7350 -2.7704 1.1792 52 199 89
-11.2791 -3.8129 1.2115 52 199 89
-11.4371 -3.8624 1.5349 52 199 89
-11.1510 -3.8374 2.9270 52 199 89
-11.7978 -3.1221 1.4694 52 199 89
-11.2169 -3.6732 3.2215 52 199 89
-11.3559 -3.1940 1.2570 52 199 89
-11.8703 -3.8748 1.5102 52 199 89
-11.8208 -2.7945 1.5085 52 199 89
-11.5506 -3.8269 1.3702 52 199 89
-11.9529 -2.7929 1.6136 52 199 89
-11.8741 -2.6924 1.5768 52 199 89
-11.8112 -2.7890 1.5559 52 199 89
-11.9114 -2.7790 1.6631 52 199 89
-11.8578 -2.8888 1.6330 52 199 89
-11.7191 -3.0878 1.5553 52 199 89
-11.1211 -3.6915 3.0364 52 199 89
-11.5143 -3.0900 1.1264 52 199 89
-11.2839 -3.7689 3.2272 52 199 89
-11.4412 -3.6539 3.4188 52 199 89
-11.8190 -2.7832 1.2557 52 199 89
-11.7404 -2.9966 1.1915 52 199 89
-11.7117 -2.9144 1.1841 52 199 89
-11.8253 -3.6790 1.7370 52 199 89
-11.5921 -3.5042 -0.5184 52 199 89
-11.6984 -2.9249 1.1564 52 199 89
-11.5148 -3.8062 3.4209 52 199 89
-10.9590 -3.6253 2.7124 52 199 89
-11.7689 -2.8397 0.8339 52 199 89
-11.4504 -3.4678 3.3400 52 199 89
-11.7833 -3.4748 0.8701 52 199 89
-11.3288 -3.8962 3.1436 52 199 89
-11.0407 -3.8890 2.6813 52 199 89
-11.8103 -2.8874 1.1619 52 199 89
-11.4323 -3.9480 0.8784 52 199 89
-11.5051 -3.8535 2.4087 52 199 89
-11.5809 -3.8549 2.4631 52 199 89
-11.7112 -2.8188 1.0221 52 199 89
-11.7795 -2.8834 1.1381 52 199 89
-11.6832 -2.8860 1.0430 52 199 89
-11.3512 -3.9418 1.9957 52 199 89
-11.4276 -3.8419 2.0220 52 199 89
-11.7347 -2.9128 1.0997 52 199 89
-11.7849 -2.7330 1.1267 52 199 89
-11.9350 -2.9910 2.3084 52 199 89
-11.3649 -3.8351 1.8263 52 199 89
-11.8936 -2.8360 1.1702 52 199 89
-11.8200 -2.8623 1.1278 52 199 89
-11.6941 -3.1262 1.3932 52 199 89
-11.8317 -2.7955 1.4414 52 199 89
-11.6840 -3.1203 1.3396 52 199 89
-11.6441 -2.7578 1.3349 52 199 89
-11.4807 -3.6403 1.2024 52 199 89
-11.4613 -3.9037 1.1685 52 199 89
-11.9021 -2.7367 -2.4587 52 199 89
-11.9814 -3.8772 -2.5348 52 199 89
-11.9171 -3.8198 -2.5838 52 199 89
-11.8678 -3.8734 -2.5695 52 199 89
-11.9914 -2.9651 -2.6937 52 199 89
-12.0060 -3.8480 -2.7908 52 199 89
-11.9044 -3.8524 -2.7301 52 199 89
-11.9572 -3.8735 -2.8298 52 199 89
-11.9535 -3.8792 -2.9011 52 199 89
-11.9260 -3.1634 -3.0406 52 199 89
-11.9292 -3.9486 -3.3695 52 199 89
-11.9765 -2.9780 -3.4338 52 199 89
-11.7457 -3.9194 -3.2141 52 199 89
-11.8859 -3.9592 -3.5763 52 199 89
-11.9764 -3.1745 -3.9608 52 199 89
-11.3854 -3.6415 0.7762 52 199 89
-11.7397 -2.8541 0.8807 52 199 89
-11.2889 -3.8077 1.3409 52 199 89
-11.1474 -3.8173 2.9713 52 199 89
-11.7481 -2.8018 1.6390 52 199 89
-11.9497 -3.9067 -3.8857 52 199 89
-11.3239 -3.8892 3.1764 52 199 89
-11.0189 -3.8997 2.9515 52 199 89
-11.1611 -3.9154 3.1106 52 199 89
-11.9855 -2.9449 -3.7535 52 199 89
-11.9141 -2.9760 -3.6150 52 199 89
-11.9869 -3.0319 -3.6986 52 199 89
-11.8676 -3.9089 -3.5392 52 199 89
-11.9728 -3.1831 -3.2045 52 199 89
-11.9244 -3.1604 -3.0339 52 199 89
-11.8614 -2.7964 -2.8762 52 199 89
-11.9677 -3.1327 -2.9755 52 199 89
-11.7010 -2.8204 1.2689 52 199 89
-11.9327 -3.8770 -2.8728 52 199 89
-11.9294 -3.2568 -2.8477 52 199 89
-10.5401 -3.6143 2.2165 52 199 89
-11.8982 -3.8778 -2.7188 52 199 89
-11.8435 -3.8671 -2.5501 52 199 89
-11.4565 -3.7382 3.3895 52 199 89
-11.4722 -3.4693 3.3728 52 199 89
-11.6372 -2.9798 0.9560 52 199 89
-11.6118 -2.9939 0.9486 52 199 89
-11.7289 -2.8085 1.2242 52 199 89
-11.0357 -3.8886 2.6679 52 199 89
-11.8714 -3.0748 1.3814 52 199 89
-11.8301 -2.8060 1.3838 52 199 89
-11.6884 -2.9008 1.0352 52 199 89
-11.7043 -2.8281 1.3679 52 199 89
-11.7473 -2.8127 1.0910 52 199 89
-11.8804 -3.0497 1.5313 52 199 89
-11.5418 -3.8759 1.0151 52 199 89
-11.6511 -3.6419 1.8455 52 199 89
-11.9172 -2.7194 1.1918 52 199 89
-11.9033 -2.7628 1.6079 52 199 89
-11.6960 -3.7099 3.8742 52 199 89
-11.8160 -2.8281 0.8781 52 199 89
-11.9746 -2.9640 1.2023 52 199 89
-11.8640 -2.8115 1.1644 52 199 89
-11.7884 -3.8565 -2.3854 52 199 89
-11.8616 -2.7488 -2.4235 52 199 89
-11.3623 -3.8348 1.8324 52 199 89
-11.9877 -3.1802 -3.9139 52 199 89
-11.3486 -3.1065 3.3791 52 199 89
-11.2303 -3.8243 3.2360 52 199 89
-11.3135 -3.7061 3.3490 52 199 89
-11.7017 -3.7407 3.8565 52 199 89
-11.6690 -3.0172 1.1805 52 199 89
-11.6079 -2.9415 1.0632 52 199 89
-11.8722 -2.8241 0.7999 52 199 89
-11.9460 -2.9889 2.3139 52 199 89
-11.7885 -2.9012 1.1863 52 199 89
-11.9657 -3.9093 -3.9070 52 199 89
-11.6430 -2.8799 0.8537 52 199 89
-11.9873 -3.1293 -2.9829 52 199 89
-11.8497 -3.8677 -2.7633 52 199 89
-11.9752 -2.7389 -2.8488 52 199 89
-11.9447 -2.9745 -2.8300 52 199 89
-11.9338 -3.1882 -2.8142 52 199 89
-11.8209 -3.8699 -2.6299 52 199 89
-11.8864 -3.7673 3.9444 52 199 89
-11.5999 -3.7885 3.5459 52 199 89
-10.9098 -3.6202 2.6514 52 199 89
-11.2312 -3.4826 3.0735 52 199 89
-11.6236 -3.4382 3.5839 52 199 89
-11.3067 -3.9282 3.0918 52 199 89
-11.1914 -3.9061 3.2370 52 199 89
-11.8609 -3.4789 -0.5961 52 199 89
-11.8576 -3.8975 2.0718 52 199 89
-11.6265 -3.6708 1.8346 52 199 89
-11.4662 -3.6405 1.7289 52 199 89
-11.8671 -2.7984 1.0774 52 199 89
-11.6799 -3.2580 1.7203 52 199 89
-10.9826 -3.8676 0.7650 52 199 89
-11.8264 -2.7798 1.6813 52 199 89
-11.6484 -2.8966 1.0666 52 199 89
-11.5940 -2.9253 1.0804 52 199 89
-10.1759 -3.5841 0.7151 52 199 89
-11.6350 -3.0970 1.4684 52 199 89
-11.9904 -3.0613 1.6257 52 199 89
-11.7994 -3.9274 1.4706 52 199 89
-11.2818 -3.5796 1.1924 52 199 89
-11.3486 -3.8451 1.0210 52 199 89
-11.7722 -2.8167 1.3972 52 199 89
-11.4290 -3.8777 1.2030 52 199 89
-11.9485 -3.0685 1.4455 52 199 89
-11.8382 -2.7827 1.3562 52 199 89
-11.9040 -3.0169 1.2810 52 199 89
-11.9457 -3.9700 -3.3016 52 199 89
-11.9233 -3.9390 -3.3872 52 199 89
-11.9603 -2.9529 -3.7086 52 199 89
-11.8589 -3.9376 -2.7331 52 199 89
-11.9017 -3.0584 -3.7132 52 199 89
-11.8930 -3.5085 -0.4939 52 199 89
-11.7696 -3.4706 -0.4728 52 199 89
-11.8192 -3.1107 -3.3925 52 199 89
-11.9144 -3.9765 -3.0853 52 199 89
-11.5556 -3.8670 3.5534 52 199 89
-10.9663 -3.8938 2.8835 52 199 89
-11.8268 -3.0572 1.4301 52 199 89
-11.7681 -2.8054 1.3602 52 199 89
-11.8212 -2.8115 1.0513 52 199 89
-11.6518 -2.9834 0.9868 52 199 89
-11.6107 -3.1127 1.2081 52 199 89
-11.5165 -2.9504 1.0492 52 199 89
-11.4807 -2.8863 1.0299 52 199 89
-11.8803 -2.9730 -3.6140 52 199 89
-11.9034 -3.9533 -3.6121 52 199 89
-11.9098 -3.9238 -3.5807 52 199 89
-11.1626 -3.9085 2.8259 52 199 89
-11.5968 -3.0521 -3.1504 52 199 89
-11.9762 -3.1761 -3.2205 52 199 89
-11.1644 -3.8193 1.6106 52 199 89
-11.0883 -3.6479 1.4988 52 199 89
-10.8045 -3.6201 1.3098 52 199 89
-11.6992 -2.8424 1.6301 52 199 89
-11.9520 -3.2136 1.7205 52 199 89
-11.8497 -2.8798 1.5515 52 199 89
-11.6771 -2.8736 1.4611 52 199 89
-11.9278 -3.1478 -3.0405 52 199 89
-10.4943 -3.7667 0.8343 52 199 89
-11.9470 -3.9331 -2.8213 52 199 89
-11.0043 -3.7042 2.7804 52 199 89
-11.9548 -3.0488 -3.7822 52 199 89
-11.8644 -3.0436 -3.4119 52 199 89
-11.9545 -3.6113 3.1659 52 199 89
-11.3736 -3.8438 3.3241 52 199 89
-11.1974 -3.6638 0.8246 52 199 89
-11.8924 -3.9430 -2.7658 52 199 89
-11.8298 -3.2564 -2.4645 52 199 89
-11.1909 -3.8921 0.7878 52 199 89
-11.7063 -2.9142 -3.4478 52 199 89
-11.9988 -3.9109 -3.9163 52 199 89
-11.9006 -3.4639 3.9520 52 199 89
-11.7905 -2.8864 -3.1553 52 199 89
-11.1381 -3.8111 1.8541 52 199 89
-11.9884 -3.1006 -2.9544 52 199 89
-11.8171 -3.1942 -3.5269 52 199 89
-11.6033 -3.3041 0.9601 52 199 89
-11.1273 -3.9218 3.1029 52 199 89
-11.4938 -3.7577 3.5942 52 199 89
-11.0873 -3.7564 2.9736 52 199 89
-11.7640 -3.8817 -1.9549 52 199 89
-11.8059 -3.1471 3.1116 52 199 89
-9.7284 -3.5682 0.9066 52 199 89
-10.8919 -3.7679 1.3615 52 199 89
-10.1784 -3.6010 0.8850 52 199 89
-11.9282 -2.8078 1.9981 52 199 89
-11.2703 -3.8530 1.5343 52 199 89
-11.2962 -3.6094 1.5462 52 199 89
-11.9056 -2.8300 1.8819 52 199 89
-11.2185 -3.8412 0.9286 52 199 89
-11.7944 -3.3600 1.0901 52 199 89
-11.5597 -3.0101 1.4311 52 199 89
-11.6555 -2.8816 1.4467 52 199 89
-11.6034 -2.9406 1.2125 52 199 89
-11.6141 -2.9074 1.1259 52 199 89
-11.8601 -3.9224 -2.7573 52 199 89
-11.7461 -3.8548 -2.6506 52 199 89
-11.8313 -2.9209 -2.7384 52 199 89
-11.9078 -3.2144 -2.9613 52 199 89
-11.7216 -3.9439 -2.8818 52 199 89
-11.9636 -3.0301 -3.5667 52 199 89
-11.7868 -3.9075 -3.4519 52 199 89
-11.7887 -3.0773 -3.5750 52 199 89
-11.9275 -2.8599 -3.7513 52 199 89
-11.8214 -3.1512 -3.7093 52 199 89
-11.9621 -3.9790 -3.9819 52 199 89
-11.7267 -3.5370 3.9217 52 199 89
-10.9877 -3.8710 2.9434 52 199 89
-11.6468 -2.9221 -3.0094 52 199 89
-11.3771 -2.9498 0.7161 52 199 89
-11.6699 -3.1666 1.3889 52 199 89
-11.9822 -2.9668 -2.8788 52 199 89
-11.8917 -3.1853 -3.6429 52 199 89
-11.9288 -3.0548 -0.4735 52 199 89
-11.6393 -3.6213 0.2590 52 199 89
-11.2726 -3.6714 1.6495 52 199 89
-11.9588 -3.8681 -2.6154 52 199 89
-11.8089 -2.9550 1.0201 52 199 89
-11.7585 -3.1473 2.9539 52 199 89
-9.7627 -3.5634 0.8904 52 199 89
-11.0614 -3.6408 1.5070 52 199 89
-11.5459 -3.6761 1.6690 52 199 89
-11.0084 -3.1182 1.2561 52 199 89
-11.6807 -3.2336 1.5709 52 199 89
-10.9410 -3.8002 0.9859 52 199 89
-11.8326 -3.9413 -2.8230 52 199 89
-11.5713 -3.0486 1.1667 52 199 89
-11.6458 -3.8457 -2.5277 52 199 89
-11.9131 -2.8825 -3.4291 52 199 89
-11.7787 -3.0481 2.1115 52 199 89
-11.2527 -3.8515 1.5317 52 199 89
-11.9392 -3.9119 -3.1867 52 199 89
-11.4810 -3.1956 1.2994 52 199 89
-11.0917 -3.5733 0.9197 52 199 89
-11.9031 -3.8717 -2.3787 52 199 89
-10.8161 -3.6454 0.7245 52 199 89
-11.8388 -3.0293 -3.5379 52 199 89
-11.8893 -3.1373 -3.7745 52 199 89
-11.5052 -3.6191 0.2558 52 199 89
-11.9515 -3.4465 0.1712 52 199 89
-12.0640 -3.2349 1.8678 52 199 89
-12.0383 -3.2291 2.0823 52 199 89
-11.9773 -3.2690 2.0124 52 199 89
-11.8599 -3.0937 1.9396 52 199 89
-11.8481 -2.9047 1.9291 52 199 89
-12.1278 -3.1632 -3.0743 52 199 89
-11.8948 -2.9072 1.9403 52 199 89
-12.1313 -2.9465 3.1729 52 199 89
-11.7831 -2.8723 1.3362 52 199 89
-12.1274 -2.8590 2.2556 52 199 89
-12.0341 -3.1146 2.1782 52 199 89
-11.9816 -3.0794 1.9827 52 199 89
-11.7679 -2.8836 1.3130 52 199 89
-11.9860 -3.2671 2.1509 52 199 89
-12.0305 -3.9400 1.4213 52 199 89
-12.1773 -3.2224 2.2539 52 199 89
-12.1352 -2.8376 2.8320 52 199 89
-11.7493 -2.7938 1.3599 52 199 89
-12.1550 -3.1755 -3.0717 52 199 89
-12.1176 -3.1647 -3.0113 52 199 89
-11.8626 -2.9246 1.8923 52 199 89
-11.7248 -2.8204 1.3642 52 199 89
-11.7752 -2.8794 1.3939 52 199 89
-12.0628 -3.6690 1.7414 52 199 89
-12.0696 -2.7804 2.9127 52 199 89
-11.8880 -2.8826 1.4543 52 199 89
-11.7989 -2.9139 1.7942 52 199 89
-11.7983 -2.8098 1.7952 52 199 89
-12.0312 -2.8838 2.8968 52 199 89
-12.1253 -2.8029 3.0038 52 199 89
-12.1091 -2.8154 2.9871 52 199 89
-12.1445 -3.2014 -2.9296 52 199 89
-12.0033 -3.0668 1.9255 52 199 89
-11.7194 -2.8488 1.3823 52 199 89
-12.1539 -2.7815 3.0511 52 199 89
-12.1580 -2.7805 3.0905 52 199 89
-11.9671 -2.8388 2.9106 52 199 89
-11.7921 -2.8140 1.7599 52 199 89
-12.1495 -2.7884 3.0991 52 199 89
-11.9343 -3.6605 1.8274 52 199 89
-11.7447 -2.8019 1.4162 52 199 89
-12.1426 -3.0098 3.1323 52 199 89
-11.7607 -2.9180 1.7206 52 199 89
-12.0908 -3.1687 -2.8455 52 199 89
-12.0927 -2.7827 3.0982 52 199 89
-9.7569 -3.5025 1.0647 52 199 89
-12.1816 -3.1844 -2.9051 52 199 89
-12.1248 -2.7575 3.1504 52 199 89
-12.0768 -2.8596 3.0975 52 199 89
-11.9016 -3.1055 1.7967 52 199 89
-11.7908 -3.0949 1.6209 52 199 89
-12.1235 -3.2102 -2.8409 52 199 89
-12.0137 -2.8684 3.0769 52 199 89
-11.7025 -2.9780 1.6569 52 199 89
-12.0379 -2.8711 2.2241 52 199 89
-12.0244 -3.1816 -2.6741 52 199 89
-12.1472 -2.9406 3.2601 52 199 89
-11.9294 -3.9787 1.5909 52 199 89
-12.1358 -3.0083 3.2474 52 199 89
-11.7600 -2.8581 1.5129 52 199 89
-11.8173 -2.6941 1.7191 52 199 89
-12.1482 -3.1233 3.2570 52 199 89
-12.1752 -3.1689 -2.8127 52 199 89
-12.1373 -3.1277 3.3190 52 199 89
-12.0377 -2.9708 3.2984 52 199 89
-12.1133 -2.6273 2.5979 52 199 89
-11.8766 -3.0805 1.6205 52 199 89
-12.1834 -3.0767 -2.7218 52 199 89
-11.7718 -2.8418 1.6594 52 199 89
-11.8988 -2.6581 1.7358 52 199 89
-11.0832 -3.9307 3.0830 52 199 89
-11.6301 -3.7412 3.9221 52 199 89
-12.0170 -2.6648 2.5174 52 199 89
-12.1399 -3.1015 3.5453 52 199 89
-11.2681 -3.7479 3.2068 52 199 89
-12.1374 -3.0994 -2.6705 52 199 89
-12.1075 -3.1176 3.5067 52 199 89
-12.1482 -2.8860 3.5696 52 199 89
-12.0521 -2.6348 2.6176 52 199 89
-12.1370 -3.7142 2.3595 52 199 89
-12.1806 -2.7398 2.4434 52 199 89
-11.8394 -3.6672 1.0700 52 199 89
-11.9814 -2.7625 2.2956 52 199 89
-11.5330 -3.7797 3.5716 52 199 89
-12.1512 -2.7280 2.4614 52 199 89
-12.0078 -2.9002 3.4880 52 199 89
-12.0603 -3.2075 3.5601 52 199 89
-12.1121 -3.1403 -2.5786 52 199 89
-12.1318 -3.1226 3.6820 52 199 89
-11.8491 -2.7050 1.6713 52 199 89
-12.1509 -3.1198 -2.5888 52 199 89
-11.9109 -3.2380 3.4395 52 199 89
-12.1396 -3.0792 -3.9004 52 199 89
-12.1371 -3.1447 -3.8402 52 199 89
-10.8913 -3.8904 2.6094 52 199 89
-12.1946 -3.1394 -3.8731 52 199 89
-11.8380 -2.7966 1.6221 52 199 89
-12.0559 -3.0031 2.5859 52 199 89
-12.0692 -3.9794 -3.6350 52 199 89
-11.8987 -2.7036 2.4361 52 199 89
-12.1201 -2.7558 3.0583 52 199 89
-12.0848 -3.9623 -3.3544 52 199 89
-12.1845 -3.0852 -2.7004 52 199 89
-11.7421 -4.0109 1.1279 52 199 89
-12.1468 -3.1694 -2.8947 52 199 89
-11.3486 -3.7548 3.4010 52 199 89
-12.1108 -3.1497 -3.1167 52 199 89
-11.8571 -2.7028 1.8357 52 199 89
-11.8980 -2.6611 1.8000 52 199 89
-11.9363 -3.0680 2.0050 52 199 89
-12.0376 -3.0480 1.9539 52 199 89
-11.7629 -3.9436 1.3888 52 199 89
-11.7723 -2.7466 1.3926 52 199 89
-12.1599 -3.9079 2.0256 52 199 89
-12.1007 -3.9657 -3.0702 52 199 89
-11.6194 -3.1218 1.5913 52 199 89
-12.2049 -3.9712 2.0194 52 199 89
-12.0622 -3.2490 2.2182 52 199 89
-12.1612 -3.9947 1.6471 52 199 89
-12.0635 -2.7511 2.5073 52 199 89
-11.9538 -2.9154 1.8060 52 199 89
-11.8390 -2.8296 1.7418 52 199 89
-11.7115 -2.7543 1.6687 52 199 89
-12.2017 -3.9653 -3.1356 52 199 89
-12.1495 -2.9584 -3.3580 52 199 89
-12.1731 -2.9125 3.2816 52 199 89
-12.0786 -2.7835 2.3935 52 199 89
-12.1739 -3.9642 1.5261 52 199 89
-12.1111 -2.9991 -3.8130 52 199 89
-12.1480 -2.9176 -3.5689 52 199 89
-12.0917 -2.8899 2.9516 52 199 89
-11.4026 -3.8153 3.3720 52 199 89
-12.0242 -2.6626 2.6642 52 199 89
-11.9695 -2.6498 -2.4659 52 199 89
-11.4350 -3.9852 2.7905 52 199 89
-12.2012 -3.8581 -2.9540 52 199 89
-9.3957 -3.6055 0.4948 52 199 89
-12.1285 -2.8790 -2.3233 52 199 89
-11.2367 -3.9569 3.1655 52 199 89
-12.1657 -2.9224 3.1747 52 199 89
-12.1549 -3.8661 -2.7845 52 199 89
-11.6293 -3.8404 3.7882 52 199 89
-9.3397 -3.5692 0.4181 52 199 89
-12.0335 -2.6938 -2.0855 52 199 89
-10.1206 -3.6992 1.5594 52 199 89
-12.1137 -3.1201 -2.7583 52 199 89
-12.0497 -2.9905 3.1375 52 199 89
-12.1025 -2.9073 3.1939 52 199 89
-11.9879 -2.7338 -2.0157 52 199 89
-11.7291 -2.9132 1.3237 52 199 89
-12.0465 -2.9579 3.1901 52 199 89
-11.9473 -2.9590 2.9487 52 199 89
-12.0835 -3.1564 -3.0954 52 199 89
-12.1350 -3.1315 -3.2103 52 199 89
-12.1229 -2.9568 -3.3056 52 199 89
-12.0454 -2.9862 -3.2415 52 199 89
-11.9748 -2.8287 2.8360 52 199 89
-11.0535 -3.9162 2.9885 52 199 89
-11.8706 -2.6700 1.6792 52 199 89
-12.1988 -3.9041 -2.6943 52 199 89
-11.3542 -3.9133 3.2866 52 199 89
-11.7386 -3.5393 3.9941 52 199 89
-11.6381 -2.9325 1.0705 52 199 89
-12.1631 -2.7809 3.0916 52 199 89
-12.0716 -2.7902 3.0250 52 199 89
-11.9617 -3.2727 2.0890 52 199 89
-12.0791 -3.1567 -3.0887 52 199 89
-12.1863 -3.9658 -3.5835 52 199 89
-12.0861 -3.9547 -3.4055 52 199 89
-12.1764 -3.9445 1.7093 52 199 89
-11.9002 -3.0764 1.6766 52 199 89
-12.0376 -3.0307 3.0291 52 199 89
-12.1141 -2.7590 3.1326 52 199 89
-12.0603 -2.7901 3.0661 52 199 89
-12.1070 -2.8457 3.1655 52 199 89
-12.1998 -3.6748 2.1309 52 199 89
-12.0950 -3.0003 3.1517 52 199 89
-11.8370 -2.9485 1.7547 52 199 89
-12.1984 -3.9620 3.2400 52 199 89
-12.1643 -3.1568 -2.9838 52 199 89
-11.8494 -3.1137 1.7325 52 199 89
-11.8923 -3.0628 1.8001 52 199 89
-12.1237 -3.0088 3.2210 52 199 89
-11.8402 -2.9053 1.9185 52 199 89
-12.0789 -2.8661 2.0852 52 199 89
-11.8557 -2.9230 1.9371 52 199 89
-12.1507 -3.1240 -2.8830 52 199 89
-11.9885 -2.8766 3.1045 52 199 89
-11.8799 -3.0899 1.9529 52 199 89
-12.1813 -3.1850 -2.9084 52 199 89
-12.1108 -3.1161 3.7457 52 199 89
-12.1562 -3.2059 3.7439 52 199 89
-12.1956 -3.1665 -2.8364 52 199 89
-10.8001 -3.8733 2.6611 52 199 89
-12.1107 -3.1057 -2.7162 52 199 89
-11.9012 -3.0736 1.9899 52 199 89
-12.1327 -3.1986 3.6229 52 199 89
-11.9734 -3.2359 2.0383 52 199 89
-12.0611 -3.2326 2.1034 52 199 89
-12.1318 -3.1266 3.3379 52 199 89
-12.0531 -2.9082 3.2982 52 199 89
-11.5169 -3.5937 2.8370 52 199 89
-12.1024 -3.2184 2.1915 52 199 89
-11.7332 -2.9066 1.3552 52 199 89
-11.8522 -2.9271 1.8924 52 199 89
-12.1260 -3.1204 -2.5136 52 199 89
-11.8261 -2.8344 1.6807 52 199 89
-12.0807 -2.7679 3.0059 52 199 89
-11.7715 -2.9637 1.7364 52 199 89
-12.1674 -3.2173 1.9188 52 199 89
-12.1065 -2.7405 2.4392 52 199 89
-11.7351 -2.8047 1.4146 52 199 89
-11.6983 -2.9329 1.3727 52 199 89
-12.1842 -3.6397 2.0341 52 199 89
-12.0168 -2.6459 2.5773 52 199 89
-12.1902 -2.9654 2.7896 52 199 89
-11.9157 -2.6679 1.8759 52 199 89
-11.7837 -2.7244 1.7826 52 199 89
-12.1386 -2.8353 2.8390 52 199 89
-12.1840 -2.8342 2.9065 52 199 89
-11.9740 -3.2684 2.1377 52 199 89
-12.0385 -2.8684 2.8393 52 199 89
-12.0835 -3.2303 2.2245 52 199 89
-12.1156 -3.1021 2.2394 52 199 89
-11.7457 -2.8587 1.5502 52 199 89
-11.7717 -2.9153 1.6614 52 199 89
-12.0628 -2.8528 2.9047 52 199 89
-12.1756 -2.7743 3.0359 52 199 89
-11.9443 -2.8609 2.8229 52 199 89
-11.7972 -2.8118 1.8107 52 199 89
-12.1398 -2.8589 2.9951 52 199 89
-12.1199 -2.8121 3.0045 52 199 89
-12.1090 -3.9364 1.7364 52 199 89
-12.0500 -2.9652 -3.3166 52 199 89
-12.0438 -2.7574 2.4912 52 199 89
-12.1503 -3.9672 1.6089 52 199 89
-12.1161 -3.0065 2.6587 52 199 89
-11.9936 -2.6728 2.6356 52 199 89
-12.1538 -3.1137 -2.8012 52 199 89
-11.5849 -3.7259 3.8680 52 199 89
-12.0301 -2.9926 2.7021 52 199 89
-12.0446 -2.7471 2.3477 52 199 89
-12.1527 -2.8731 -2.3451 52 199 89
-9.8595 -3.4440 1.2303 52 199 89
-11.7717 -2.7795 1.3733 52 199 89
-12.1496 -2.7499 3.4660 52 199 89
-11.7687 -2.8431 1.3451 52 199 89
-12.0538 -2.7849 2.8960 52 199 89
-11.8364 -2.8041 1.9183 52 199 89
-12.0093 -3.9724 1.5767 52 199 89
-12.1285 -2.8817 2.9918 52 199 89
-12.0711 -2.8949 2.9582 52 199 89
-10.0456 -3.6880 1.4322 52 199 89
-12.0624 -2.9307 -2.4302 52 199 89
-12.0458 -2.9630 3.1392 52 199 89
-9.7158 -3.5207 0.9767 52 199 89
-11.2450 -3.9416 3.0206 52 199 89
-12.1106 -3.9946 1.3106 52 199 89
-11.8914 -3.8752 1.6718 52 199 89
-12.1158 -2.8464 -2.6991 52 199 89
-12.0597 -2.8466 2.7378 52 199 89
-12.0543 -2.9347 -3.5132 52 199 89
-11.9970 -2.7312 -2.0243 52 199 89
-11.7621 -2.9988 1.4646 52 199 89
-12.1526 -2.9444 -2.5343 52 199 89
-12.1587 -2.9477 -3.3525 52 199 89
-12.0572 -2.9337 -2.3749 52 199 89
-11.6960 -2.8418 1.5110 52 199 89
-12.1511 -3.1167 -2.5458 52 199 89
-12.1577 -2.7683 2.3455 52 199 89
-12.0853 -3.1867 -2.9767 52 199 89
-12.1915 -2.9370 -2.4837 52 199 89
-11.7505 -3.9986 1.0962 52 199 89
-11.9308 -3.9411 -2.8367 52 199 89
-12.0504 -2.7877 2.4161 52 199 89
-12.1094 -3.9552 2.4463 52 199 89
-11.9608 -3.7201 2.3612 52 199 89
-12.0127 -3.1674 -3.0028 52 199 89
-12.1169 -2.7992 2.2878 52 199 89
-11.8630 -2.7950 1.7345 52 199 89
-11.7547 -2.9723 1.2550 52 199 89
-12.1857 -3.9704 -3.2194 52 199 89
-12.0507 -3.6695 1.8310 52 199 89
-9.7676 -3.4949 1.0807 52 199 89
-11.7283 -2.8203 1.3926 52 199 89
-12.2038 -3.6756 1.8428 52 199 89
-11.7153 -2.7641 1.3747 52 199 89
-11.9307 -2.8911 2.7136 52 199 89
-11.9523 -2.8981 2.7203 52 199 89
-11.0307 -3.9115 2.9372 52 199 89
-11.7371 -2.7973 1.3581 52 199 89
-11.7495 -2.7866 1.3648 52 199 89
-11.9689 -3.9809 1.4536 52 199 89
-12.0524 -2.9676 -3.3278 52 199 89
-12.1791 -2.8254 3.0208 52 199 89
-11.9460 -3.0716 1.7074 52 199 89
-12.0321 -2.7724 2.9065 52 199 89
-12.1840 -3.0952 -3.0203 52 199 89
-11.7144 -3.7040 3.8744 52 199 89
-12.1321 -2.8611 2.9982 52 199 89
-12.0897 -2.8910 2.9548 52 199 89
-11.9089 -2.8199 2.8214 52 199 89
-11.3231 -3.9696 3.1989 52 199 89
-11.8664 -2.8124 1.7223 52 199 89
-12.1204 -2.9446 -3.7837 52 199 89
-11.6264 -4.0160 3.1687 52 199 89
-11.9364 -3.1433 3.5317 52 199 89
-12.1321 -2.7870 3.0593 52 199 89
-12.0646 -3.2168 3.6362 52 199 89
-11.7422 -2.8848 1.3268 52 199 89
-11.8125 -3.6070 3.2603 52 199 89
-11.6719 -2.9830 1.2209 52 199 89
-12.0903 -3.2017 3.5941 52 199 89
-11.9517 -2.9946 3.4326 52 199 89
-12.0690 -2.8875 3.5682 52 199 89
-12.0045 -2.9294 3.4400 52 199 89
-11.9405 -3.3627 1.3330 52 199 89
-12.0815 -3.1223 3.4844 52 199 89
-11.9964 -2.9196 3.3723 52 199 89
-12.1128 -2.9792 -3.6736 52 199 89
-12.0262 -2.9724 3.2871 52 199 89
-11.8716 -3.5558 3.0236 52 199 89
-11.7698 -2.8312 1.3121 52 199 89
-12.1773 -2.8305 3.3146 52 199 89
-11.9856 -2.8162 2.9540 52 199 89
-12.1496 -3.1250 3.2681 52 199 89
-12.0637 -3.0208 3.1588 52 199 89
-12.1138 -2.9100 -3.5483 52 199 89
-12.0905 -3.0039 3.1633 52 199 89
-12.0529 -3.0148 -3.4513 52 199 89
-12.0489 -2.8600 3.1185 52 199 89
-12.1121 -3.9468 3.1421 52 199 89
-12.1534 -3.2186 3.2069 52 199 89
-11.9980 -2.8091 3.0153 52 199 89
-12.1717 -2.7442 3.1928 52 199 89
-11.9690 -3.2624 2.1469 52 199 89
-12.1097 -3.1027 2.2417 52 199 89
-12.1321 -3.2123 -3.0166 52 199 89
-11.9681 -3.2623 2.0749 52 199 89
-12.0618 -3.2411 2.1381 52 199 89
-12.0012 -3.2396 2.0713 52 199 89
-11.9613 -3.2360 2.0455 52 199 89
-11.8738 -3.0812 1.9561 52 199 89
-12.0832 -3.1347 -2.8228 52 199 89
-12.0619 -3.1495 -2.8021 52 199 89
-12.1826 -3.2005 -2.9172 52 199 89
-12.0186 -3.2373 1.9643 52 199 89
-11.9369 -3.0774 1.8905 52 199 89
-12.1389 -3.1881 -2.8465 52 199 89
-11.7813 -3.1359 1.7202 52 199 89
-11.7965 -2.8459 1.5792 52 199 89
-12.1282 -3.0949 -2.6283 52 199 89
-12.0886 -3.1262 -2.7783 52 199 89
-12.0337 -3.1698 -2.6027 52 199 89
-12.1271 -2.8503 3.0333 52 199 89
-12.1786 -2.9794 2.7544 52 199 89
-11.7141 -2.8567 1.4645 52 199 89
-12.1165 -3.0923 2.3176 52 199 89
-11.7210 -2.9007 1.2723 52 199 89
-12.1430 -2.9737 3.2455 52 199 89
-12.1792 -2.8381 3.2250 52 199 89
-12.0068 -2.7512 1.4911 52 199 89
-12.0570 -2.9948 -3.5356 52 199 89
-10.5647 -3.7086 2.1686 52 199 89
-12.0802 -2.7481 2.5312 52 199 89
-11.4180 -3.5283 3.5131 52 199 89
-12.1367 -2.9732 -3.7020 52 199 89
-12.1200 -2.9815 -3.6208 52 199 89
-11.2019 -3.7481 3.3005 52 199 89
-12.0488 -2.9706 -3.3236 52 199 89
-12.0983 -3.1356 -3.1280 52 199 89
-12.0130 -3.9433 -2.8485 52 199 89
-12.1542 -3.1049 -2.9435 52 199 89
-12.1592 -3.1322 -2.9083 52 199 89
-11.6187 -3.0792 3.9106 52 199 89
-12.1107 -3.2078 -2.8343 52 199 89
-12.0750 -3.2309 -2.7996 52 199 89
-12.0750 -3.8509 -2.7889 52 199 89
-11.7409 -3.3391 3.9451 52 199 89
-11.3027 -3.7782 3.2566 52 199 89
-12.1598 -2.8683 -2.3411 52 199 89
-12.0884 -3.1222 3.7236 52 199 89
-12.0797 -3.2150 3.6541 52 199 89
-12.1386 -3.0510 -2.2023 52 199 89
-12.0525 -3.2228 3.5618 52 199 89
-12.0663 -3.2024 3.5666 52 199 89
-12.0477 -3.1327 3.5260 52 199 89
-12.0011 -2.9840 3.4807 52 199 89
-12.0044 -2.7003 -2.0506 52 199 89
-11.9821 -2.7209 -2.0057 52 199 89
-12.0483 -3.5995 3.4552 52 199 89
-12.1245 -3.5908 3.5437 52 199 89
-12.1846 -2.9335 3.5895 52 199 89
-12.1023 -2.8962 3.5042 52 199 89
-12.0991 -2.7656 3.4003 52 199 89
-11.9639 -2.9820 3.2241 52 199 89
-12.0527 -2.9072 3.3151 52 199 89
-11.5424 -3.5334 2.6932 52 199 89
-11.9930 -3.1449 3.1726 52 199 89
-12.1029 -2.8477 3.2719 52 199 89
-12.1387 -3.1298 3.2512 52 199 89
-11.9919 -3.0329 3.0728 52 199 89
-12.1016 -2.8573 3.1333 52 199 89
-12.1271 -2.8366 3.1308 52 199 89
-12.0706 -2.7440 2.9710 52 199 89
-12.0172 -2.9098 2.8973 52 199 89
-12.1727 -2.7516 3.0337 52 199 89
-12.0340 -2.7730 2.9035 52 199 89
-12.1119 -2.8400 2.9647 52 199 89
-11.7417 -3.9968 1.0930 52 199 89
-11.6761 -2.9893 1.1705 52 199 89
-11.6993 -3.3848 1.2631 52 199 89
-12.1253 -2.9895 2.7137 52 199 89
-12.0310 -3.9888 1.4800 52 199 89
-11.8767 -2.7517 1.4283 52 199 89
-12.0695 -3.7238 2.4448 52 199 89
-12.0813 -2.7705 2.4244 52 199 89
-11.9041 -2.8259 1.4446 52 199 89
-11.9864 -2.7620 2.2974 52 199 89
-12.1717 -2.7665 2.3806 52 199 89
-12.2015 -3.7300 2.3030 52 199 89
-11.9307 -2.7861 2.0840 52 199 89
-11.7738 -2.9197 1.8827 52 199 89
-11.7419 -2.8030 1.4430 52 199 89
-12.2023 -3.9470 1.6908 52 199 89
-11.9283 -3.0803 1.9690 52 199 89
-12.0933 -3.2277 2.0118 52 199 89
-11.7258 -3.0932 1.7665 52 199 89
-11.8764 -2.7878 1.8586 52 199 89
-11.9576 -3.0769 1.8774 52 199 89
-11.6319 -2.9947 1.6451 52 199 89
-11.9464 -2.8750 1.8492 52 199 89
-11.8197 -2.8345 1.7330 52 199 89
-12.0779 -3.6182 1.8464 52 199 89
-11.8042 -2.8428 1.5881 52 199 89
-11.9992 -3.9746 -3.6346 52 199 89
-12.0740 -3.0907 -3.7750 52 199 89
-12.1431 -2.8679 -2.8656 52 199 89
-12.0918 -2.9054 3.3805 52 199 89
-12.1612 -3.1691 -2.8344 52 199 89
-12.0831 -3.8676 -2.7220 52 199 89
-12.0740 -3.8503 -2.6417 52 199 89
-12.1872 -3.1268 -2.9857 52 199 89
-12.1045 -3.0938 -2.0384 52 199 89
-11.7433 -2.9702 1.2586 52 199 89
-12.0478 -3.1200 -1.8573 52 199 89
-12.0266 -3.9529 1.3154 52 199 89
-11.5538 -3.1120 1.4754 52 199 89
-11.7055 -2.9328 1.5914 52 199 89
-11.9350 -3.3632 1.3524 52 199 89
-11.8418 -2.8310 1.7429 52 199 89
-11.8232 -2.9527 1.7653 52 199 89
-12.1011 -3.0548 1.9901 52 199 89
-11.9752 -3.2550 1.8981 52 199 89
-11.8086 -2.8186 1.3525 52 199 89
-11.9378 -3.1485 3.5539 52 199 89
-11.7849 -3.1070 1.8830 52 199 89
-11.9814 -3.2261 3.5422 52 199 89
-11.7613 -3.5925 3.2257 52 199 89
-11.8875 -3.1664 3.3906 52 199 89
-12.0069 -3.2118 3.5048 52 199 89
-12.0236 -2.9826 3.5243 52 199 89
-11.8001 -2.8572 1.3924 52 199 89
-11.8964 -2.9473 3.2668 52 199 89
-11.5908 -3.5369 2.7515 52 199 89
-12.1731 -2.9539 3.3862 52 199 89
-12.1309 -3.1207 3.3170 52 199 89
-11.9213 -3.1339 3.0966 52 199 89
-12.0867 -3.1385 3.1967 52 199 89
-12.0413 -3.0253 3.1325 52 199 89
-12.0753 -3.7046 2.1102 52 199 89
-12.1444 -2.8523 3.1880 52 199 89
-11.9306 -2.8848 2.9568 52 199 89
-11.8939 -3.0844 1.7049 52 199 89
-12.0509 -3.2637 2.1364 52 199 89
-12.0493 -2.9142 2.9793 52 199 89
-12.0673 -2.8761 2.9488 52 199 89
-12.1145 -2.8418 2.9973 52 199 89
-12.0435 -2.7892 2.9390 52 199 89
-11.9822 -3.7112 2.0805 52 199 89
-12.1026 -2.8445 2.8776 52 199 89
-11.2572 -3.8526 1.5609 52 199 89
-11.8872 -2.8514 1.5379 52 199 89
-11.8703 -2.8832 1.5194 52 199 89
-11.9888 -2.7864 2.3852 52 199 89
-11.7336 -2.8077 1.4806 52 199 89
-11.9561 -2.8117 2.3229 52 199 89
-11.7460 -2.8720 1.4784 52 199 89
-11.8258 -2.8403 1.6019 52 199 89
-12.1178 -3.1525 -2.8756 52 199 89
-12.0437 -3.1844 -2.8749 52 199 89
-12.0878 -3.9558 -2.9448 52 199 89
-12.1644 -3.1102 -3.1065 52 199 89
-12.0114 -2.9844 -3.2763 52 199 89
-12.1590 -2.9942 -3.5655 52 199 89
-12.0694 -2.9441 -3.4501 52 199 89
-12.1326 -2.9674 -3.6752 52 199 89
-12.1074 -2.9242 -3.6396 52 199 89
-12.0100 -2.9345 -3.5310 52 199 89
-12.1719 -3.1507 -3.7931 52 199 89
-12.0714 -3.0945 -3.7452 52 199 89
-12.0517 -3.1138 -0.8045 52 199 89
-12.1554 -3.3187 1.5315 52 199 89
-11.9354 -3.2367 3.3164 52 199 89
-12.1418 -2.9659 3.2422 52 199 89
-11.7805 -2.8420 1.3701 52 199 89
-12.0655 -3.1409 -1.7976 52 199 89
-11.9914 -2.8367 2.9883 52 199 89
-11.7704 -3.0841 1.4017 52 199 89
-12.1843 -3.1012 -2.0627 52 199 89
-12.0855 -2.8829 -2.8076 52 199 89
-12.0876 -3.0749 -2.6998 52 199 89
-12.1296 -2.8797 -2.2922 52 199 89
-11.7286 -3.0145 1.7029 52 199 89
-11.5490 -3.7413 3.7502 52 199 89
-11.9643 -3.2123 -2.7894 52 199 89
-12.1304 -3.1845 -2.8550 52 199 89
-12.1049 -3.8517 -2.6464 52 199 89
-12.1061 -3.1101 -2.6099 52 199 89
-10.8414 -3.8842 2.6960 52 199 89
-12.1384 -3.1499 -2.5569 52 199 89
-12.1469 -3.2901 -2.4240 52 199 89
-12.0025 -3.1391 3.6188 52 199 89
-11.8117 -2.8871 3.3126 52 199 89
-12.1859 -3.5792 3.7033 52 199 89
-12.0846 -3.2042 3.5783 52 199 89
-12.0376 -2.9764 3.5376 52 199 89
-12.1574 -2.8747 3.6684 52 199 89
-12.0291 -3.2243 3.4693 52 199 89
-11.9954 -3.1332 3.4445 52 199 89
-12.0409 -2.7905 3.4344 52 199 89
-11.8167 -3.5772 3.1350 52 199 89
-12.1797 -3.1002 -2.0407 52 199 89
-11.9967 -2.9711 3.3042 52 199 89
-12.0870 -2.9111 3.4105 52 199 89
-12.1224 -3.5298 3.3120 52 199 89
-11.8770 -3.1571 3.0474 52 199 89
-11.9156 -3.1384 3.0904 52 199 89
-11.8887 -2.8947 2.9381 52 199 89
-12.0219 -2.7881 3.0423 52 199 89
-11.9945 -2.9243 2.9128 52 199 89
-12.1601 -3.0381 -0.9389 52 199 89
-12.1331 -3.4827 -0.4019 52 199 89
-11.8186 -3.9263 1.2499 52 199 89
-12.1634 -2.7373 2.5454 52 199 89
-11.8925 -3.7186 2.2827 52 199 89
-12.1204 -2.7699 2.4647 52 199 89
-11.9604 -2.7772 2.3034 52 199 89
-12.0733 -2.8029 2.3394 52 199 89
-11.8502 -2.8333 2.1566 52 199 89
-12.0167 -3.1233 2.2129 52 199 89
-12.1982 -3.7236 2.2441 52 199 89
-11.8688 -3.9333 1.9660 52 199 89
-11.7281 -3.0250 1.3650 52 199 89
-11.9082 -2.9164 2.0039 52 199 89
-11.8056 -3.1038 1.8934 52 199 89
-11.8696 -2.8084 1.9341 52 199 89
-11.9454 -2.8879 1.9496 52 199 89
-11.6719 -2.8434 1.7518 52 199 89
-12.1677 -3.2379 1.9949 52 199 89
-11.6039 -3.0027 1.6360 52 199 89
-11.6804 -2.9497 1.6870 52 199 89
-11.8152 -3.1152 1.7345 52 199 89
-11.8614 -2.8104 1.7695 52 199 89
-12.1195 -3.6614 1.8876 52 199 89
-11.9559 -2.8322 1.5729 52 199 89
-11.7278 -2.8774 1.4784 52 199 89
-12.1045 -3.1328 -3.1033 52 199 89
-11.8286 -3.9466 -3.0478 52 199 89
-12.0374 -2.9758 -3.2898 52 199 89
-12.0659 -3.0335 -3.4129 52 199 89
-12.1484 -2.9698 -3.5543 52 199 89
-11.9814 -2.9477 -3.3641 52 199 89
-11.9641 -2.9836 -3.5492 52 199 89
-12.1203 -2.9372 -3.7329 52 199 89
-12.1277 -3.0865 -3.7955 52 199 89
-12.0889 -2.9537 -3.7989 52 199 89
-11.0753 -3.6459 2.9490 52 199 89
-12.1120 -2.9417 -2.6238 52 199 89
-12.0756 -3.1686 -1.8722 52 199 89
-12.0515 -2.8238 -3.5412 52 199 89
-12.1375 -3.0278 -2.1902 52 199 89
-12.1224 -3.0673 -3.5715 52 199 89
-12.1237 -3.0537 -3.4426 52 199 89
-12.1536 -3.1889 -3.1926 52 199 89
-10.6828 -3.4386 2.5325 52 199 89
-12.1074 -3.0273 -1.5549 52 199 89
-12.0841 -2.8839 -2.8617 52 199 89
-10.8078 -3.7423 2.6010 52 199 89
-12.0675 -3.1940 -2.5417 52 199 89
-11.9917 -2.8844 -2.5622 52 199 89
-11.8577 -2.8783 2.8223 52 199 89
-12.1600 -2.8668 -2.3262 52 199 89
-11.3471 -3.7968 3.4054 52 199 89
-11.5448 -3.8038 3.6179 52 199 89
-11.4859 -4.0040 3.4373 52 199 89
-12.0830 -2.8071 3.6309 52 199 89
-12.1539 -3.1919 3.6381 52 199 89
-11.9671 -2.9889 3.4305 52 199 89
-11.9831 -2.9694 3.3020 52 199 89
-12.0538 -2.9221 3.3855 52 199 89
-11.7759 -3.5424 2.9221 52 199 89
-11.9961 -3.2345 3.0516 52 199 89
-11.8215 -2.9102 2.8773 52 199 89
-11.9611 -2.9339 2.8633 52 199 89
-12.0962 -2.8375 3.0032 52 199 89
-12.0810 -2.8409 2.8337 52 199 89
-12.1361 -3.1429 -1.7042 52 199 89
-12.1756 -3.0162 -1.6123 52 199 89
-11.9948 -3.1300 2.2177 52 199 89
-12.1657 -3.2160 2.3000 52 199 89
-12.0826 -3.2582 2.1900 52 199 89
-11.6578 -2.9344 1.7421 52 199 89
-11.6371 -2.9462 1.5093 52 199 89
-11.5417 -2.9760 1.0995 52 199 89
-11.9465 -3.1369 -2.4605 52 199 89
-12.1251 -3.8538 -2.8155 52 199 89
-12.0631 -3.1622 -2.8775 52 199 89
-12.1384 -3.1103 -2.9529 52 199 89
-12.0915 -3.9656 -2.9936 52 199 89
-12.0210 -2.8491 -3.2108 52 199 89
-12.1338 -2.9571 -3.4310 52 199 89
-12.0391 -2.9565 -3.4166 52 199 89
-11.9939 -3.1856 -3.5732 52 199 89
-11.9468 -3.1364 1.7367 52 199 89
-11.8601 -2.8535 -1.8396 52 199 89
-12.1174 -3.2793 -2.1695 52 199 89
-12.1377 -3.1587 -1.9150 52 199 89
-11.6038 -3.2881 1.7352 52 199 89
-12.1586 -2.9502 -3.2090 52 199 89
-11.5888 -3.6474 1.5748 52 199 89
-11.9433 -3.5940 1.7326 52 199 89
-11.9113 -3.2081 -2.6587 52 199 89
-11.9345 -3.1477 3.5451 52 199 89
-12.1223 -3.2125 3.6352 52 199 89
-11.8711 -2.9888 3.1778 52 199 89
-12.0010 -3.5375 3.1761 52 199 89
-11.9831 -2.8694 3.1078 52 199 89
-12.0157 -3.2338 3.0864 52 199 89
-12.1460 -2.9860 -3.7925 52 199 89
-11.9817 -2.8599 2.9280 52 199 89
-12.1908 -3.9708 -3.8228 52 199 89
-12.0853 -3.9765 -3.5040 52 199 89
-11.9691 -3.1341 2.2239 52 199 89
-11.8070 -3.2564 2.0627 52 199 89
-11.8583 -2.9546 2.9122 52 199 89
-12.1181 -3.9498 -2.7751 52 199 89
-12.0816 -3.0791 -2.7016 52 199 89
-12.0599 -3.0204 3.1320 52 199 89
-11.9391 -3.1770 -2.5683 52 199 89
-11.6724 -2.9510 1.1326 52 199 89
-11.8789 -2.9138 -2.4025 52 199 89
-12.0843 -3.1958 -2.5602 52 199 89
-11.8906 -2.9856 1.8127 52 199 89
-12.1900 -3.9261 2.3988 52 199 89
-12.1113 -2.8995 -3.6787 52 199 89
-9.5645 -3.6247 0.7527 52 199 89
-12.0817 -3.1678 -2.2492 52 199 89
-11.4418 -2.9796 2.8408 52 199 89
-10.9971 -2.0543 0.7279 52 199 89
-11.1635 -1.7997 1.5788 52 199 89
-11.2661 -1.9159 1.6076 52 199 89
-11.6105 -2.8107 1.5647 52 199 89
-11.2928 -2.0761 1.6107 52 199 89
-11.2052 -1.8159 3.1413 52 199 89
-11.1997 -1.8032 3.1407 52 199 89
-11.6104 -2.6335 3.5689 52 199 89
-11.6375 -2.8212 1.6279 52 199 89
-11.4889 -2.4158 3.5330 52 199 89
-11.2218 -2.2889 -3.1196 52 199 89
-11.3531 -2.1523 2.5622 52 199 89
-11.6282 -2.8173 1.6440 52 199 89
-10.9759 -2.2887 0.5988 52 199 89
-11.2650 -1.9418 1.7379 52 199 89
-11.3245 -2.1198 3.4848 52 199 89
-11.2598 -2.3036 -3.0629 52 199 89
-11.2790 -2.0585 1.7525 52 199 89
-11.4086 -2.2594 3.4769 52 199 89
-11.3265 -2.1078 3.4654 52 199 89
-11.2507 -1.9501 1.8193 52 199 89
-10.9706 -2.1952 0.4159 52 199 89
-11.3827 -2.5487 2.1118 52 199 89
-11.2568 -2.2680 -2.9547 52 199 89
-11.2321 -2.2752 -2.9083 52 199 89
-11.4093 -2.2668 3.4597 52 199 89
-11.3871 -2.1473 2.2304 52 199 89
-11.3855 -2.1214 2.2364 52 199 89
-11.2265 -2.3089 -2.8397 52 199 89
-11.1766 -1.8257 3.4217 52 199 89
-11.6578 -2.7876 2.1900 52 199 89
-11.5583 -2.5554 1.0740 52 199 89
-11.2560 -1.9960 2.1512 52 199 89
-11.3606 -2.1316 2.1703 52 199 89
-11.3906 -2.2224 3.4235 52 199 89
-11.3980 -2.1406 2.1402 52 199 89
-11.2308 -2.2434 -2.8121 52 199 89
-11.2474 -2.2932 -2.8066 52 199 89
-11.2784 -1.9351 2.1147 52 199 89
-11.2273 -1.8808 1.9175 52 199 89
-11.3897 -2.2100 3.4076 52 199 89
-11.2420 -2.2867 -2.7791 52 199 89
-10.9827 -2.0361 0.9095 52 199 89
-11.2643 -2.2836 -2.7920 52 199 89
-11.6895 -2.8024 3.4180 52 199 89
-10.9261 -2.0949 0.4926 52 199 89
-11.2412 -2.2925 -2.7385 52 199 89
-11.2864 -2.0397 1.9800 52 199 89
-11.3017 -2.0730 3.3671 52 199 89
-11.3066 -2.0149 1.9943 52 199 89
-11.2615 -1.9308 1.9595 52 199 89
-11.2513 -2.0102 1.9470 52 199 89
-11.2945 -2.0964 1.9373 52 199 89
-11.2838 -2.0363 1.9438 52 199 89
-11.2385 -2.2787 -2.6827 52 199 89
-11.4387 -2.2372 3.2536 52 199 89
-11.6738 -2.6753 3.4473 52 199 89
-10.9759 -2.0743 0.6588 52 199 89
-11.0075 -2.0519 0.6876 52 199 89
-11.2932 -2.0490 -2.8259 52 199 89
-11.2405 -2.0958 -2.7459 52 199 89
-11.4755 -2.4045 3.3593 52 199 89
-11.2405 -2.2649 -2.6484 52 199 89
-11.2285 -1.9608 1.8574 52 199 89
-11.2155 -2.0757 -2.6546 52 199 89
-11.2573 -2.2476 -2.6507 52 199 89
-11.4598 -2.9880 2.8505 52 199 89
-11.2273 -1.8979 1.3740 52 199 89
-11.1715 -2.0237 1.0151 52 199 89
-11.2263 -2.1051 -2.6236 52 199 89
-11.6255 -2.8017 1.8926 52 199 89
-11.0316 -1.9827 -2.4524 52 199 89
-11.4532 -2.2267 3.3993 52 199 89
-11.2560 -2.2480 -2.5493 52 199 89
-11.2562 -2.2536 -2.5122 52 199 89
-11.1414 -2.1284 -3.4856 52 199 89
-11.3005 -2.2921 1.0416 52 199 89
-11.4805 -2.4021 3.3243 52 199 89
-11.3074 -2.1010 -2.5649 52 199 89
-11.3560 -2.3443 -2.4669 52 199 89
-11.0613 -1.9608 -2.3308 52 199 89
-10.9769 -2.0432 0.8717 52 199 89
-11.5432 -2.5684 1.1567 52 199 89
-11.3737 -2.1610 3.3198 52 199 89
-11.3355 -2.3025 -2.4060 52 199 89
-11.4478 -2.9907 2.9098 52 199 89
-11.4218 -2.3064 3.2855 52 199 89
-11.5075 -2.8674 1.1160 52 199 89
-11.3455 -2.1624 3.2706 52 199 89
-11.3443 -2.1339 3.2832 52 199 89
-11.3135 -2.1795 -2.3540 52 199 89
-11.3020 -2.0099 3.2998 52 199 89
-11.2217 -1.8255 3.3072 52 199 89
-11.4816 -2.4142 3.2773 52 199 89
-11.1776 -1.9675 1.2025 52 199 89
-11.2655 -1.9529 3.2832 52 199 89
-11.0653 -2.2615 0.8258 52 199 89
-11.3264 -2.2389 -2.1981 52 199 89
-11.5396 -2.8746 1.1885 52 199 89
-11.3511 -2.1508 3.2616 52 199 89
-11.2793 -2.0203 3.2456 52 199 89
-11.6355 -2.8403 1.2744 52 199 89
-11.2525 -1.8722 1.3359 52 199 89
-11.0802 -2.2755 0.7886 52 199 89
-11.4859 -2.4146 3.2398 52 199 89
-11.4907 -2.3972 3.2539 52 199 89
-11.4768 -2.8757 0.8060 52 199 89
-11.2102 -1.8520 3.2157 52 199 89
-11.2508 -1.9332 3.3606 52 199 89
-10.8903 -2.0711 0.5229 52 199 89
-11.2286 -1.9775 1.8469 52 199 89
-11.0375 -1.9700 -2.3587 52 199 89
-11.6292 -2.7469 -2.9895 52 199 89
-11.3114 -2.1063 -2.5792 52 199 89
-11.2215 -1.9445 3.3322 52 199 89
-11.3048 -2.0871 3.3498 52 199 89
-11.4980 -2.3886 3.5449 52 199 89
-11.2983 -2.0507 3.4097 52 199 89
-11.2346 -2.0676 -2.6226 52 199 89
-11.4179 -2.2147 3.4550 52 199 89
-10.9654 -2.1635 0.6494 52 199 89
-11.2648 -2.2355 -2.7470 52 199 89
-11.1555 -2.1767 -3.3128 52 199 89
-11.2791 -2.2545 -2.9029 52 199 89
-10.9450 -2.2510 0.5900 52 199 89
-11.2231 -1.8757 1.6094 52 199 89
-11.1352 -2.0712 -2.8389 52 199 89
-11.2476 -2.0263 1.7448 52 199 89
-11.2957 -1.9865 3.3538 52 199 89
-11.2973 -2.0624 3.3954 52 199 89
-11.2713 -1.9959 3.2763 52 199 89
-11.3145 -2.1042 -2.6116 52 199 89
-11.3090 -2.1158 -2.5289 52 199 89
-11.1730 -1.7240 3.3700 52 199 89
-11.6352 -2.6150 3.5950 52 199 89
-11.2178 -1.9583 1.5708 52 199 89
-11.4177 -2.2700 3.3836 52 199 89
-11.1685 -2.5642 0.3421 52 199 89
-11.4201 -2.2868 3.3355 52 199 89
-10.9694 -2.0757 0.7098 52 199 89
-11.4667 -2.4168 3.5318 52 199 89
-11.2774 -1.9351 1.8984 52 199 89
-11.6627 -2.6087 3.6497 52 199 89
-11.2290 -1.9777 1.8443 52 199 89
-11.2605 -1.9039 1.8618 52 199 89
-11.2200 -1.9246 1.8412 52 199 89
-11.4130 -2.9915 1.5803 52 199 89
-11.6350 -2.6536 3.5712 52 199 89
-11.3211 -2.1909 -2.2527 52 199 89
-11.6561 -2.6376 3.5911 52 199 89
-11.3770 -2.2086 -2.2691 52 199 89
-11.3638 -2.1686 -2.2532 52 199 89
-11.3369 -2.1117 3.5009 52 199 89
-11.4862 -2.9774 3.1509 52 199 89
-11.5795 -2.8235 -2.1527 52 199 89
-10.9551 -2.1660 0.7328 52 199 89
-11.5456 -2.8404 0.8053 52 199 89
-11.5890 -2.4895 3.5743 52 199 89
-10.9945 -2.0252 0.9084 52 199 89
-11.2571 -1.8686 1.3465 52 199 89
-11.6355 -2.8155 1.6645 52 199 89
-11.1861 -1.9318 1.3075 52 199 89
-11.0946 -2.2794 0.8442 52 199 89
-11.0678 -2.2944 0.7592 52 199 89
-11.6376 -2.8014 1.6301 52 199 89
-11.4143 -2.2655 3.4578 52 199 89
-11.6665 -2.8123 1.6382 52 199 89
-11.2193 -1.8812 1.4378 52 199 89
-11.6395 -2.8086 1.6047 52 199 89
-11.6861 -2.6305 3.5532 52 199 89
-11.2951 -2.0747 1.6083 52 199 89
-11.5368 -2.6019 0.9856 52 199 89
-11.2997 -2.0683 1.5614 52 199 89
-11.1381 -1.8264 1.4413 52 199 89
-11.4892 -2.6198 1.4397 52 199 89
-11.4872 -2.6548 1.4346 52 199 89
-11.2465 -1.9009 3.3415 52 199 89
-11.3585 -2.0911 3.3156 52 199 89
-11.5303 -2.3742 3.4812 52 199 89
-11.5940 -2.6734 3.4712 52 199 89
-11.3128 -2.0463 3.3163 52 199 89
-11.2938 -2.0526 1.6535 52 199 89
-11.3181 -2.2039 -2.6386 52 199 89
-11.4471 -2.9763 2.7915 52 199 89
-11.4485 -2.2530 3.4321 52 199 89
-11.3107 -2.0837 3.3630 52 199 89
-11.3063 -2.0508 3.3744 52 199 89
-11.2402 -1.8991 3.3862 52 199 89
-11.4329 -2.9966 2.9565 52 199 89
-10.9422 -1.9864 0.7474 52 199 89
-11.4908 -2.3992 3.3850 52 199 89
-11.3587 -3.0008 3.0466 52 199 89
-11.3071 -2.0437 3.3618 52 199 89
-11.6192 -2.6415 3.5078 52 199 89
-10.9875 -1.9161 0.8193 52 199 89
-11.2478 -1.9504 1.9488 52 199 89
-11.2733 -2.0015 3.2816 52 199 89
-11.2219 -2.2408 -3.7378 52 199 89
-11.1525 -2.1320 -3.5655 52 199 89
-11.1446 -2.1854 -3.2915 52 199 89
-11.3189 -2.1136 3.3072 52 199 89
-11.2708 -2.0066 3.3099 52 199 89
-11.2489 -2.2988 -3.0369 52 199 89
-10.9721 -2.1910 0.4414 52 199 89
-11.4930 -2.3952 3.3303 52 199 89
-11.2420 -2.2792 -2.9256 52 199 89
-11.2136 -2.3190 -2.8526 52 199 89
-10.9290 -2.1085 0.4660 52 199 89
-11.2447 -2.2564 -2.9063 52 199 89
-11.6028 -2.8888 3.1661 52 199 89
-11.2120 -2.2257 -2.8376 52 199 89
-11.3572 -2.1727 3.2825 52 199 89
-11.3135 -2.3206 -2.8929 52 199 89
-11.1940 -1.8512 3.2676 52 199 89
-11.4484 -2.9907 2.9039 52 199 89
-11.4922 -2.4108 3.2876 52 199 89
-11.2801 -2.0263 3.2605 52 199 89
-11.2197 -2.2411 -2.7481 52 199 89
-11.5041 -2.3897 3.3033 52 199 89
-11.2665 -1.9566 3.2613 52 199 89
-11.2206 -2.0969 -2.6980 52 199 89
-11.5718 -2.8204 -2.7179 52 199 89
-10.9368 -2.1110 0.5391 52 199 89
-11.4314 -2.2403 3.2450 52 199 89
-11.0367 -1.9781 -2.4563 52 199 89
-11.2056 -1.8518 3.1790 52 199 89
-11.2762 -2.2403 -2.5498 52 199 89
-11.3152 -2.1058 -2.5930 52 199 89
-11.3360 -2.0860 -2.5739 52 199 89
-10.9632 -2.1572 0.5687 52 199 89
-11.3856 -2.3302 -2.4953 52 199 89
-11.0797 -1.9458 -2.3685 52 199 89
-11.3429 -2.2991 -2.4221 52 199 89
-11.4690 -2.5568 2.4028 52 199 89
-11.5417 -2.5627 1.0729 52 199 89
-11.3192 -2.0189 2.4419 52 199 89
-11.5241 -2.6068 1.0636 52 199 89
-11.5407 -2.5686 1.1474 52 199 89
-11.5284 -2.5992 1.1401 52 199 89
-11.2973 -2.0206 2.3444 52 199 89
-11.6086 -2.8255 2.1891 52 199 89
-11.3937 -2.5430 2.1238 52 199 89
-10.9763 -2.2882 0.6026 52 199 89
-11.3626 -2.5536 2.0638 52 199 89
-11.3059 -2.0247 2.2225 52 199 89
-11.5731 -2.8220 2.1052 52 199 89
-11.3366 -2.5455 2.0294 52 199 89
-11.3891 -2.1206 2.2380 52 199 89
-11.5976 -2.8095 2.1161 52 199 89
-11.3904 -2.1132 2.2239 52 199 89
-10.9591 -2.1689 0.6401 52 199 89
-11.3907 -2.2412 2.0871 52 199 89
-11.2989 -1.9188 2.1337 52 199 89
-11.2911 -2.0935 2.0477 52 199 89
-11.2023 -1.9355 1.1997 52 199 89
-11.2656 -1.9509 1.9844 52 199 89
-11.2623 -2.0026 1.9469 52 199 89
-11.3029 -2.0429 2.0314 52 199 89
-11.3097 -2.0908 3.3751 52 199 89
-11.7040 -2.8303 3.3400 52 199 89
-11.1605 -2.1510 -3.6616 52 199 89
-11.3959 -2.2666 3.5117 52 199 89
-11.6644 -2.7342 -3.0400 52 199 89
-11.2832 -2.0338 3.2437 52 199 89
-11.2937 -2.0232 1.9910 52 199 89
-11.6988 -2.7353 3.4660 52 199 89
-11.4551 -2.3648 3.4430 52 199 89
-11.2842 -2.0528 1.7319 52 199 89
-11.4138 -2.2752 3.3435 52 199 89
-11.2974 -2.3341 -2.8183 52 199 89
-11.4089 -2.2872 3.3654 52 199 89
-11.3835 -2.0982 3.4209 52 199 89
-11.3491 -2.2122 3.3388 52 199 89
-10.9993 -2.3003 0.2663 52 199 89
-11.4588 -2.3476 3.4566 52 199 89
-11.4179 -2.2698 3.3172 52 199 89
-11.3419 -2.2506 3.3584 52 199 89
-11.4120 -2.2500 3.2295 52 199 89
-11.6930 -2.6742 3.6958 52 199 89
-11.3907 -2.2804 3.4217 52 199 89
-11.1353 -1.8294 1.5469 52 199 89
-11.1600 -1.7920 1.5177 52 199 89
-11.5141 -2.6113 1.4650 52 199 89
-11.1368 -1.8285 1.4579 52 199 89
-10.9205 -2.0836 0.4837 52 199 89
-11.4758 -2.4130 3.5525 52 199 89
-11.2135 -1.8873 1.2897 52 199 89
-10.9735 -2.1002 0.5069 52 199 89
-11.5967 -2.8223 1.5846 52 199 89
-10.9897 -2.1199 0.5721 52 199 89
-11.2562 -1.9429 1.9706 52 199 89
-11.3869 -2.1459 -1.4874 52 199 89
-11.4881 -2.4216 3.4212 52 199 89
-11.2357 -1.8737 1.2386 52 199 89
-11.6163 -2.8101 1.8294 52 199 89
-10.9899 -2.0337 0.6887 52 199 89
-11.1389 -2.0085 1.1606 52 199 89
-11.3145 -2.0800 1.9812 52 199 89
-11.5248 -2.5702 1.0711 52 199 89
-11.3343 -2.3045 -2.4093 52 199 89
-11.5400 -2.4197 3.3528 52 199 89
-11.5472 -2.8364 0.9485 52 199 89
-11.3785 -2.1517 2.2073 52 199 89
-11.0816 -2.2804 0.8862 52 199 89
-11.5363 -2.6030 0.9836 52 199 89
-10.9871 -2.0429 0.8232 52 199 89
-10.9631 -2.1579 0.7908 52 199 89
-11.2046 -2.2550 -3.6856 52 199 89
-11.6737 -2.6699 3.3929 52 199 89
-11.2439 -2.2943 -2.7511 52 199 89
-11.1265 -2.1406 -3.4554 52 199 89
-11.2527 -2.2936 -3.0834 52 199 89
-11.2468 -2.3006 -3.0140 52 199 89
-11.4736 -2.5553 2.4089 52 199 89
-11.4037 -2.3067 3.2128 52 199 89
-11.3103 -2.3145 -3.0424 52 199 89
-11.4097 -2.2738 3.2155 52 199 89
-11.2822 -2.3158 -2.9880 52 199 89
-11.2325 -2.3057 -2.8806 52 199 89
-11.2803 -2.2880 -2.9382 52 199 89
-11.2558 -2.2913 -2.9845 52 199 89
-11.2503 -2.3061 -2.8245 52 199 89
-11.2800 -2.3415 -2.8311 52 199 89
-11.2095 -2.1064 -2.8109 52 199 89
-11.2782 -1.9707 3.1931 52 199 89
-11.2659 -2.0817 1.6241 52 199 89
-11.2793 -2.0057 3.2391 52 199 89
-11.4025 -2.2061 3.4139 52 199 89
-11.4671 -2.3328 3.4405 52 199 89
-11.2589 -1.8921 3.3529 52 199 89
-11.2173 -2.0923 3.0928 52 199 89
-11.2558 -2.2887 -3.6423 52 199 89
-11.0244 -2.2807 0.7406 52 199 89
-11.3665 -2.1121 3.3856 52 199 89
-11.4020 -3.0040 2.7819 52 199 89
-11.0649 -1.9603 -2.3480 52 199 89
-11.3962 -2.2850 3.3153 52 199 89
-11.2707 -1.9961 3.2947 52 199 89
-11.1508 -2.1355 -3.5583 52 199 89
-11.4886 -2.6181 0.9155 52 199 89
-11.2769 -2.0935 3.3040 52 199 89
-11.4953 -2.9633 3.2462 52 199 89
-11.3296 -2.1853 -2.2511 52 199 89
-11.5689 -2.8332 0.8054 52 199 89
-11.4437 -2.9863 3.0425 52 199 89
-11.1424 -2.1450 -3.4447 52 199 89
-11.2727 -2.0653 3.3634 52 199 89
-11.4818 -2.6099 0.9246 52 199 89
-11.3488 -2.0960 -1.4996 52 199 89
-11.4243 -2.9710 0.4951 52 199 89
-10.9803 -2.1795 0.4518 52 199 89
-11.2573 -1.8683 1.8333 52 199 89
-11.1918 -1.8557 3.2371 52 199 89
-11.2934 -2.1324 3.2765 52 199 89
-11.3760 -2.3332 -2.6850 52 199 89
-11.3978 -2.2164 3.4437 52 199 89
-11.4070 -2.1459 -1.4000 52 199 89
-11.3655 -2.1856 -2.1081 52 199 89
-11.6681 -2.6403 3.6298 52 199 89
-11.4766 -2.3944 3.5228 52 199 89
-11.3037 -2.0516 1.7244 52 199 89
-11.4635 -2.3605 3.4013 52 199 89
-11.1729 -2.1858 -3.6701 52 199 89
-11.3251 -2.2439 -2.2029 52 199 89
-11.6398 -2.7766 1.0494 52 199 89
-11.3315 -2.1420 3.2662 52 199 89
-11.3210 -2.0401 3.3038 52 199 89
-11.2904 -2.1262 -2.5633 52 199 89
-11.2260 -1.9897 3.1928 52 199 89
-11.6503 -2.8471 3.2791 52 199 89
-11.4482 -2.9763 2.7850 52 199 89
-11.3974 -2.2917 3.2933 52 199 89
-11.1913 -1.9171 2.2846 52 199 89
-11.4844 -2.9645 3.2423 52 199 89
-11.2121 -1.9914 1.2014 52 199 89
-11.7433 -2.6479 3.7331 52 199 89
-11.6465 -2.6249 3.5953 52 199 89
-11.6654 -2.6051 3.6423 52 199 89
-11.0337 -1.9800 -2.4399 52 199 89
-11.0204 -2.0352 0.6798 52 199 89
-11.4711 -2.3245 3.4906 52 199 89
-11.3813 -2.2025 3.4402 52 199 89
-11.2562 -2.2899 -3.0777 52 199 89
-11.1448 -1.8189 1.4640 52 199 89
-11.5337 -2.5948 1.4163 52 199 89
-11.5378 -2.6010 1.4772 52 199 89
-11.6540 -2.7763 1.4819 52 199 89
-11.3134 -2.1800 -2.3684 52 199 89
-11.4854 -2.6539 1.4425 52 199 89
-11.3084 -2.1743 -2.3437 52 199 89
-10.9647 -2.3086 0.5507 52 199 89
-10.9907 -2.1315 0.5812 52 199 89
-11.2955 -2.0723 1.5735 52 199 89
-11.2865 -2.0877 3.3189 52 199 89
-11.6601 -2.8028 1.6288 52 199 89
-10.9894 -2.1198 0.5594 52 199 89
-11.2878 -2.0775 3.3013 52 199 89
-11.2461 -1.8783 3.3625 52 199 89
-11.7361 -2.6718 3.4746 52 199 89
-11.3449 -2.0994 -1.4882 52 199 89
-11.1913 -1.8586 3.2311 52 199 89
-11.2286 -1.9837 3.1788 52 199 89
-11.5330 -2.0540 -1.5911 52 199 89
-11.4138 -2.1409 -1.4957 52 199 89
-11.3636 -2.0785 -0.7492 52 199 89
-11.3702 -2.1540 2.5031 52 199 89
-11.3797 -2.1295 2.4209 52 199 89
-11.2146 -2.0128 2.3229 52 199 89
-11.6183 -2.8215 2.1777 52 199 89
-11.5820 -2.8206 2.1050 52 199 89
-11.3425 -2.1484 2.1746 52 199 89
-11.3088 -2.0345 2.0551 52 199 89
-11.3032 -2.0861 1.9896 52 199 89
-10.9598 -2.0843 0.4771 52 199 89
-11.4565 -2.8812 0.7078 52 199 89
-10.9686 -2.0850 0.7346 52 199 89
-11.6103 -2.7963 1.0440 52 199 89
-11.5219 -2.5787 1.0414 52 199 89
-11.5257 -2.8999 0.9166 52 199 89
-11.5820 -2.8364 0.9163 52 199 89
-11.4584 -2.9208 0.8135 52 199 89
-11.2467 -2.2739 -2.6981 52 199 89
-11.2681 -2.2481 -2.7570 52 199 89
-11.2197 -2.2510 -2.6979 52 199 89
-11.3114 -2.2658 -2.9350 52 199 89
-11.2743 -2.2699 -2.9374 52 199 89
-11.2848 -2.2722 -3.0170 52 199 89
-11.3249 -2.3057 -3.0699 52 199 89
-11.2736 -2.2838 -3.0527 52 199 89
-11.1278 -2.1513 -3.5223 52 199 89
-11.1598 -2.1518 -3.6447 52 199 89
-11.6825 -2.6719 3.5168 52 199 89
-11.3883 -2.2166 3.3682 52 199 89
-11.4636 -2.3597 3.4019 52 199 89
-11.3143 -2.2061 -2.3057 52 199 89
-11.3891 -2.5181 -0.8699 52 199 89
-11.3309 -2.2462 -3.3143 52 199 89
-11.3266 -2.1257 -2.4739 52 199 89
-11.2177 -2.2871 -3.0955 52 199 89
-11.2422 -2.2942 -3.1053 52 199 89
-11.2371 -2.3023 -3.0383 52 199 89
-11.2789 -2.3029 -3.0518 52 199 89
-11.2570 -2.2685 -2.9239 52 199 89
-11.3312 -2.3240 -2.9735 52 199 89
-11.2661 -2.2313 -2.9205 52 199 89
-11.2235 -2.3351 -2.8359 52 199 89
-11.3541 -2.2062 3.3983 52 199 89
-11.1999 -2.1149 -2.7952 52 199 89
-11.2319 -2.2483 -2.7739 52 199 89
-11.2548 -2.2864 -2.7816 52 199 89
-11.2883 -2.2290 -2.7217 52 199 89
-11.2220 -2.1005 -2.6624 52 199 89
-11.4934 -2.7892 -2.5905 52 199 89
-11.5547 -2.3586 3.3968 52 199 89
-11.2692 -2.2304 -2.5618 52 199 89
-11.2742 -2.2480 -2.5549 52 199 89
-11.0320 -1.9837 -2.4182 52 199 89
-11.2171 -1.8423 3.1814 52 199 89
-11.0362 -1.9739 -2.3347 52 199 89
-11.4514 -2.3507 -2.5633 52 199 89
-11.3428 -2.2984 -2.4340 52 199 89
-11.3663 -2.1376 -2.3936 52 199 89
-11.3540 -2.1508 2.4032 52 199 89
-11.2618 -1.9248 2.3784 52 199 89
-11.2010 -1.9081 2.2424 52 199 89
-11.7140 -2.7861 2.2866 52 199 89
-11.2952 -2.0273 2.2136 52 199 89
-11.7019 -2.7856 -2.2814 52 199 89
-11.3480 -2.2033 -2.0783 52 199 89
-11.2695 -1.8661 2.0583 52 199 89
-11.2756 -1.8732 2.0310 52 199 89
-11.3841 -2.0645 -0.7530 52 199 89
-10.9351 -2.1147 0.2970 52 199 89
-11.2298 -1.8851 1.9487 52 199 89
-10.9853 -2.1960 0.3736 52 199 89
-11.1806 -1.9761 1.8341 52 199 89
-11.2510 -1.9152 1.8683 52 199 89
-11.2490 -1.8992 1.8407 52 199 89
-11.2370 -1.8674 1.8393 52 199 89
-11.5877 -2.8213 1.6703 52 199 89
-11.2550 -1.9184 1.7373 52 199 89
-10.9022 -2.0609 0.5255 52 199 89
-11.6729 -2.8024 1.6445 52 199 89
-11.5677 -2.6392 1.6017 52 199 89
-10.9425 -2.1086 0.5593 52 199 89
-11.3135 -2.0655 1.5881 52 199 89
-11.0248 -2.2610 0.5609 52 199 89
-11.4982 -2.6500 1.4616 52 199 89
-11.4686 -2.9072 0.5847 52 199 89
-10.9716 -2.2450 0.5942 52 199 89
-10.9941 -2.0619 0.6915 52 199 89
-11.1513 -2.0420 1.1858 52 199 89
-10.9831 -2.0396 0.7144 52 199 89
-11.0653 -2.2676 0.7373 52 199 89
-11.3325 -2.2775 1.0653 52 199 89
-11.6640 -2.5427 1.1102 52 199 89
-11.5224 -2.5817 1.0533 52 199 89
-11.5312 -2.5583 1.0579 52 199 89
-10.9669 -2.0478 0.8897 52 199 89
-11.6056 -2.8767 0.9463 52 199 89
-10.9811 -2.0724 0.8422 52 199 89
-11.1353 -2.1702 -3.1700 52 199 89
-11.1599 -2.1539 -3.6340 52 199 89
-11.1585 -2.1968 -3.6335 52 199 89
-11.2770 -2.1339 -1.9353 52 199 89
-11.5147 -2.8555 -3.6720 52 199 89
-11.3257 -2.1133 -2.5781 52 199 89
-11.3928 -2.1551 -1.4712 52 199 89
-11.3745 -2.6012 0.9440 52 199 89
-11.3153 -2.0702 3.3514 52 199 89
-11.6466 -2.7907 2.0724 52 199 89
-11.5849 -2.8217 1.8221 52 199 89
-11.2671 -1.8436 1.7675 52 199 89
-11.3303 -2.1377 -2.5376 52 199 89
-11.7109 -2.7622 3.4618 52 199 89
-11.2138 -2.3063 -3.0525 52 199 89
-11.2274 -1.8918 2.3496 52 199 89
-11.3591 -2.1744 2.1309 52 199 89
-11.2437 -1.8793 2.0649 52 199 89
-11.1523 -1.9645 1.9543 52 199 89
-11.2163 -1.9698 1.8463 52 199 89
-11.2335 -2.3487 -2.8494 52 199 89
-11.2276 -1.9681 1.7501 52 199 89
-11.5430 -2.5759 1.0762 52 199 89
-11.5539 -2.5475 1.0820 52 199 89
-11.6317 -2.8161 1.6121 52 199 89
-11.2329 -2.3012 -2.7446 52 199 89
-10.9714 -2.1010 0.5081 52 199 89
-11.3703 -2.6030 0.9452 52 199 89
-11.2367 -2.2617 -2.6627 52 199 89
-10.9573 -2.1062 0.6571 52 199 89
-11.3696 -2.2851 3.4401 52 199 89
-10.9635 -2.1561 0.6137 52 199 89
-10.9129 -2.0929 0.6284 52 199 89
-10.9032 -2.0895 0.5812 52 199 89
-11.0173 -2.0010 -2.3669 52 199 89
-11.3496 -2.4008 -2.4306 52 199 89
-11.3480 -2.2982 -2.4579 52 199 89
-11.3335 -2.1638 -2.3094 52 199 89
-11.3530 -2.2056 -2.0743 52 199 89
-11.3329 -2.0975 -1.5036 52 199 89
-11.1500 -2.1228 -3.5698 52 199 89
-11.1929 -2.1516 -3.5864 52 199 89
-11.2440 -1.9417 2.3483 52 199 89
-11.2877 -2.0538 2.0887 52 199 89
-11.2089 -1.9344 1.8142 52 199 89
-11.1417 -1.9532 1.7631 52 199 89
-11.3206 -2.3302 -2.9513 52 199 89
-11.0495 -2.0138 -2.7898 52 199 89
-11.2861 -2.3325 -2.8939 52 199 89
-10.9574 -2.0994 0.7635 52 199 89
-11.2368 -2.3169 -2.7376 52 199 89
-11.6327 -2.7815 1.0836 52 199 89
-11.5583 -2.7986 -2.8120 52 199 89
-11.3469 -2.1290 -2.5170 52 199 89
-11.6549 -2.6623 3.6089 52 199 89
-11.2549 -2.2938 -3.6108 52 199 89
-11.3802 -2.2405 3.4075 52 199 89
-11.3100 -2.2366 3.3207 52 199 89
-11.3155 -2.1488 3.3902 52 199 89
-11.2462 -1.7977 3.4671 52 199 89
-11.1374 -2.2318 -3.4555 52 199 89
-11.5658 -2.9062 -3.0662 52 199 89
-11.4912 -2.4501 3.2820 52 199 89
-11.6822 -2.3503 3.5614 52 199 89
-11.2458 -2.2622 -2.7377 52 199 89
-11.3923 -2.5190 -0.8535 52 199 89
-11.1657 -2.0800 -2.5023 52 199 89
-11.2263 -2.0968 -2.6662 52 199 89
-11.2594 -2.2789 -3.6964 52 199 89
-11.3363 -2.1020 -0.7456 52 199 89
-11.1492 -1.8991 3.0854 52 199 89
-11.3821 -2.5294 -0.7807 52 199 89
-11.5070 -2.5414 3.4643 52 199 89
-11.0318 -2.0310 -2.7520 52 199 89
-11.2614 -2.2724 -2.8824 52 199 89
-11.3049 -2.3300 -2.8271 52 199 89
-11.1291 -2.1792 -3.1513 52 199 89
-11.1714 -2.2904 -2.5026 52 199 89
-11.2628 -2.2124 -2.2245 52 199 89
-10.9304 -2.1627 0.4584 52 199 89
-11.3495 -2.2516 2.4787 52 199 89
-11.4435 -2.1163 2.5693 52 199 89
-11.3577 -2.1530 2.4356 52 199 89
-11.3483 -2.5850 2.2093 52 199 89
-11.3851 -2.1438 2.2062 52 199 89
-11.3001 -2.1807 2.1268 52 199 89
-11.2614 -1.8651 2.0750 52 199 89
-11.2706 -1.8491 1.9557 52 199 89
-10.9583 -2.1054 0.6452 52 199 89
-11.2897 -1.9374 1.8848 52 199 89
-11.3014 -2.4180 0.7113 52 199 89
-11.7166 -2.1725 0.6993 52 199 89
-11.0773 -2.2564 0.7097 52 199 89
-10.9505 -2.1044 0.7158 52 199 89
-11.2396 -1.8649 1.4148 52 199 89
-11.0379 -2.2550 0.7234 52 199 89
-11.1312 -2.0550 1.1521 52 199 89
-11.3085 -2.2979 1.1324 52 199 89
-11.1289 -2.0730 1.0511 52 199 89
-11.5469 -2.5462 1.0931 52 199 89
-11.5337 -2.5945 1.0436 52 199 89
-11.3668 -2.2795 1.0476 52 199 89
-11.1595 -2.2175 0.9680 52 199 89
-11.0677 -2.0955 0.9460 52 199 89
-11.4107 -2.5865 0.9574 52 199 89
-10.9925 -2.0488 0.8059 52 199 89
-11.5553 -2.8223 0.9341 52 199 89
-11.5006 -2.9228 -3.0197 52 199 89
-11.2587 -2.2532 -3.1915 52 199 89
-11.5789 -2.8702 -3.3436 52 199 89
-11.1805 -2.1038 -3.5279 52 199 89
-11.1690 -2.1738 -3.5178 52 199 89
-11.1859 -2.1995 -3.5574 52 199 89
-11.1736 -2.1483 -3.6645 52 199 89
-10.9436 -2.2712 0.5914 52 199 89
-11.0867 -2.0507 -3.6499 52 199 89
-11.5441 -2.8467 -3.7264 52 199 89
-11.2218 -2.1382 1.5500 52 199 89
-11.2093 -2.1553 -3.3896 52 199 89
-11.0551 -2.2711 0.9631 52 199 89
-11.2128 -2.2500 -2.2781 52 199 89
-11.3715 -2.3757 0.9307 52 199 89
-11.6282 -2.8310 -3.3078 52 199 89
-11.3064 -2.1528 -2.4832 52 199 89
-11.3556 -2.2094 3.3993 52 199 89
-11.3626 -2.1178 3.3703 52 199 89
-11.3679 -2.1464 -1.4617 52 199 89
-11.3047 -2.1229 -0.7524 52 199 89
-11.4190 -2.6929 0.5303 52 199 89
-11.2586 -2.2813 -3.5252 52 199 89
-11.1960 -2.1185 -2.6206 52 199 89
-11.1505 -2.1660 -3.6007 52 199 89
-11.1908 -2.2754 -3.5575 52 199 89
-11.1271 -2.2358 -3.4364 52 199 89
-11.2069 -2.2377 -3.4973 52 199 89
-11.1185 -2.1530 -3.3828 52 199 89
-11.1827 -2.2093 -3.3957 52 199 89
-11.1858 -2.2337 -3.3323 52 199 89
-10.9591 -2.3218 -2.9352 52 199 89
-11.4462 -2.5751 2.4712 52 199 89
-11.5940 -2.0271 2.7423 52 199 89
-11.3618 -2.1500 2.4866 52 199 89
-11.2527 -2.0687 2.3637 52 199 89
-11.2583 -2.0164 2.2349 52 199 89
-11.6015 -2.8213 2.1437 52 199 89
-11.3791 -2.1687 2.1650 52 199 89
-11.3945 -2.1198 2.2159 52 199 89
-11.2343 -2.2923 -2.9234 52 199 89
-11.1984 -1.9822 1.6987 52 199 89
-11.6998 -2.8018 1.6174 52 199 89
-11.4858 -2.6277 1.5211 52 199 89
-11.2080 -1.9255 1.4650 52 199 89
-11.4956 -2.6570 1.3287 52 199 89
-11.5365 -2.6082 1.2055 52 199 89
-11.6195 -2.7914 1.1543 52 199 89
-11.1578 -2.0513 1.1053 52 199 89
-11.4506 -2.8777 0.8752 52 199 89
-11.2999 -2.3240 -2.4241 52 199 89
-11.3908 -2.3654 0.6421 52 199 89
-11.1336 -2.0958 -2.4658 52 199 89
-11.5087 -2.8312 -2.7989 52 199 89
-11.4421 -2.6602 0.7104 52 199 89
-11.1345 -2.0116 0.3297 52 199 89
-10.9767 -2.1503 -3.3713 52 199 89
-11.3957 -2.0599 -1.3518 52 199 89
-11.1278 -2.3461 -3.3615 52 199 89
-11.2044 -2.3353 -3.4768 52 199 89
-11.2629 -2.1555 -1.9135 52 199 89
-11.3460 -2.2167 -2.0136 52 199 89
-11.0811 -2.0624 -3.1565 52 199 89
-11.2775 -2.2024 -2.2147 52 199 89
-11.4516 -2.3443 -2.5754 52 199 89
-11.2257 -2.2627 -2.9359 52 199 89
-11.2257 -2.1345 1.5655 52 199 89
-11.0836 -2.0787 -3.1002 52 199 89
-11.8943 -2.7487 -3.7600 52 199 89
-11.2079 -2.1097 -2.6466 52 199 89
-11.2230 -2.0991 -2.8148 52 199 89
-11.3324 -2.1018 -0.7487 52 199 89
-11.7897 -2.6517 -2.9039 52 199 89
-11.5079 -2.8465 1.8286 52 199 89
-11.3703 -2.1249 -2.1072 52 199 89
-11.4762 -2.0804 -1.4063 52 199 89
-11.4321 -2.3634 -2.3950 52 199 89
-11.3139 -2.1982 -1.4822 52 199 89
-9.1112 -0.2655 3.6550 52 199 89
-9.9330 -0.8460 0.9312 52 199 89
-9.8910 -0.8606 0.9390 52 199 89
-9.0382 -0.0945 1.2111 52 199 89
-9.9236 -0.6095 0.4605 52 199 89
-9.7692 -0.4435 3.6554 52 199 89
-8.9983 -0.0589 1.2670 52 199 89
-9.5824 -0.2809 3.8272 52 199 89
-9.0229 -0.1241 1.2486 52 199 89
-9.3018 -0.3999 0.4744 52 199 89
-9.9445 -0.5500 0.4528 52 199 89
-8.8699 -0.4014 0.4672 52 199 89
-9.5791 -0.3143 3.7672 52 199 89
-9.2955 -0.4679 0.4343 52 199 89
-9.9436 -0.8726 1.0671 52 199 89
-10.0928 -1.0850 0.4793 52 199 89
-9.2978 -0.5945 0.4117 52 199 89
-9.5240 -0.3846 0.6876 52 199 89
-10.0964 -1.0139 0.3277 52 199 89
-9.2385 -0.3118 -3.9704 52 199 89
-8.9957 -0.4520 0.6939 52 199 89
-9.1440 -0.3364 0.7196 52 199 89
-9.3152 -0.4722 0.6997 52 199 89
-9.1018 -0.5494 0.5224 52 199 89
-9.0210 -0.4781 0.5333 52 199 89
-9.1677 -0.1834 3.5362 52 199 89
-9.5152 -0.3657 0.7572 52 199 89
-9.5315 -0.4464 0.7390 52 199 89
-10.1324 -0.8988 0.3456 52 199 89
-9.3297 -0.3980 0.7850 52 199 89
-8.8390 -0.3401 1.3351 52 199 89
-9.1430 -0.3877 0.7967 52 199 89
-9.5087 -0.4895 0.7823 52 199 89
-9.5355 -0.4862 0.7773 52 199 89
-9.9742 -0.5233 0.7888 52 199 89
-9.8904 -0.6812 0.5106 52 199 89
-9.5157 -0.2920 0.8664 52 199 89
-9.5297 -0.4678 0.8135 52 199 89
-9.1204 -0.3427 0.8563 52 199 89
-9.1523 -0.5334 0.7907 52 199 89
-9.2931 -0.4760 0.5272 52 199 89
-9.5423 -0.4390 0.8608 52 199 89
-8.9094 -0.4501 0.5235 52 199 89
-10.1587 -1.0168 0.7273 52 199 89
-8.8617 -0.3392 0.5556 52 199 89
-9.2978 -0.5322 0.4960 52 199 89
-9.4095 -0.1667 1.0041 52 199 89
-9.5269 -0.3823 0.9413 52 199 89
-9.0697 -0.2374 0.9858 52 199 89
-9.5362 -0.3944 0.9574 52 199 89
-8.8253 -0.2623 1.4015 52 199 89
-9.3967 -0.3182 0.9920 52 199 89
-9.1533 -0.3158 1.0034 52 199 89
-9.9290 -0.7174 0.5343 52 199 89
-9.1331 -0.3788 0.5050 52 199 89
-9.5390 -0.3626 1.0212 52 199 89
-8.9964 -0.4037 0.5064 52 199 89
-9.0009 -0.4784 0.6192 52 199 89
-9.8295 -0.5865 1.9395 52 199 89
-8.9239 -0.5447 0.1462 52 199 89
-8.8620 -0.4039 -3.5571 52 199 89
-9.2985 -0.1537 -3.9373 52 199 89
-9.4109 -0.1864 2.2249 52 199 89
-8.8587 -0.3299 -3.6118 52 199 89
-8.8801 -0.3372 -3.6061 52 199 89
-10.2842 -0.7400 0.1304 52 199 89
-10.1383 -0.8889 0.2745 52 199 89
-8.9675 -0.5724 0.1126 52 199 89
-8.9638 -0.3549 -3.5628 52 199 89
-10.0619 -1.1172 0.0932 52 199 89
-9.7985 -0.7074 1.8101 52 199 89
-9.1864 -0.1494 2.4443 52 199 89
-9.8116 -0.5748 1.8956 52 199 89
-9.2485 -0.2306 2.4052 52 199 89
-9.0901 -0.1241 3.7902 52 199 89
-8.9684 -0.3012 -3.5940 52 199 89
-9.0797 -0.5150 0.0944 52 199 89
-9.0571 -0.4002 0.0936 52 199 89
-9.0590 -0.5602 0.0881 52 199 89
-9.3131 -0.1674 2.1150 52 199 89
-9.2481 -0.1833 2.0914 52 199 89
-9.7176 -0.1602 3.8374 52 199 89
-9.5267 -0.1624 2.5720 52 199 89
-9.5400 -0.2646 2.0395 52 199 89
-9.5248 -0.1513 2.6161 52 199 89
-9.4348 -0.2595 2.5450 52 199 89
-9.0651 -0.5399 0.0531 52 199 89
-9.3950 -0.2922 -3.4869 52 199 89
-9.2485 -0.6464 0.2518 52 199 89
-9.3674 -0.2173 3.6715 52 199 89
-9.4426 -0.2659 -3.4532 52 199 89
-9.2914 -0.3422 1.9321 52 199 89
-9.1196 -0.0968 1.6630 52 199 89
-9.7532 -0.4759 3.2057 52 199 89
-10.1154 -0.9783 1.2764 52 199 89
-9.0996 -0.4245 0.6109 52 199 89
-9.3858 -0.3121 3.3695 52 199 89
-9.4398 -0.2213 3.6591 52 199 89
-9.0952 -0.4416 0.2392 52 199 89
-9.2313 -0.1689 3.6856 52 199 89
-9.2627 -0.2364 1.6401 52 199 89
-8.8189 -0.1812 1.6665 52 199 89
-9.6004 -0.1959 3.5451 52 199 89
-10.0526 -1.1417 0.1824 52 199 89
-9.0490 -0.4585 0.1708 52 199 89
-10.0782 -1.0821 -0.0405 52 199 89
-10.0869 -1.0430 1.2809 52 199 89
-9.0856 -0.4905 0.2203 52 199 89
-8.9419 -0.0896 1.7466 52 199 89
-9.2106 -0.2390 1.9341 52 199 89
-9.0269 -0.1746 3.6347 52 199 89
-9.1362 -0.2232 1.9476 52 199 89
-10.1450 -1.0690 0.1746 52 199 89
-9.0411 -0.1029 2.0169 52 199 89
-9.3280 -0.1837 -2.5352 52 199 89
-8.8758 -0.3259 0.5985 52 199 89
-10.1236 -1.2392 -0.1256 52 199 89
-9.2935 -2.7889 0.5618 52 199 89
-9.3721 -0.2414 3.5921 52 199 89
-9.3260 -2.9448 0.3869 52 199 89
-9.1690 -0.2233 3.5787 52 199 89
-8.8749 -0.3616 0.6002 52 199 89
-9.1270 -0.1992 1.9107 52 199 89
-9.0732 -0.1694 1.9257 52 199 89
-9.0636 -0.4920 0.1714 52 199 89
-9.1558 -0.2333 1.7295 52 199 89
-9.8298 -0.4106 3.4439 52 199 89
-10.1046 -1.1584 0.1406 52 199 89
-9.4940 -0.5209 0.6041 52 199 89
-9.6146 -0.3389 3.5002 52 199 89
-9.2047 -0.2186 1.8441 52 199 89
-9.8303 -1.0558 -0.2138 52 199 89
-9.1001 -0.1549 3.6330 52 199 89
-8.9065 -0.4292 0.5811 52 199 89
-9.6477 -0.2736 3.5391 52 199 89
-9.0600 -0.5706 0.1927 52 199 89
-9.9464 -0.6364 0.6010 52 199 89
-9.0536 -0.1245 1.8643 52 199 89
-9.3451 -2.7308 0.6441 52 199 89
-9.0538 -0.4223 0.2059 52 199 89
-9.1135 -0.2008 1.5506 52 199 89
-8.8755 -0.2853 0.4738 52 199 89
-9.8981 -0.5044 3.5171 52 199 89
-9.3330 -0.1427 -1.5435 52 199 89
-9.1075 -0.6152 0.1670 52 199 89
-9.2138 -0.2665 1.6910 52 199 89
-8.8401 -0.1388 3.6353 52 199 89
-9.0195 -0.5465 0.1188 52 199 89
-9.4215 -0.1949 -2.3657 52 199 89
-9.4906 -0.2152 3.8524 52 199 89
-9.1136 -0.2047 3.6170 52 199 89
-9.0046 -0.1345 1.1106 52 199 89
-9.3543 -0.4734 0.5433 52 199 89
-9.3388 -0.2512 3.7707 52 199 89
-10.0475 -1.1770 0.1788 52 199 89
-8.9403 -0.4575 0.1636 52 199 89
-9.1574 -0.6005 0.0053 52 199 89
-9.4071 -0.1976 -3.5426 52 199 89
-9.3099 -0.3634 0.8212 52 199 89
-9.5011 -0.2962 3.6868 52 199 89
-9.4577 -0.1716 0.9136 52 199 89
-9.1986 -0.1970 1.7533 52 199 89
-9.0408 -0.4141 0.2027 52 199 89
-9.1111 -0.5426 0.0716 52 199 89
-9.6554 -0.3383 0.3137 52 199 89
-9.9094 -0.5987 0.5235 52 199 89
-9.0502 -0.2170 1.1624 52 199 89
-9.5415 -0.2496 1.0503 52 199 89
-9.0083 -0.1857 1.1599 52 199 89
-9.3979 -0.2699 1.0067 52 199 89
-9.0639 -0.4626 0.0877 52 199 89
-9.1022 -0.4430 0.6080 52 199 89
-9.4034 -0.3652 0.9524 52 199 89
-9.3291 -0.5135 0.5830 52 199 89
-9.5151 -0.5116 0.8924 52 199 89
-9.5414 -0.4322 0.8580 52 199 89
-9.3108 -0.5237 0.6955 52 199 89
-9.5377 -0.4047 0.8458 52 199 89
-9.3297 -0.3567 0.7377 52 199 89
-9.9424 -0.8080 0.7323 52 199 89
-9.5161 -0.2870 0.8560 52 199 89
-9.9421 -0.6511 0.7596 52 199 89
-8.8838 -0.3721 0.5970 52 199 89
-10.1312 -1.1179 0.1451 52 199 89
-9.0617 -0.5023 0.2081 52 199 89
-10.1293 -1.0959 0.1455 52 199 89
-10.1480 -0.8783 1.3664 52 199 89
-9.1413 -0.2026 1.6724 52 199 89
-8.9086 -0.4536 0.5921 52 199 89
-9.1542 -0.2050 1.7433 52 199 89
-8.8471 -0.3079 -3.7047 52 199 89
-9.0697 -0.1630 1.9733 52 199 89
-8.8483 -0.2668 -3.7011 52 199 89
-9.4368 -0.3261 2.0291 52 199 89
-9.0962 -0.4932 0.5382 52 199 89
-8.8605 -0.3347 0.5647 52 199 89
-9.8032 -0.6463 1.7940 52 199 89
-10.2074 -0.7225 1.0804 52 199 89
-9.0870 -0.1768 3.7443 52 199 89
-9.0196 -0.0765 1.2686 52 199 89
-9.5888 -0.2166 3.8680 52 199 89
-9.4347 -0.3113 2.5088 52 199 89
-8.9995 -0.4069 0.7145 52 199 89
-9.5900 -0.3298 3.3862 52 199 89
-9.1133 -0.5878 0.4094 52 199 89
-9.1266 -0.1670 1.6697 52 199 89
-9.4397 -0.2229 3.6536 52 199 89
-8.9442 -0.1906 1.6898 52 199 89
-9.0434 -0.4290 0.1876 52 199 89
-9.0897 -0.4786 0.1527 52 199 89
-9.1392 -0.3203 0.8228 52 199 89
-8.9621 -0.1060 1.7608 52 199 89
-9.3326 -0.1080 -1.5606 52 199 89
-8.9420 -0.0742 1.7619 52 199 89
-8.8201 -0.0646 3.6864 52 199 89
-9.0165 -0.4617 0.2378 52 199 89
-9.1231 -0.3822 0.8459 52 199 89
-8.9949 -0.4481 0.1548 52 199 89
-8.8263 -0.1563 3.6418 52 199 89
-10.1572 -0.8452 0.1291 52 199 89
-9.0277 -0.4118 0.5300 52 199 89
-9.3103 -0.3751 0.8133 52 199 89
-9.1796 -0.1842 1.8094 52 199 89
-10.0599 -1.1237 0.0834 52 199 89
-9.0872 -0.5809 0.0946 52 199 89
-8.8463 -0.2798 0.8490 52 199 89
-9.4128 -0.1563 -2.5621 52 199 89
-8.9691 -0.4040 0.2617 52 199 89
-9.1216 -0.1334 1.9488 52 199 89
-9.3268 -0.1776 -2.5111 52 199 89
-9.6324 -0.2522 3.6236 52 199 89
-9.2102 -0.2054 1.9614 52 199 89
-9.0650 -0.5156 0.0447 52 199 89
-9.2866 -0.1967 3.5513 52 199 89
-10.1696 -0.9912 0.7410 52 199 89
-9.2000 -0.1825 2.0786 52 199 89
-9.3837 -0.1402 -3.8224 52 199 89
-9.2241 -0.2488 2.0366 52 199 89
-10.1947 -0.7486 1.7842 52 199 89
-9.3100 -0.3949 0.4276 52 199 89
-9.9616 -1.1348 2.5375 52 199 89
-9.2378 -0.3322 3.4377 52 199 89
-8.8265 -0.1583 3.5985 52 199 89
-8.9240 -0.5533 0.4587 52 199 89
-10.1746 -0.9760 0.3058 52 199 89
-9.4956 -0.2819 3.5300 52 199 89
-8.9631 -0.3467 -3.5769 52 199 89
-9.4174 -0.1977 2.4394 52 199 89
-9.4117 -0.1783 3.7220 52 199 89
-9.6365 -0.3000 3.6080 52 199 89
-9.0313 -0.5326 0.2146 52 199 89
-9.2934 -0.2274 1.5233 52 199 89
-9.0926 -0.2784 1.7197 52 199 89
-8.8376 -0.0955 3.5898 52 199 89
-10.1506 -0.9786 0.2094 52 199 89
-10.0075 -1.1217 -0.7915 52 199 89
-9.3397 -0.2176 -1.6319 52 199 89
-9.4228 -0.1975 -2.3709 52 199 89
-8.9546 -0.3154 -3.5402 52 199 89
-9.6852 -0.3086 3.6853 52 199 89
-9.4030 -0.3018 -3.4196 52 199 89
-8.9450 -0.3700 0.2526 52 199 89
-9.3534 -0.5285 0.5346 52 199 89
-8.8266 -0.0381 3.7526 52 199 89
-9.1585 -0.2332 1.4539 52 199 89
-8.9692 -0.4851 0.2065 52 199 89
-8.9980 -0.3842 0.7251 52 199 89
-9.9370 -0.8298 0.7267 52 199 89
-9.5419 -0.2313 0.7505 52 199 89
-9.5180 -0.4058 0.8296 52 199 89
-8.9758 -0.4482 0.2589 52 199 89
-9.2451 -0.6070 0.2413 52 199 89
-9.1097 -0.5347 0.5953 52 199 89
-9.3310 -0.4625 0.5975 52 199 89
-8.9826 -0.2913 0.6151 52 199 89
-8.9039 -0.4169 0.5932 52 199 89
-8.9025 -0.4899 0.5806 52 199 89
-8.8715 -0.3387 0.5946 52 199 89
-9.0179 -0.4425 0.5441 52 199 89
-9.3345 -0.4599 0.5299 52 199 89
-10.1386 -0.8830 0.3437 52 199 89
-9.0584 -0.3476 0.1974 52 199 89
-10.1160 -1.1547 0.1415 52 199 89
-10.1438 -1.0494 0.1430 52 199 89
-9.5187 -0.4430 0.9122 52 199 89
-9.5429 -0.4171 0.9314 52 199 89
-9.0663 -0.1821 1.0044 52 199 89
-9.4035 -0.3471 0.9593 52 199 89
-9.0418 -0.4250 0.1729 52 199 89
-9.4981 -0.4726 0.6125 52 199 89
-9.0278 -0.1944 1.2260 52 199 89
-9.4320 -0.2401 3.5502 52 199 89
-10.0926 -1.0524 -0.0491 52 199 89
-9.1369 -0.1672 1.7072 52 199 89
-9.1545 -0.2118 1.7335 52 199 89
-9.1287 -0.2583 1.8874 52 199 89
-9.0823 -0.2518 1.8793 52 199 89
-9.2537 -0.2661 2.3568 52 199 89
-9.4141 -0.2840 2.3846 52 199 89
-9.6565 -0.1906 3.6619 52 199 89
-9.4323 -0.3779 2.4536 52 199 89
-8.8896 -0.3902 0.5065 52 199 89
-9.4251 -0.2949 2.6059 52 199 89
-8.8589 -0.3260 -3.6238 52 199 89
-8.8846 -0.4254 -3.9328 52 199 89
-8.8359 -0.2417 -3.7988 52 199 89
-9.6166 -0.4430 3.3379 52 199 89
-9.0134 -0.5888 0.0769 52 199 89
-9.1006 -0.5028 0.4464 52 199 89
-9.3836 -0.1661 -3.7889 52 199 89
-9.6588 -0.2364 3.6086 52 199 89
-9.6318 -0.7548 3.1512 52 199 89
-9.8288 -1.0526 -0.2022 52 199 89
-8.9689 -0.3077 -3.6451 52 199 89
-9.2694 -0.1790 2.0712 52 199 89
-9.6087 -0.3158 3.5931 52 199 89
-9.1826 -0.2468 1.7761 52 199 89
-9.4195 -0.1724 3.7028 52 199 89
-9.0463 -0.4324 0.2836 52 199 89
-9.4960 -0.2409 3.8286 52 199 89
-8.8847 -0.2644 3.6304 52 199 89
-9.0729 -0.1620 3.7961 52 199 89
-9.3244 -0.2455 3.7255 52 199 89
-9.8101 -0.4939 3.3264 52 199 89
-9.0796 -0.0711 3.7403 52 199 89
-8.8786 -0.1535 3.7902 52 199 89
-9.4503 -0.3303 3.4954 52 199 89
-10.0916 -1.1560 -0.0808 52 199 89
-10.1395 -1.0071 0.2099 52 199 89
-9.1143 -0.1128 3.8476 52 199 89
-9.0227 -0.4556 0.6093 52 199 89
-8.9529 -0.4363 -3.4590 52 199 89
-9.3294 -0.1945 -1.6592 52 199 89
-9.2348 -0.2998 -3.9483 52 199 89
-9.4052 -0.1365 -2.6190 52 199 89
-9.3388 -0.1106 -1.6744 52 199 89
-9.8376 -0.4137 3.4498 52 199 89
-10.0745 -1.0106 0.3825 52 199 89
-9.3309 -0.4638 3.4352 52 199 89
-9.5098 -0.5859 -0.0648 52 199 89
-10.1367 -0.8166 0.9073 52 199 89
-9.0603 -0.4888 0.2269 52 199 89
-9.5265 -0.3897 1.9577 52 199 89
-9.0318 -0.0995 1.0790 52 199 89
-9.0620 -0.1165 2.0130 52 199 89
-9.0450 -0.0805 2.0344 52 199 89
-9.0729 -0.1382 1.9399 52 199 89
-9.1000 -0.3713 0.9671 52 199 89
-9.5233 -0.4216 0.9323 52 199 89
-8.8679 -0.3170 0.5983 52 199 89
-9.0733 -0.1425 2.0576 52 199 89
-9.5125 -0.2795 0.8861 52 199 89
-9.0074 -0.3698 0.5508 52 199 89
-10.1216 -0.9607 0.2511 52 199 89
-9.9626 -0.7254 0.7494 52 199 89
-9.2930 -0.4091 0.5306 52 199 89
-9.3140 -0.5096 0.7561 52 199 89
-8.8769 -0.3376 -3.6016 52 199 89
-9.3088 -0.3150 0.7452 52 199 89
-9.9003 -0.8082 0.6178 52 199 89
-10.0100 -0.2584 0.7600 52 199 89
-9.5118 -0.4039 0.6995 52 199 89
-8.9700 -0.4828 0.2361 52 199 89
-10.1642 -0.8779 1.0383 52 199 89
-9.0335 -0.2499 1.2054 52 199 89
-9.2531 -0.2563 2.2287 52 199 89
-10.1147 -1.1197 0.1440 52 199 89
-9.0274 -0.3519 0.3634 52 199 89
-8.9140 -0.1647 1.5304 52 199 89
-9.1427 -0.5061 0.5221 52 199 89
-10.1108 -1.1683 0.1432 52 199 89
-10.0692 -1.0902 0.1673 52 199 89
-9.4589 -0.2243 2.2813 52 199 89
-9.3144 -0.1980 -2.5418 52 199 89
-9.0781 -0.2232 3.7289 52 199 89
-9.2217 -0.5880 -3.7193 52 199 89
-9.5399 -0.4375 0.9001 52 199 89
-9.1057 -0.2950 0.9194 52 199 89
-9.1833 -0.4561 0.2343 52 199 89
-9.5461 -0.3830 0.8510 52 199 89
-9.8348 -0.1842 3.8043 52 199 89
-9.3929 -0.3963 3.4751 52 199 89
-9.0943 -0.2616 3.6550 52 199 89
-9.6543 -0.2598 0.2859 52 199 89
-9.1772 -0.2276 2.1559 52 199 89
-9.6309 -0.3290 3.5442 52 199 89
-8.9951 -0.3329 0.7331 52 199 89
-8.9940 -0.4601 0.6977 52 199 89
-9.1013 -0.5406 0.4461 52 199 89
-8.9065 -0.4080 0.6537 52 199 89
-8.9883 -0.1012 3.7037 52 199 89
-10.1850 -0.7047 0.4655 52 199 89
-8.9327 -0.2915 -3.6600 52 199 89
-9.5165 -0.3988 -3.7114 52 199 89
-8.9811 -0.4609 0.3682 52 199 89
-10.1424 -1.0290 -0.0871 52 199 89
-9.5890 -0.3643 3.3646 52 199 89
-9.4231 -0.2567 3.4712 52 199 89
-8.9607 -0.2492 -3.7216 52 199 89
-9.5188 -0.2076 2.5675 52 199 89
-9.0938 -0.1650 2.5663 52 199 89
-9.0041 -0.4887 0.0761 52 199 89
-9.0028 -0.3658 0.1188 52 199 89
-9.2772 -0.1141 2.1499 52 199 89
-9.1350 -0.1183 2.0770 52 199 89
-10.1184 -1.0898 0.0986 52 199 89
-9.1157 -0.2296 1.7995 52 199 89
-9.1813 -0.2218 1.7781 52 199 89
-8.9269 -0.5702 0.1619 52 199 89
-9.4453 -0.4108 -3.3882 52 199 89
-9.4964 -0.2358 3.8303 52 199 89
-10.2008 -0.9632 2.7494 52 199 89
-9.1753 -0.7221 0.4359 52 199 89
-9.6348 -0.4082 3.4225 52 199 89
-9.1504 -0.3886 0.8386 52 199 89
-9.5808 -0.3287 3.7191 52 199 89
-9.3348 -0.2418 -2.4495 52 199 89
-9.5271 -0.3011 -3.8382 52 199 89
-9.0960 -0.4649 0.2785 52 199 89
-10.0132 -1.2416 0.2736 52 199 89
-9.3077 -0.5793 0.4718 52 199 89
-9.9365 -0.6359 0.4782 52 199 89
-9.3305 -0.4846 0.5202 52 199 89
-9.0222 -0.4482 0.2156 52 199 89
-9.0047 -0.2476 3.5331 52 199 89
-9.1031 -0.5953 0.1787 52 199 89
-9.0692 -0.5311 0.1807 52 199 89
-9.9858 -0.3529 0.7451 52 199 89
-9.0005 -0.3799 0.7347 52 199 89
-9.0458 -0.4882 0.1820 52 199 89
-9.3054 -0.4603 0.7165 52 199 89
-9.9772 -0.5177 0.7747 52 199 89
-9.5104 -0.4837 2.4245 52 199 89
-9.5119 -0.3522 0.8273 52 199 89
-9.9017 -0.5376 2.2506 52 199 89
-9.9151 -0.4321 2.3350 52 199 89
-9.8778 -0.1996 2.2453 52 199 89
-9.3301 -0.5204 0.6076 52 199 89
-9.5504 -0.3456 0.9148 52 199 89
-10.1621 -0.8215 1.6840 52 199 89
-9.1369 -0.2246 1.9614 52 199 89
-10.1121 -1.1048 0.0987 52 199 89
-9.1223 -0.3883 1.7153 52 199 89
-9.0838 -0.0706 1.0879 52 199 89
-9.9203 -0.7387 0.9317 52 199 89
-9.0760 -0.1440 1.1439 52 199 89
-8.9338 -0.3041 1.4592 52 199 89
-8.9681 -0.5721 0.1198 52 199 89
-9.2959 -0.2314 1.4548 52 199 89
-9.9614 -0.5784 0.3896 52 199 89
-9.0881 -0.2538 2.4748 52 199 89
-9.4235 -0.3204 3.4155 52 199 89
-9.4331 -0.1580 -2.4258 52 199 89
-9.4127 -0.1920 -3.6941 52 199 89
-9.0691 -0.2142 3.5107 52 199 89
-10.0123 -1.1924 0.7729 52 199 89
-10.0754 -1.0747 0.1863 52 199 89
-10.0720 -1.0921 0.0995 52 199 89
-9.9219 -0.9111 -0.0980 52 199 89
-9.0497 -0.0913 3.7234 52 199 89
-9.2637 -2.4319 0.9732 52 199 89
-9.4007 -0.2073 3.8101 52 199 89
-10.2503 -0.5631 -3.6631 52 199 89
-9.1662 -0.2483 3.5186 52 199 89
-9.2997 -0.5796 0.3933 52 199 89
-10.2995 -0.4876 0.2992 52 199 89
-9.8360 -1.0967 0.8798 52 199 89
-9.8149 -1.3164 0.7368 52 199 89
-9.1508 -0.4794 0.9676 52 199 89
-9.0881 -0.3650 0.9663 52 199 89
-10.0329 -0.4681 0.8478 52 199 89
-9.5167 -0.2687 0.8728 52 199 89
-9.9044 -0.8130 0.7021 52 199 89
-9.7896 -1.1537 0.5731 52 199 89
-9.5337 -0.2975 0.7898 52 199 89
-9.3257 -0.4769 0.6994 52 199 89
-8.9954 -0.4724 0.6592 52 199 89
-9.4216 -0.4747 2.4369 52 199 89
-9.8756 -0.6065 2.3305 52 199 89
-9.8623 -0.7166 2.2002 52 199 89
-9.8746 -0.7140 2.0574 52 199 89
-9.3082 -0.7296 0.4547 52 199 89
-10.0759 -1.1110 -0.0228 52 199 89
-9.4028 -0.1565 -2.5111 52 199 89
-9.4065 -0.3553 -3.4076 52 199 89
-9.1870 -0.4147 0.5737 52 199 89
-9.3224 -0.6415 -3.2595 52 199 89
-9.5811 -0.3672 -3.7688 52 199 89
-9.6886 -0.3705 3.4976 52 199 89
-9.4698 -0.1286 3.7116 52 199 89
-9.2606 -2.4179 1.0010 52 199 89
-9.9319 -0.8666 -0.1022 52 199 89
-9.5217 -0.5160 -0.0428 52 199 89
-9.7649 -0.5822 3.1800 52 199 89
-9.0110 -0.5659 0.0850 52 199 89
-9.0322 -0.6053 0.1218 52 199 89
-9.5146 -0.5059 2.2281 52 199 89
-9.1069 -0.0903 1.9707 52 199 89
-9.1124 -0.6665 0.1885 52 199 89
-9.4149 -0.3326 -3.9495 52 199 89
-9.6509 -0.4025 0.2999 52 199 89
-9.9684 -1.3240 0.7378 52 199 89
-9.0188 -0.2111 1.1764 52 199 89
-9.3189 -0.2553 -3.8287 52 199 89
-9.9539 -1.2872 2.3596 52 199 89
-9.2636 -0.4838 0.4036 52 199 89
-9.7646 -0.4103 -1.7668 52 199 89
-10.0200 -0.3655 3.5889 52 199 89
-9.0778 -0.1888 3.7604 52 199 89
-9.0801 -0.1592 2.5254 52 199 89
-9.4875 -0.5222 2.2853 52 199 89
-9.2632 -0.3353 2.3990 52 199 89
-9.1778 -0.0906 2.5356 52 199 89
-9.2469 -0.2786 2.2435 52 199 89
-9.7841 -0.6957 1.8889 52 199 89
-9.4570 -0.1694 2.1301 52 199 89
-9.3107 -0.2991 1.9892 52 199 89
-9.2997 -0.5565 0.3918 52 199 89
-9.3267 -0.3785 0.5072 52 199 89
-9.0608 -0.1267 1.2722 52 199 89
-9.0951 -0.2751 1.1428 52 199 89
-9.8926 -1.0416 0.8149 52 199 89
-9.0482 -0.1725 1.0753 52 199 89
-9.4138 -0.2045 1.0213 52 199 89
-9.0759 -0.2256 1.0083 52 199 89
-10.0972 -1.0590 -0.0264 52 199 89
-9.0181 -0.3909 0.7438 52 199 89
-10.0448 -1.1118 0.7957 52 199 89
-9.2481 -0.4164 0.5543 52 199 89
-9.7663 -0.6705 -1.5975 52 199 89
-9.1795 -0.6927 0.4210 52 199 89
-9.0921 -0.2250 1.7919 52 199 89
-9.4928 -0.2612 3.5930 52 199 89
-9.4439 -0.2363 -3.3092 52 199 89
-9.8533 -0.8628 1.9946 52 199 89
-9.5651 -0.4604 -3.9322 52 199 89
-10.1704 -0.7646 -3.3029 52 199 89
-9.4110 -0.2097 -3.7016 52 199 89
-9.0288 -0.3472 0.8738 52 199 89
-9.9330 -0.7809 0.1463 52 199 89
-9.8614 -0.8933 -0.0738 52 199 89
-9.2951 -0.1968 -3.2735 52 199 89
-9.5089 -0.4557 2.4598 52 199 89
-9.8150 -0.8627 2.0902 52 199 89
-9.4976 -0.3632 2.4201 52 199 89
-9.1828 -0.2646 2.4447 52 199 89
-9.1206 -0.3857 2.3701 52 199 89
-9.0808 -0.1690 2.5229 52 199 89
-9.8530 -0.6557 2.1049 52 199 89
-9.0707 -0.3165 2.2763 52 199 89
-9.6915 -1.1831 1.5379 52 199 89
-9.2904 -0.1685 2.2190 52 199 89
-9.1040 -0.4155 1.0978 52 199 89
-9.0721 -0.3456 1.0637 52 199 89
-9.4208 -0.1931 1.0610 52 199 89
-9.1624 -0.2465 1.0388 52 199 89
-9.1433 -0.4909 0.9613 52 199 89
-9.0191 -0.2603 0.9022 52 199 89
-9.0272 -0.4680 0.7217 52 199 89
-9.7753 -1.1589 0.5275 52 199 89
-9.4977 -0.6889 0.5160 52 199 89
-9.2517 -0.5480 0.5382 52 199 89
-9.3342 -0.4278 0.3289 52 199 89
-9.0753 -0.3923 0.3340 52 199 89
-9.2304 -0.1444 0.2888 52 199 89
-9.3484 -0.2632 -3.7833 52 199 89
-9.3919 -0.1196 -2.5160 52 199 89
-9.4737 -0.3219 -3.4889 52 199 89
-9.6925 -0.7633 -0.9267 52 199 89
-9.4886 -0.2277 3.6682 52 199 89
-9.4764 -0.2603 2.7456 52 199 89
-9.8678 -0.8861 -0.2257 52 199 89
-9.7411 -0.8912 -0.8764 52 199 89
-11.2982 -2.5922 0.2172 52 199 89
-10.9332 -1.9438 1.3804 52 199 89
-10.8614 -1.9166 1.0785 52 199 89
-10.8882 -2.2045 0.5037 52 199 89
-10.9844 -2.0160 -3.9304 52 199 89
-11.0286 -2.0483 -3.8916 52 199 89
-11.2690 -2.6217 -3.7155 52 199 89
-10.7590 -2.4582 1.9037 52 199 89
-10.8906 -1.9297 -3.6111 52 199 89
-10.9023 -1.9579 -3.4819 52 199 89
-10.8518 -2.0478 2.3290 52 199 89
-10.9138 -2.2142 0.6035 52 199 89
-10.6401 -2.0218 0.0223 52 199 89
-10.9121 -1.8061 0.8224 52 199 89
-10.9914 -1.8961 -2.9044 52 199 89
-10.9966 -2.0833 -3.2906 52 199 89
-10.9964 -1.8828 -2.8979 52 199 89
-11.3332 -2.5309 -3.3257 52 199 89
-10.7985 -1.9571 0.9470 52 199 89
-11.2377 -2.6715 0.0995 52 199 89
-10.9988 -2.0826 -3.1522 52 199 89
-11.0131 -2.0995 -3.1341 52 199 89
-10.6440 -2.0378 0.1007 52 199 89
-10.6696 -2.0202 0.1101 52 199 89
-10.6295 -2.0761 0.1232 52 199 89
-10.8660 -1.8155 0.8171 52 199 89
-10.8833 -1.8746 1.2103 52 199 89
-10.8703 -1.8790 1.2071 52 199 89
-10.7998 -1.8602 0.7476 52 199 89
-11.0126 -2.0707 -3.0360 52 199 89
-10.8877 -2.1988 0.5777 52 199 89
-11.0023 -2.0557 -2.9430 52 199 89
-10.9369 -2.5171 -0.1895 52 199 89
-10.8471 -1.9425 1.1270 52 199 89
-10.6403 -2.0660 0.3318 52 199 89
-11.0056 -2.0144 -3.0373 52 199 89
-10.9369 -2.0833 0.6373 52 199 89
-10.9751 -2.0599 -2.8368 52 199 89
-10.6579 -1.9671 0.3584 52 199 89
-10.8069 -1.9126 0.6090 52 199 89
-11.2485 -2.6213 -3.7234 52 199 89
-10.8669 -1.9165 1.1216 52 199 89
-9.9787 -2.7005 0.9018 52 199 89
-10.9996 -2.0823 -3.0715 52 199 89
-11.0716 -2.0759 -3.2614 52 199 89
-10.7900 -2.3199 2.1116 52 199 89
-11.0023 -1.8791 -2.9703 52 199 89
-10.8689 -2.1621 1.3398 52 199 89
-10.8652 -2.0096 1.5461 52 199 89
-10.8851 -1.9389 1.5719 52 199 89
-11.0276 -2.0222 -2.8310 52 199 89
-10.8570 -2.0209 1.4318 52 199 89
-10.9884 -1.8994 -2.8432 52 199 89
-10.9927 -2.0922 -3.2543 52 199 89
-11.4018 -2.5960 0.5530 52 199 89
-10.7703 -1.8249 -2.5748 52 199 89
-11.3815 -2.6130 0.5355 52 199 89
-10.9783 -2.1591 0.4879 52 199 89
-11.1064 -1.8908 -1.8370 52 199 89
-10.9013 -2.2368 2.1231 52 199 89
-10.8782 -2.0056 0.9646 52 199 89
-9.9670 -2.7277 0.8721 52 199 89
-11.0175 -1.8750 -3.0008 52 199 89
-9.9655 -2.7330 0.8561 52 199 89
-10.8787 -1.8251 1.2329 52 199 89
-10.8664 -1.8921 0.9857 52 199 89
-10.8530 -1.9420 0.9461 52 199 89
-10.9816 -2.0533 -3.1061 52 199 89
-10.9517 -2.0761 -2.8578 52 199 89
-10.6494 -2.1974 -0.1440 52 199 89
-10.6444 -2.0591 0.0916 52 199 89
-10.9652 -2.0154 -3.0586 52 199 89
-10.9837 -2.0331 -2.9885 52 199 89
-11.3052 -2.5920 0.0967 52 199 89
-11.6970 -2.4657 1.2374 52 199 89
-11.5283 -2.5196 0.9549 52 199 89
-10.8833 -2.2816 2.2227 52 199 89
-10.9093 -1.9663 -3.4325 52 199 89
-11.2338 -2.6648 0.1756 52 199 89
-10.7839 -2.3780 1.9645 52 199 89
-10.6161 -2.0912 0.1864 52 199 89
-11.3115 -2.5975 0.1199 52 199 89
-10.7395 -2.3648 1.9867 52 199 89
-10.8547 -2.0477 2.3863 52 199 89
-10.7681 -1.9369 0.6175 52 199 89
-10.8551 -2.2330 2.2530 52 199 89
-10.8567 -2.0730 2.3611 52 199 89
-10.9974 -2.0784 -3.1183 52 199 89
-9.6916 -3.0130 0.3851 52 199 89
-10.9160 -2.1028 1.5392 52 199 89
-10.8346 -1.9246 2.4230 52 199 89
-10.9538 -2.0288 -2.9889 52 199 89
-11.0136 -2.1166 -3.1217 52 199 89
-10.8728 -1.9452 1.1559 52 199 89
-10.8039 -1.9300 2.3734 52 199 89
-10.8949 -1.9855 1.2610 52 199 89
-11.7064 -2.4647 1.6987 52 199 89
-10.7982 -1.8568 2.3651 52 199 89
-10.8907 -1.9826 1.2893 52 199 89
-10.8032 -2.3548 2.0223 52 199 89
-10.8424 -2.0240 2.2798 52 199 89
-10.6455 -1.9941 0.3114 52 199 89
-10.6565 -2.1913 -0.1696 52 199 89
-10.8271 -1.8342 1.0445 52 199 89
-10.6177 -2.0244 0.1043 52 199 89
-10.0293 -2.9057 0.8362 52 199 89
-10.2095 -2.8086 1.1296 52 199 89
-10.8644 -1.8270 1.2081 52 199 89
-10.7549 -2.4700 2.0025 52 199 89
-10.9223 -1.9857 1.3493 52 199 89
-10.6103 -2.0845 0.0723 52 199 89
-10.9022 -1.9335 1.2889 52 199 89
-11.3121 -2.6244 0.4524 52 199 89
-10.7800 -1.8361 -2.4716 52 199 89
-11.6683 -2.4719 1.6033 52 199 89
-10.8984 -1.9545 -3.3806 52 199 89
-10.9086 -1.9622 -3.4128 52 199 89
-11.5044 -2.5504 0.4250 52 199 89
-10.8000 -2.3770 2.0985 52 199 89
-11.0976 -2.0039 -2.4828 52 199 89
-11.2699 -2.6081 0.1594 52 199 89
-10.7821 -1.9498 0.5928 52 199 89
-10.6203 -2.1995 0.1411 52 199 89
-10.9800 -2.0628 -3.4051 52 199 89
-10.8061 -2.3203 2.0552 52 199 89
-10.9850 -1.8744 -2.9749 52 199 89
-11.1484 -2.0938 -2.8474 52 199 89
-10.8785 -2.0075 1.2752 52 199 89
-10.8931 -2.0023 0.9829 52 199 89
-11.9498 -2.4485 3.2007 52 199 89
-10.8705 -1.9104 1.2338 52 199 89
-11.0164 -2.0697 -3.1848 52 199 89
-11.0236 -2.0727 -3.1932 52 199 89
-10.9820 -2.0717 -3.1230 52 199 89
-10.9988 -2.0404 -3.1432 52 199 89
-10.8854 -1.8191 1.2309 52 199 89
-11.3415 -2.5462 -3.2041 52 199 89
-11.2778 -2.6526 0.1813 52 199 89
-10.6125 -2.0956 0.1798 52 199 89
-11.5531 -2.5185 1.2663 52 199 89
-10.7465 -2.4634 2.0147 52 199 89
-10.9963 -2.0517 -3.1149 52 199 89
-11.2867 -2.6523 0.2085 52 199 89
-10.7794 -1.8389 1.0961 52 199 89
-10.6213 -2.0620 0.0606 52 199 89
-11.0964 -2.0797 -3.2190 52 199 89
-11.0008 -2.0808 -3.0737 52 199 89
-11.0079 -2.0811 -3.0703 52 199 89
-10.9792 -2.0087 -3.0507 52 199 89
-11.0406 -2.0774 -3.3508 52 199 89
-11.0104 -2.0713 -3.0270 52 199 89
-10.8677 -2.0603 2.4080 52 199 89
-10.8849 -2.0166 1.3293 52 199 89
-10.9961 -2.0121 -3.0173 52 199 89
-10.9905 -2.0260 -2.9965 52 199 89
-10.9863 -1.8778 -2.8605 52 199 89
-10.9899 -2.0659 -2.9254 52 199 89
-10.8277 -2.2941 2.1926 52 199 89
-10.9910 -1.8879 -2.8863 52 199 89
-10.9910 -1.9019 -2.8760 52 199 89
-11.0223 -2.0270 -2.8213 52 199 89
-10.8096 -2.2296 2.2028 52 199 89
-10.8291 -2.0683 2.3388 52 199 89
-11.0033 -1.8707 -2.8815 52 199 89
-10.8222 -2.3272 2.0421 52 199 89
-11.0692 -2.0937 -2.6791 52 199 89
-10.9050 -2.2134 0.4713 52 199 89
-10.8970 -1.8312 1.3686 52 199 89
-10.8206 -1.7987 -2.5176 52 199 89
-10.8905 -1.9466 1.1467 52 199 89
-10.7742 -1.8394 -2.4128 52 199 89
-10.8079 -1.8106 2.2757 52 199 89
-11.0357 -2.0412 -3.9493 52 199 89
-11.2846 -2.6170 -3.7576 52 199 89
-11.3309 -2.6086 -3.4049 52 199 89
-10.9956 -2.0590 -3.3791 52 199 89
-10.9951 -2.0825 -3.2911 52 199 89
-11.0341 -2.0709 -3.3456 52 199 89
-11.1000 -1.9855 -2.3795 52 199 89
-10.8839 -2.0877 2.3243 52 199 89
-11.3704 -2.5175 -3.4072 52 199 89
-11.0304 -2.1069 -3.2552 52 199 89
-11.3113 -2.5289 -3.2832 52 199 89
-10.9886 -2.0883 -3.1863 52 199 89
-11.0462 -2.0858 -3.2416 52 199 89
-9.7788 -2.9216 0.5426 52 199 89
-10.7485 -2.0122 0.4719 52 199 89
-10.7603 -2.0067 0.5624 52 199 89
-11.9485 -2.4489 3.2020 52 199 89
-10.7942 -1.9379 0.5963 52 199 89
-10.7791 -2.4478 1.9249 52 199 89
-11.0740 -2.6278 -0.6827 52 199 89
-10.6714 -1.9532 0.3590 52 199 89
-10.8868 -1.8958 0.6685 52 199 89
-10.8434 -2.3228 2.0680 52 199 89
-10.9373 -2.1881 0.6677 52 199 89
-11.4348 -2.5248 0.7752 52 199 89
-10.8106 -1.8497 0.7486 52 199 89
-10.8392 -1.8256 0.8095 52 199 89
-11.6714 -2.4896 1.0488 52 199 89
-10.7547 -2.1357 0.3000 52 199 89
-10.6119 -2.1012 0.0119 52 199 89
-10.7927 -1.8422 2.2585 52 199 89
-10.9261 -2.0048 0.9637 52 199 89
-10.8700 -2.1462 1.6535 52 199 89
-10.8767 -2.0073 0.9593 52 199 89
-10.9124 -2.1849 1.5902 52 199 89
-10.8817 -2.0445 0.9472 52 199 89
-10.9490 -2.0897 1.5784 52 199 89
-11.2421 -2.6645 0.0884 52 199 89
-10.6396 -2.0013 0.0990 52 199 89
-11.5171 -2.5053 0.3437 52 199 89
-10.9832 -2.0753 1.4652 52 199 89
-10.9641 -2.1699 1.3256 52 199 89
-10.8727 -1.9746 1.3373 52 199 89
-11.6543 -2.4758 1.5914 52 199 89
-10.9248 -1.9714 1.3210 52 199 89
-10.8618 -1.7984 1.0647 52 199 89
-10.9598 -1.9378 1.3392 52 199 89
-10.8620 -1.9888 1.2597 52 199 89
-10.8601 -1.8449 1.3103 52 199 89
-11.3817 -2.5641 0.2779 52 199 89
-10.9221 -1.9846 1.0713 52 199 89
-11.0825 -1.9505 -2.6528 52 199 89
-11.2872 -2.6052 -3.6171 52 199 89
-10.9523 -2.0090 -3.6011 52 199 89
-10.8088 -2.2631 2.1797 52 199 89
-10.9769 -2.0847 -3.2743 52 199 89
-10.9009 -2.0154 0.9842 52 199 89
-11.5007 -2.5409 0.1483 52 199 89
-11.3234 -2.5591 -3.1797 52 199 89
-10.9675 -2.0619 -2.8869 52 199 89
-11.0108 -2.0836 -3.0723 52 199 89
-10.8238 -1.9519 0.4606 52 199 89
-10.9722 -2.0325 -2.9530 52 199 89
-11.3135 -2.5002 -3.1343 52 199 89
-11.6666 -2.4905 1.0554 52 199 89
-11.2824 -2.3622 0.3607 52 199 89
-10.6559 -2.0422 0.1163 52 199 89
-11.0271 -1.8497 -2.9261 52 199 89
-11.0127 -2.0686 -3.0750 52 199 89
-10.8076 -1.8637 0.7624 52 199 89
-9.9638 -2.7351 0.8655 52 199 89
-10.7867 -1.9180 0.7545 52 199 89
-11.0237 -2.0504 -3.3959 52 199 89
-10.7688 -1.9565 0.6346 52 199 89
-10.7985 -1.8918 0.6468 52 199 89
-10.8853 -1.8846 1.0593 52 199 89
-10.6225 -2.0424 0.0310 52 199 89
-11.1090 -2.6615 -0.0543 52 199 89
-10.7241 -2.0389 0.5449 52 199 89
-11.2080 -2.4075 0.4253 52 199 89
-10.8123 -1.9551 1.1482 52 199 89
-10.8435 -1.9498 1.1662 52 199 89
-10.8897 -1.8474 1.2620 52 199 89
-11.0674 -1.9227 -1.7637 52 199 89
-11.0252 -2.1106 0.5437 52 199 89
-10.8872 -1.8394 1.3625 52 199 89
-10.8048 -1.9621 0.4876 52 199 89
-9.7694 -2.9369 0.5095 52 199 89
-10.6546 -2.0835 0.4745 52 199 89
-10.8803 -2.2016 0.4804 52 199 89
-11.6477 -2.5019 1.6262 52 199 89
-10.8560 -1.9269 1.3566 52 199 89
-10.9458 -2.1028 1.3599 52 199 89
-11.3223 -2.6084 -3.8427 52 199 89
-10.9409 -2.0795 1.4252 52 199 89
-10.8828 -1.9383 -3.5847 52 199 89
-10.8448 -1.9777 1.4219 52 199 89
-10.8609 -2.0161 1.4320 52 199 89
-10.9427 -1.9186 -3.4622 52 199 89
-11.3144 -2.5513 -3.3848 52 199 89
-11.0058 -2.0728 -3.3178 52 199 89
-10.8878 -2.2193 0.5628 52 199 89
-11.0207 -2.0306 -2.8203 52 199 89
-10.9815 -2.0579 -2.8606 52 199 89
-11.0173 -2.0678 -3.2907 52 199 89
-10.8079 -2.4319 1.9610 52 199 89
-11.0017 -2.0789 -3.1465 52 199 89
-11.0630 -2.0798 -3.2315 52 199 89
-10.6230 -2.0902 0.0129 52 199 89
-10.8340 -1.9246 -2.8891 52 199 89
-10.9703 -2.0121 -3.0634 52 199 89
-10.9868 -2.0490 -3.0696 52 199 89
-11.0016 -2.0482 -3.1079 52 199 89
-10.7655 -2.0439 1.0667 52 199 89
-11.0456 -2.1046 -3.2689 52 199 89
-11.0483 -2.0939 -3.2991 52 199 89
-11.3050 -2.5284 -3.3585 52 199 89
-11.3029 -2.5236 -3.3598 52 199 89
-11.2126 -2.1203 -2.9057 52 199 89
-9.9578 -2.7423 0.8438 52 199 89
-10.8225 -1.9240 1.6233 52 199 89
-11.0825 -2.1411 -2.6856 52 199 89
-11.0427 -1.9250 -2.7788 52 199 89
-10.7864 -1.8639 2.3196 52 199 89
-10.9500 -2.5093 -0.2004 52 199 89
-11.2671 -2.6190 -3.4100 52 199 89
-10.9190 -1.9610 -3.7533 52 199 89
-11.0166 -2.0540 -3.9047 52 199 89
-10.7551 -2.3603 1.9836 52 199 89
-11.3400 -2.5978 -3.8033 52 199 89
-11.7214 -2.5263 2.8333 52 199 89
-10.8622 -2.1048 2.2877 52 199 89
-10.8751 -2.2972 2.1791 52 199 89
-10.9851 -1.9257 1.3996 52 199 89
-11.0528 -1.9950 -2.4857 52 199 89
-11.6760 -2.4697 1.6045 52 199 89
-11.0884 -1.9961 -2.3551 52 199 89
-11.0473 -2.0597 -3.4407 52 199 89
-11.1540 -1.9324 -1.8375 52 199 89
-10.9732 -1.9418 1.4027 52 199 89
-10.9544 -2.1385 2.3189 52 199 89
-10.8118 -1.9368 2.3828 52 199 89
-10.8107 -1.8536 0.7088 52 199 89
-11.3025 -2.6022 -3.6547 52 199 89
-10.8159 -1.9300 2.3576 52 199 89
-10.8386 -1.8242 0.8122 52 199 89
-10.7697 -1.9277 1.1337 52 199 89
-10.9817 -2.0894 1.5014 52 199 89
-10.8682 -2.0974 2.4119 52 199 89
-10.5995 -2.1663 0.1097 52 199 89
-10.9820 -2.0594 -3.1677 52 199 89
-11.1010 -2.0060 -2.4955 52 199 89
-10.6743 -2.5162 1.8834 52 199 89
-10.7881 -1.8753 2.3170 52 199 89
-9.7321 -3.0176 0.4273 52 199 89
-10.6620 -1.9892 0.2924 52 199 89
-11.4958 -2.4994 0.3789 52 199 89
-10.9379 -1.9575 -3.7543 52 199 89
-11.0762 -1.9553 -2.6401 52 199 89
-10.9033 -1.8047 0.8212 52 199 89
-12.1228 -2.3445 1.9895 52 199 89
-10.6395 -2.1330 0.1171 52 199 89
-10.6525 -2.1698 0.1341 52 199 89
-10.8425 -2.0646 1.2631 52 199 89
-11.4257 -2.5224 0.3771 52 199 89
-10.9388 -2.0037 1.3112 52 199 89
-11.2993 -2.5883 -3.9775 52 199 89
-10.9973 -2.0099 -3.9393 52 199 89
-11.3057 -2.6109 -3.8503 52 199 89
-11.0135 -2.0575 -3.8964 52 199 89
-10.9277 -1.8990 -3.7034 52 199 89
-10.9068 -1.9581 -3.4927 52 199 89
-10.8645 -1.9050 1.1950 52 199 89
-10.9029 -1.8137 1.2286 52 199 89
-11.0542 -2.0376 -3.4138 52 199 89
-11.7070 -2.4689 1.2900 52 199 89
-11.0589 -2.0561 -3.3823 52 199 89
-11.0082 -2.0763 -3.2511 52 199 89
-11.0865 -2.0746 -3.3455 52 199 89
-11.3147 -2.5530 -3.2635 52 199 89
-11.0605 -2.0786 -3.2289 52 199 89
-11.3366 -2.5492 -3.2196 52 199 89
-11.0293 -2.0611 -3.1770 52 199 89
-11.0505 -2.0698 -3.2013 52 199 89
-11.0029 -2.0876 -3.0618 52 199 89
-11.3417 -2.4902 -3.1788 52 199 89
-11.0441 -2.0426 -3.0930 52 199 89
-11.7135 -2.4775 1.0774 52 199 89
-11.0173 -2.0323 -2.9302 52 199 89
-11.6685 -2.4846 0.9936 52 199 89
-10.9410 -1.8938 2.5168 52 199 89
-11.3428 -2.5407 -3.4334 52 199 89
-9.9635 -2.7412 0.8575 52 199 89
-11.0803 -1.9649 -2.6385 52 199 89
-10.7946 -1.9255 0.6222 52 199 89
-10.8662 -1.8276 0.8145 52 199 89
-10.9098 -2.1985 0.5981 52 199 89
-11.0832 -1.9742 -2.5318 52 199 89
-11.0879 -1.9972 -2.3555 52 199 89
-10.7618 -2.0064 0.5668 52 199 89
-10.6654 -2.1754 0.0858 52 199 89
-10.6297 -2.1030 0.0024 52 199 89
-10.8860 -2.1340 1.6706 52 199 89
-11.2470 -2.6170 0.0448 52 199 89
-10.9480 -2.1001 1.6702 52 199 89
-10.7466 -2.1659 0.3738 52 199 89
-10.9137 -2.1137 1.5468 52 199 89
-10.8994 -1.8977 1.1626 52 199 89
-11.0381 -2.0470 -3.8893 52 199 89
-10.9175 -1.9430 -3.7776 52 199 89
-10.9291 -1.9485 -3.7709 52 199 89
-10.9291 -1.9559 -3.7627 52 199 89
-11.3879 -2.5835 -3.9022 52 199 89
-10.8658 -1.9074 1.2930 52 199 89
-10.8774 -2.2561 2.2934 52 199 89
-10.9714 -2.1651 0.6945 52 199 89
-11.2840 -2.6093 -3.6235 52 199 89
-10.8751 -1.9616 -3.5141 52 199 89
-10.9080 -1.9480 -3.8055 52 199 89
-11.0198 -2.0563 -3.4008 52 199 89
-11.2441 -1.9744 -3.5522 52 199 89
-10.8112 -2.3314 1.9967 52 199 89
-11.0469 -2.0834 -3.3413 52 199 89
-10.9889 -2.1327 1.6291 52 199 89
-10.9514 -1.8488 1.3783 52 199 89
-11.2175 -1.9818 -3.6637 52 199 89
-11.0388 -2.0818 -3.2537 52 199 89
-10.9169 -2.1223 2.3232 52 199 89
-10.9587 -2.0093 -2.6274 52 199 89
-10.6281 -2.5310 1.7393 52 199 89
-10.5696 -2.1623 0.2939 52 199 89
-11.1013 -1.9604 -1.8134 52 199 89
-11.0560 -2.0382 -3.3120 52 199 89
-11.0575 -2.0508 -3.2490 52 199 89
-10.6098 -2.5715 1.6650 52 199 89
-10.9763 -2.0875 -3.0810 52 199 89
-11.0148 -2.0303 -3.1632 52 199 89
-11.0079 -2.0433 -3.2219 52 199 89
-11.1859 -2.4465 -0.0882 52 199 89
-10.8311 -2.1863 2.1513 52 199 89
-10.8465 -2.0996 0.4389 52 199 89
-11.1783 -1.9262 -1.7610 52 199 89
-11.1525 -2.5989 -0.7267 52 199 89
-10.8733 -1.8894 -2.9704 52 199 89
-11.1544 -2.2760 -1.3770 52 199 89
-11.2929 -2.5438 -3.2561 52 199 89
-11.1052 -2.0631 -3.3733 52 199 89
-11.0006 -2.0536 -3.2066 52 199 89
-11.0113 -2.1013 -3.1856 52 199 89
-11.0569 -2.0826 -3.2646 52 199 89
-11.3099 -2.5236 -3.2272 52 199 89
-11.0657 -2.0945 -3.2198 52 199 89
-11.3411 -2.5470 -3.2286 52 199 89
-10.9670 -2.0828 -3.0673 52 199 89
-10.9789 -2.0879 -3.0807 52 199 89
-11.0606 -2.0628 -3.2171 52 199 89
-10.9552 -2.0621 -3.0490 52 199 89
-11.0029 -2.0892 -3.0683 52 199 89
-11.0893 -2.0832 -3.1667 52 199 89
-11.3345 -2.4948 -3.1678 52 199 89
-10.9756 -2.0158 -3.0468 52 199 89
-11.0578 -1.9824 -3.1615 52 199 89
-11.0431 -2.0426 -3.0895 52 199 89
-10.9688 -2.0653 -2.8372 52 199 89
-11.0108 -2.0508 -2.8966 52 199 89
-11.2012 -2.1235 -2.8678 52 199 89
-10.6751 -2.2212 0.2971 52 199 89
-11.6160 -2.4937 0.2655 52 199 89
-11.1352 -1.9393 -1.8044 52 199 89
-11.0579 -1.9434 -1.6731 52 199 89
-10.7851 -2.1929 2.1054 52 199 89
-10.6206 -2.0910 0.1648 52 199 89
-10.6800 -2.0041 0.1474 52 199 89
-11.0373 -2.1087 0.5075 52 199 89
-10.8949 -2.4029 2.0525 52 199 89
-10.9856 -2.1557 0.5784 52 199 89
-10.9520 -2.0892 1.7517 52 199 89
-10.9695 -2.0857 1.6970 52 199 89
-10.8685 -2.2128 1.5422 52 199 89
-10.8243 -1.9102 0.6610 52 199 89
-10.9427 -1.8968 1.5386 52 199 89
-10.9243 -1.9905 1.4090 52 199 89
-11.6906 -2.4812 1.6458 52 199 89
-10.8733 -2.0526 1.3099 52 199 89
-10.8600 -1.9342 1.2953 52 199 89
-10.8390 -2.2525 -0.0493 52 199 89
-10.9375 -2.1878 0.6867 52 199 89
-11.1660 -2.6479 -0.0534 52 199 89
-10.9278 -1.8999 1.2245 52 199 89
-10.8714 -1.8633 1.2055 52 199 89
-10.8675 -2.2420 0.6489 52 199 89
-10.8582 -1.9359 1.1350 52 199 89
-11.4515 -2.5471 1.1579 52 199 89
-10.9260 -1.7882 0.8565 52 199 89
-10.8575 -2.0391 0.9316 52 199 89
-11.6201 -2.5029 0.9800 52 199 89
-11.4922 -2.5511 0.9264 52 199 89
-11.0294 -2.0799 -3.2996 52 199 89
-11.0120 -2.0620 -3.3622 52 199 89
-11.3898 -2.5856 -3.5759 52 199 89
-11.2873 -2.6156 -3.4353 52 199 89
-11.2479 -2.6338 -3.3794 52 199 89
-10.8763 -1.9891 -3.3996 52 199 89
-11.2698 -2.6141 -3.5887 52 199 89
-11.2990 -2.6193 -3.7009 52 199 89
-10.9893 -2.0175 -3.8988 52 199 89
-10.6647 -2.1891 0.1038 52 199 89
-10.8926 -2.2088 1.4970 52 199 89
-11.1023 -2.3044 -1.3225 52 199 89
-11.0076 -2.0414 -2.9980 52 199 89
-10.8412 -1.9197 -2.8766 52 199 89
-12.1968 -2.3441 3.5183 52 199 89
-10.8140 -1.9058 2.4255 52 199 89
-10.6619 -2.5312 1.7727 52 199 89
-10.6291 -2.5309 1.7445 52 199 89
-11.0281 -1.8687 -2.9626 52 199 89
-11.2574 -2.6309 -3.2191 52 199 89
-11.0385 -2.0868 -3.3764 52 199 89
-11.4225 -2.6075 -3.7738 52 199 89
-10.9153 -1.9972 -3.5645 52 199 89
-10.9225 -1.9699 -3.6748 52 199 89
-11.1188 -2.4739 -0.0738 52 199 89
-10.8184 -2.1120 2.3372 52 199 89
-10.9120 -1.9929 -3.7477 52 199 89
-10.9131 -1.9531 -3.7615 52 199 89
-10.9370 -1.9521 -3.7246 52 199 89
-10.8916 -1.9713 -3.3012 52 199 89
-10.9287 -2.1014 -3.2123 52 199 89
-11.0286 -2.0514 -3.4072 52 199 89
-11.0480 -2.0711 -3.3354 52 199 89
-11.0082 -2.0813 -3.2377 52 199 89
-11.0836 -2.0777 -3.3206 52 199 89
-10.9401 -2.0766 -3.0878 52 199 89
-10.9726 -2.0801 -3.0782 52 199 89
-10.8114 -2.3166 2.0698 52 199 89
-10.9777 -2.0458 -3.0898 52 199 89
-11.2466 -2.5289 -3.0047 52 199 89
-11.0171 -2.0492 -3.0561 52 199 89
-10.8751 -2.2213 1.5584 52 199 89
-11.0021 -2.0648 1.7238 52 199 89
-11.0064 -2.0723 -3.0216 52 199 89
-10.8647 -1.9048 1.6177 52 199 89
-10.9058 -1.9758 1.5806 52 199 89
-10.8440 -1.9837 1.5285 52 199 89
-10.8109 -1.8921 1.4960 52 199 89
-10.8796 -2.1307 1.3780 52 199 89
-10.8842 -2.0250 1.3898 52 199 89
-10.9031 -2.1395 1.3296 52 199 89
-11.4914 -2.5401 1.5141 52 199 89
-10.9763 -2.1599 1.3428 52 199 89
-10.7858 -2.1231 1.2283 52 199 89
-10.8547 -2.0328 1.3142 52 199 89
-10.9405 -2.0871 -2.7850 52 199 89
-10.8138 -1.9501 1.2653 52 199 89
-11.0486 -2.1559 -2.8207 52 199 89
-10.8414 -1.9536 1.1680 52 199 89
-10.8071 -1.8904 1.1682 52 199 89
-10.8364 -1.9839 1.1433 52 199 89
-11.0540 -2.0293 -2.2925 52 199 89
-11.6302 -2.4990 0.9789 52 199 89
-11.0502 -2.3304 -1.2623 52 199 89
-10.8406 -2.1594 0.6302 52 199 89
-10.8250 -2.2720 0.5607 52 199 89
-10.6399 -2.1783 0.1361 52 199 89
-10.7047 -2.0363 0.4914 52 199 89
-10.8147 -2.0846 0.4642 52 199 89
-10.8185 -2.1212 0.4359 52 199 89
-11.5360 -2.4875 0.4125 52 199 89
-10.6100 -2.2242 0.0920 52 199 89
-10.6059 -2.1706 0.1129 52 199 89
-10.9779 -2.1385 -2.8213 52 199 89
-10.8270 -2.1105 2.2964 52 199 89
-10.6837 -2.4950 1.7729 52 199 89
-10.8362 -1.9263 -2.8612 52 199 89
-11.0180 -2.0541 -3.8951 52 199 89
-10.8982 -1.9580 -3.7806 52 199 89
-10.9427 -1.9292 -2.9404 52 199 89
-10.9647 -1.9104 -2.8396 52 199 89
-11.0178 -2.0438 -1.6572 52 199 89
-10.9039 -2.0511 -3.4303 52 199 89
-10.7923 -2.2492 2.0916 52 199 89
-10.8023 -2.1483 0.3039 52 199 89
-11.2845 -2.0879 -3.0457 52 199 89
-11.0601 -2.3372 -1.1837 52 199 89
-10.9437 -2.0377 -3.6184 52 199 89
-10.7344 -2.4904 1.9603 52 199 89
-11.2942 -2.5917 -3.6252 52 199 89
-11.0769 -2.0000 -2.9290 52 199 89
-10.9972 -2.0316 -2.7738 52 199 89
-10.8777 -2.3747 2.1871 52 199 89
-11.2301 -2.1023 -2.9372 52 199 89
-10.7744 -1.9923 2.3382 52 199 89
-11.1227 -2.1106 -2.7355 52 199 89
-11.0152 -2.0117 -2.5722 52 199 89
-10.8403 -2.2969 2.1221 52 199 89
-10.8734 -2.1277 2.2673 52 199 89
-10.7948 -2.1155 2.1772 52 199 89
-10.7245 -2.1475 2.0890 52 199 89
-10.8756 -2.1792 2.1688 52 199 89
-11.0235 -2.5018 0.0989 52 199 89
-11.1357 -1.9443 -1.6971 52 199 89
-11.0278 -2.3426 -1.2389 52 199 89
-10.8964 -2.1881 1.5761 52 199 89
-10.9558 -2.0994 1.6594 52 199 89
-10.9135 -2.1110 1.5896 52 199 89
-10.7777 -1.9701 1.5559 52 199 89
-10.8484 -1.9203 1.5994 52 199 89
-10.8962 -2.1169 1.3916 52 199 89
-10.9058 -1.8836 1.4195 52 199 89
-10.9102 -2.0257 1.3395 52 199 89
-10.9119 -2.5247 -0.1856 52 199 89
-10.9677 -1.8010 1.3403 52 199 89
-10.8407 -1.9275 1.1975 52 199 89
-10.8706 -1.9544 1.1750 52 199 89
-10.8701 -2.2333 -0.0460 52 199 89
-10.6033 -2.1381 -0.0246 52 199 89
-11.1253 -2.1441 0.0165 52 199 89
-10.7917 -1.9449 0.6658 52 199 89
-11.3126 -2.2948 0.4088 52 199 89
-10.6470 -2.1924 0.0930 52 199 89
-10.5976 -2.1793 0.1199 52 199 89
-11.0296 -1.8542 -3.1169 52 199 89
-10.9028 -1.8656 -3.0154 52 199 89
-11.0531 -2.1089 -3.0897 52 199 89
-11.0054 -2.0691 -3.0519 52 199 89
-11.0737 -2.0890 -3.2369 52 199 89
-11.0117 -2.0913 -3.1451 52 199 89
-10.9590 -2.0604 -3.1329 52 199 89
-11.3451 -2.5121 -3.4019 52 199 89
-11.0457 -2.0835 -3.4079 52 199 89
-10.9950 -2.0522 -3.3881 52 199 89
-11.2069 -1.8864 -3.9384 52 199 89
-10.9661 -2.0039 -3.5924 52 199 89
-10.9385 -1.9982 -3.5847 52 199 89
-10.8938 -1.9548 -3.5525 52 199 89
-10.9403 -1.8942 -3.7174 52 199 89
-10.9139 -1.9030 -3.7660 52 199 89
-10.9552 -2.1114 -3.6598 52 199 89
-10.9596 -1.9882 -3.5280 52 199 89
-10.7084 -2.1260 0.3239 52 199 89
-11.0093 -2.0347 -3.4168 52 199 89
-11.3296 -2.5163 -3.3402 52 199 89
-10.9804 -2.0852 -3.1676 52 199 89
-10.9816 -2.1202 -3.1357 52 199 89
-10.9659 -2.1240 -3.0335 52 199 89
-10.9979 -2.1194 -3.0871 52 199 89
-11.1554 -1.9550 -3.4033 52 199 89
-10.9747 -2.1631 -2.9001 52 199 89
-11.4363 -2.4369 2.6650 52 199 89
-11.1447 -2.1062 -3.0055 52 199 89
-11.0945 -2.0679 -2.9287 52 199 89
-12.1415 -2.2367 3.5105 52 199 89
-11.1342 -2.0979 -2.9578 52 199 89
-10.9049 -2.1373 1.6013 52 199 89
-10.7572 -2.2287 1.4350 52 199 89
-10.9035 -1.9886 1.6270 52 199 89
-10.8309 -2.0024 1.4799 52 199 89
-10.8928 -1.9976 1.4149 52 199 89
-10.8740 -1.9577 1.2335 52 199 89
-11.3019 -2.4159 0.8977 52 199 89
-11.2509 -2.0898 -2.9784 52 199 89
-11.3561 -2.3142 0.7698 52 199 89
-10.7676 -2.1187 0.4825 52 199 89
-10.7178 -2.1849 0.3250 52 199 89
-11.0455 -2.0151 -2.4532 52 199 89
-11.0734 -2.2942 -1.1785 52 199 89
-10.8794 -2.3159 0.0255 52 199 89
-10.9427 -2.0221 -3.5253 52 199 89
-10.8840 -1.9428 -3.5449 52 199 89
-10.9225 -1.9899 -3.5995 52 199 89
-10.9622 -2.0219 -3.6734 52 199 89
-10.9008 -1.9125 -3.7215 52 199 89
-10.7368 -2.3239 -0.0119 52 199 89
-11.0837 -1.9555 -2.7044 52 199 89
-10.8115 -1.9510 -2.7796 52 199 89
-11.0658 -1.9998 -1.7712 52 199 89
-11.0637 -1.9940 -2.5699 52 199 89
-10.9182 -1.8808 -2.6901 52 199 89
-10.8777 -2.3747 2.1871 52 199 89
-10.8115 -1.9571 2.4049 52 199 89
-10.7998 -1.9975 0.9189 52 199 89
-11.2266 -1.8693 -3.4356 52 199 89
-10.9306 -1.8699 -3.2011 52 199 89
-11.0446 -1.8398 -2.9927 52 199 89
-10.9868 -2.0102 -3.0783 52 199 89
-10.9943 -1.8827 -3.0279 52 199 89
-11.0327 -1.9524 -1.0631 52 199 89
-11.8550 -2.8974 3.1202 52 199 89
-11.8123 -3.1820 -3.4723 52 199 89
-11.8990 -2.8575 0.9743 52 199 89
-11.8506 -2.8279 0.9430 52 199 89
-11.7397 -3.6500 0.4552 52 199 89
-11.7115 -3.6913 0.4768 52 199 89
-11.8529 -3.0182 -3.4883 52 199 89
-11.7127 -3.6681 3.2158 52 199 89
-11.6552 -3.1024 0.4696 52 199 89
-11.6140 -3.1076 0.4629 52 199 89
-11.5301 -3.9363 0.3949 52 199 89
-11.7470 -3.4944 3.2126 52 199 89
-11.7045 -3.6502 0.4976 52 199 89
-11.5907 -3.9082 0.9501 52 199 89
-11.7769 -3.3157 3.2281 52 199 89
-11.6059 -3.9354 0.9763 52 199 89
-11.7952 -3.4912 3.0457 52 199 89
-11.8167 -2.9468 0.8076 52 199 89
-11.8432 -2.9637 3.0323 52 199 89
-11.7503 -3.8127 3.2345 52 199 89
-11.7091 -2.9536 0.5102 52 199 89
-11.7581 -3.4861 3.1872 52 199 89
-11.8503 -3.0004 1.1378 52 199 89
-11.8480 -3.2787 -3.3762 52 199 89
-11.7706 -2.8955 0.7309 52 199 89
-11.9490 -3.0791 -3.4214 52 199 89
-11.6818 -3.7967 3.0993 52 199 89
-11.4994 -3.8967 0.3092 52 199 89
-11.8799 -2.9321 1.2854 52 199 89
-11.7505 -3.8128 3.1949 52 199 89
-11.6297 -3.8141 2.8320 52 199 89
-11.8536 -2.9371 1.3213 52 199 89
-11.8172 -3.0464 1.3456 52 199 89
-11.5435 -3.8945 0.1914 52 199 89
-11.7974 -3.3688 3.0027 52 199 89
-11.5806 -3.9122 1.2620 52 199 89
-11.8098 -3.2597 3.0057 52 199 89
-11.8267 -2.9476 1.4037 52 199 89
-11.8804 -3.1680 -3.1027 52 199 89
-11.8465 -2.9891 1.4326 52 199 89
-11.8098 -3.2893 0.6154 52 199 89
-11.8864 -2.8733 1.4856 52 199 89
-11.6104 -2.8965 0.0698 52 199 89
-11.6921 -3.7779 2.9001 52 199 89
-11.8164 -3.3623 3.0141 52 199 89
-11.8591 -2.9323 1.4978 52 199 89
-11.8862 -2.8714 1.5230 52 199 89
-11.6049 -2.8815 0.0529 52 199 89
-11.8984 -2.8937 1.5578 52 199 89
-11.5374 -3.8944 0.0382 52 199 89
-11.8681 -2.9571 1.5554 52 199 89
-11.9025 -2.8812 1.6102 52 199 89
-11.7148 -2.9416 0.6126 52 199 89
-11.5064 -3.8919 0.0068 52 199 89
-11.8845 -2.8835 1.6396 52 199 89
-11.8470 -3.0006 1.6253 52 199 89
-11.4790 -3.8833 -0.0143 52 199 89
-11.9151 -2.8572 1.6739 52 199 89
-11.8565 -3.0100 1.6330 52 199 89
-11.8805 -3.0160 1.6690 52 199 89
-11.8734 -3.0286 1.6650 52 199 89
-11.5883 -3.9037 1.5354 52 199 89
-11.5728 -2.9161 -0.0831 52 199 89
-11.5513 -3.9279 2.8664 52 199 89
-11.6665 -3.8236 2.8363 52 199 89
-11.7148 -3.6726 2.8817 52 199 89
-11.8703 -3.0029 1.7347 52 199 89
-11.5911 -3.9316 1.5993 52 199 89
-11.5142 -3.9338 0.5499 52 199 89
-11.9039 -3.0182 1.8064 52 199 89
-11.9003 -3.0245 1.8042 52 199 89
-11.6116 -3.5492 1.6408 52 199 89
-11.7898 -3.4161 3.1142 52 199 89
-11.8560 -3.2003 1.8731 52 199 89
-11.8642 -3.0392 1.8780 52 199 89
-11.5278 -3.0554 -0.3077 52 199 89
-11.4775 -3.6246 -0.3380 52 199 89
-11.8418 -3.1763 2.0211 52 199 89
-11.4950 -3.4355 -0.3500 52 199 89
-11.4795 -3.6250 -0.3596 52 199 89
-11.7960 -3.1802 -3.9735 52 199 89
-11.8811 -2.7872 2.9306 52 199 89
-11.7925 -3.2099 -3.9635 52 199 89
-11.7997 -3.2414 -3.9808 52 199 89
-11.7928 -3.2453 3.1449 52 199 89
-11.7704 -3.2001 -3.8101 52 199 89
-11.8905 -2.8767 0.9974 52 199 89
-11.8218 -3.1505 2.9162 52 199 89
-11.7971 -3.1275 -3.8053 52 199 89
-11.8328 -3.1324 3.0949 52 199 89
-11.7747 -3.1592 -3.7599 52 199 89
-11.7887 -3.1451 -3.7548 52 199 89
-11.7620 -3.4867 3.0301 52 199 89
-11.8644 -2.9004 1.5489 52 199 89
-11.7791 -3.1883 -3.7105 52 199 89
-11.7750 -3.1724 -3.6712 52 199 89
-11.7754 -3.1941 -3.6798 52 199 89
-11.8523 -3.0697 1.6844 52 199 89
-11.6304 -3.7467 3.0121 52 199 89
-11.8075 -3.1804 -3.6704 52 199 89
-11.7298 -3.6661 2.8889 52 199 89
-11.7985 -3.1741 -3.6108 52 199 89
-11.8395 -3.3330 -3.6673 52 199 89
-11.8106 -3.1923 3.0413 52 199 89
-11.7588 -3.6767 2.9224 52 199 89
-11.8267 -3.1386 3.0566 52 199 89
-11.8453 -3.0288 -3.5945 52 199 89
-11.8602 -3.0096 -3.6001 52 199 89
-11.8477 -3.0188 -3.5853 52 199 89
-11.8662 -3.0225 -3.6057 52 199 89
-11.5840 -3.9155 0.9559 52 199 89
-11.6624 -3.7751 2.9161 52 199 89
-11.8818 -3.0021 -3.6245 52 199 89
-11.8612 -2.9977 -3.5507 52 199 89
-11.8754 -2.8474 0.9960 52 199 89
-11.8276 -3.0653 3.1773 52 199 89
-11.8674 -3.0390 1.6616 52 199 89
-11.8883 -2.9913 -3.4891 52 199 89
-11.8033 -3.1471 -3.7087 52 199 89
-11.8507 -3.3277 1.3596 52 199 89
-11.7954 -3.3886 2.9536 52 199 89
-11.8858 -2.8317 1.0054 52 199 89
-11.7878 -2.9234 -3.4542 52 199 89
-11.8298 -3.2443 3.2607 52 199 89
-11.7665 -2.9165 0.7128 52 199 89
-11.8154 -3.1507 3.2078 52 199 89
-11.9327 -2.9565 -1.6100 52 199 89
-11.5093 -3.4198 -0.3607 52 199 89
-11.7358 -3.6155 3.1656 52 199 89
-11.5687 -3.8851 0.3081 52 199 89
-11.8373 -3.3273 1.3650 52 199 89
-11.8702 -3.1557 -3.2005 52 199 89
-11.8874 -2.9192 1.2381 52 199 89
-11.9166 -3.0868 -3.2286 52 199 89
-11.5020 -3.9307 0.0956 52 199 89
-11.9459 -3.0830 -2.7578 52 199 89
-11.8510 -3.3239 1.1842 52 199 89
-11.9257 -3.0881 -3.4238 52 199 89
-11.8460 -3.3238 1.1507 52 199 89
-11.5183 -3.9259 0.3604 52 199 89
-11.7948 -3.2730 3.1391 52 199 89
-11.5949 -3.8738 2.7585 52 199 89
-11.8509 -3.3200 1.1276 52 199 89
-11.6453 -3.8287 2.8203 52 199 89
-11.7638 -3.3576 -0.0280 52 199 89
-11.6780 -3.7267 2.8629 52 199 89
-11.5288 -3.9227 0.3723 52 199 89
-11.9667 -2.8597 1.0121 52 199 89
-11.8378 -2.8899 2.9419 52 199 89
-11.7138 -3.9181 -3.9700 52 199 89
-11.6687 -3.7850 2.8811 52 199 89
-11.8670 -3.0070 -3.7011 52 199 89
-11.7367 -3.5938 3.1521 52 199 89
-11.8658 -2.9981 -3.4392 52 199 89
-11.7365 -3.8027 3.2192 52 199 89
-11.8357 -3.0647 1.3141 52 199 89
-11.7933 -3.1812 -3.6483 52 199 89
-11.8299 -2.8536 2.9661 52 199 89
-11.8125 -3.3149 3.0446 52 199 89
-11.8458 -3.3336 -3.6823 52 199 89
-11.8563 -3.0176 -3.6052 52 199 89
-11.8101 -3.0867 3.1147 52 199 89
-11.8719 -2.9993 -3.5932 52 199 89
-11.8181 -3.1812 -3.4783 52 199 89
-11.6389 -3.8254 3.1088 52 199 89
-11.7398 -3.4938 3.2043 52 199 89
-11.6947 -3.6743 3.1478 52 199 89
-11.8091 -3.3509 3.0741 52 199 89
-11.9197 -3.0884 -3.4284 52 199 89
-11.8007 -3.2858 0.8208 52 199 89
-11.8236 -3.0718 2.9994 52 199 89
-11.8862 -3.1829 -3.2056 52 199 89
-11.8870 -3.1685 -3.1139 52 199 89
-11.6754 -3.8252 2.8518 52 199 89
-11.6674 -3.7614 3.0967 52 199 89
-11.7488 -3.4996 2.9015 52 199 89
-11.7627 -3.4897 2.9188 52 199 89
-11.6069 -3.1026 0.2960 52 199 89
-11.7726 -3.3174 3.1711 52 199 89
-11.4601 -3.6188 -0.3812 52 199 89
-11.4886 -3.4180 -0.3610 52 199 89
-11.7139 -3.6569 0.5326 52 199 89
-11.7434 -3.6972 0.4817 52 199 89
-11.5770 -2.9172 -0.0929 52 199 89
-11.7720 -3.6553 0.4550 52 199 89
-11.8415 -3.2002 1.8552 52 199 89
-11.8340 -3.2750 2.2059 52 199 89
-11.6308 -3.5455 1.6224 52 199 89
-11.5296 -3.9081 0.0507 52 199 89
-11.7094 -3.6867 0.5188 52 199 89
-11.8418 -3.2437 3.2769 52 199 89
-11.8807 -3.0325 1.7587 52 199 89
-11.5960 -3.9335 1.5994 52 199 89
-11.8354 -3.0876 1.7219 52 199 89
-11.8458 -3.0134 1.7234 52 199 89
-11.7818 -2.9130 0.7193 52 199 89
-11.6123 -3.5376 1.5268 52 199 89
-11.8143 -2.9460 0.8033 52 199 89
-11.8802 -2.8838 1.6389 52 199 89
-11.8310 -3.0927 1.6082 52 199 89
-11.7884 -2.9578 0.8172 52 199 89
-11.7332 -3.6712 2.8822 52 199 89
-11.7385 -3.6555 0.4736 52 199 89
-11.8757 -2.9153 1.5196 52 199 89
-11.9185 -2.8568 0.9783 52 199 89
-11.5938 -3.9119 0.9143 52 199 89
-11.5881 -3.9302 0.9615 52 199 89
-11.8816 -2.9528 1.4976 52 199 89
-11.8599 -2.9864 1.4405 52 199 89
-11.8493 -3.0705 1.1867 52 199 89
-11.7905 -3.3686 3.0359 52 199 89
-11.8457 -3.0465 1.3929 52 199 89
-11.5889 -3.9147 1.2674 52 199 89
-11.7045 -3.6502 0.4976 52 199 89
-11.6674 -3.8273 2.9181 52 199 89
-11.7481 -3.3160 3.1880 52 199 89
-11.9071 -2.8511 0.8822 52 199 89
-11.7509 -3.5479 2.9756 52 199 89
-11.7829 -3.1910 -3.9655 52 199 89
-11.7788 -3.2184 -3.8513 52 199 89
-11.7634 -3.2113 -3.7933 52 199 89
-11.7725 -2.9328 -3.7344 52 199 89
-11.7922 -3.3687 2.9944 52 199 89
-11.8006 -3.2121 -3.8188 52 199 89
-11.7168 -2.9528 0.5165 52 199 89
-11.8016 -3.2051 -3.7907 52 199 89
-11.7893 -3.1438 -3.7252 52 199 89
-11.8466 -2.9351 1.2799 52 199 89
-11.8000 -3.3621 2.9895 52 199 89
-11.8397 -3.2776 2.1817 52 199 89
-11.6187 -3.8997 0.3143 52 199 89
-11.8612 -3.0054 -3.6429 52 199 89
-11.8679 -2.8334 2.9624 52 199 89
-11.5618 -2.9130 -0.0488 52 199 89
-11.8745 -2.9347 1.3433 52 199 89
-11.5695 -2.9162 0.2112 52 199 89
-11.8409 -3.0400 3.0265 52 199 89
-11.7478 -3.1878 -3.8315 52 199 89
-11.7976 -3.4898 3.0683 52 199 89
-11.7132 -3.6592 0.3829 52 199 89
-11.8531 -3.0584 1.2775 52 199 89
-11.8711 -2.9971 -3.5615 52 199 89
-11.5805 -3.9045 1.1652 52 199 89
-11.8288 -3.1763 3.0598 52 199 89
-11.5768 -3.9401 2.9624 52 199 89
-11.6451 -3.5367 1.6186 52 199 89
-11.6805 -3.7792 2.9441 52 199 89
-11.5367 -2.9492 0.2594 52 199 89
-11.7912 -3.3663 3.0805 52 199 89
-11.7094 -3.6209 3.0914 52 199 89
-11.8783 -3.1784 -3.0254 52 199 89
-11.7277 -3.7855 3.1175 52 199 89
-11.7085 -3.6581 0.5601 52 199 89
-11.7136 -3.5933 3.0937 52 199 89
-11.7059 -3.7913 3.1156 52 199 89
-11.9456 -3.1824 -2.2058 52 199 89
-11.9029 -2.8686 0.9730 52 199 89
-11.9016 -2.8929 1.5624 52 199 89
-11.8197 -3.2313 3.1620 52 199 89
-11.8561 -2.9057 1.5731 52 199 89
-11.6076 -3.8891 0.8065 52 199 89
-11.9123 -3.0231 -3.6191 52 199 89
-11.6426 -3.7848 2.9826 52 199 89
-11.8501 -3.0251 3.0370 52 199 89
-11.8279 -3.1071 3.1349 52 199 89
-11.7345 -3.5570 2.9831 52 199 89
-11.6308 -3.8233 3.0966 52 199 89
-11.7195 -3.6523 0.4736 52 199 89
-11.8464 -2.8579 0.7935 52 199 89
-11.6669 -3.7669 3.0692 52 199 89
-11.5477 -3.8965 0.1735 52 199 89
-11.8902 -3.0681 1.2125 52 199 89
-11.8472 -2.9593 1.2019 52 199 89
-11.7700 -2.9328 -3.7223 52 199 89
-11.8025 -3.2058 -3.8013 52 199 89
-11.8584 -3.0584 1.2681 52 199 89
-11.8072 -3.1572 -3.7790 52 199 89
-11.8331 -3.1515 2.9517 52 199 89
-11.4740 -3.8790 0.0645 52 199 89
-11.7760 -3.1806 -3.6094 52 199 89
-11.7558 -2.8985 0.7269 52 199 89
-11.9334 -2.8475 1.5328 52 199 89
-11.8393 -3.0939 3.1837 52 199 89
-11.8207 -3.3326 -3.6330 52 199 89
-11.7746 -3.3128 2.9809 52 199 89
-11.5395 -3.8987 0.1736 52 199 89
-11.8531 -2.9389 1.3286 52 199 89
-11.8228 -3.0328 -3.5390 52 199 89
-11.5028 -2.9811 0.0376 52 199 89
-11.8220 -3.0691 3.1205 52 199 89
-11.8076 -3.1830 -3.4600 52 199 89
-11.9086 -3.0908 -3.4167 52 199 89
-11.8645 -3.0581 3.1610 52 199 89
-11.6958 -3.7234 0.6685 52 199 89
-11.7083 -3.6867 0.6697 52 199 89
-11.8804 -2.9473 1.5885 52 199 89
-11.8987 -2.9077 1.6158 52 199 89
-11.6521 -3.7710 2.9136 52 199 89
-11.6998 -3.2898 0.6229 52 199 89
-11.7440 -3.3810 0.2433 52 199 89
-11.8827 -2.8668 1.6558 52 199 89
-11.8871 -3.1768 -3.0397 52 199 89
-11.5473 -2.9125 0.2316 52 199 89
-11.8177 -3.1772 3.0401 52 199 89
-11.5215 -3.8899 1.4733 52 199 89
-11.5618 -2.9523 -0.1520 52 199 89
-11.8424 -3.0708 1.6797 52 199 89
-11.5509 -2.9463 -0.1504 52 199 89
-11.7484 -3.5493 2.9752 52 199 89
-11.8294 -3.0886 1.7250 52 199 89
-11.7646 -3.6531 0.4555 52 199 89
-11.4837 -3.8879 -0.1624 52 199 89
-11.6399 -3.5470 1.6190 52 199 89
-11.6169 -3.1113 0.4551 52 199 89
-11.6784 -3.8413 2.8662 52 199 89
-11.7209 -3.6580 0.5339 52 199 89
-11.8598 -3.0325 2.0392 52 199 89
-11.8780 -3.1767 2.0777 52 199 89
-11.8540 -2.9616 2.9644 52 199 89
-11.8861 -3.0424 2.1543 52 199 89
-11.7144 -3.6594 0.5670 52 199 89
-11.8251 -3.1858 2.2445 52 199 89
-11.4424 -3.8296 -0.9643 52 199 89
-11.8293 -3.2752 2.2042 52 199 89
-11.8594 -3.1944 2.1891 52 199 89
-11.9074 -2.8603 0.9825 52 199 89
-11.8168 -2.9011 0.8235 52 199 89
-11.6335 -3.7103 0.8666 52 199 89
-11.6935 -3.6888 0.8950 52 199 89
-11.7767 -3.1859 -3.9131 52 199 89
-11.7635 -3.5029 3.1724 52 199 89
-11.6584 -3.5368 1.6272 52 199 89
-11.7719 -3.4122 3.1360 52 199 89
-11.7352 -3.2799 0.6969 52 199 89
-11.5486 -2.9445 -0.1115 52 199 89
-11.8879 -2.9957 -3.5765 52 199 89
-11.7329 -3.5894 3.0880 52 199 89
-11.8518 -2.8994 3.1582 52 199 89
-11.8273 -3.1657 3.0340 52 199 89
-11.8635 -2.9320 0.8943 52 199 89
-11.6814 -3.7767 2.9162 52 199 89
-11.9127 -3.1908 -2.0552 52 199 89
-11.7266 -3.6225 3.1177 52 199 89
-11.8406 -3.0396 3.0275 52 199 89
-11.6377 -3.8201 3.0654 52 199 89
-11.7908 -3.4085 3.1558 52 199 89
-11.5269 -3.6903 -0.2338 52 199 89
-11.8583 -2.9869 1.4425 52 199 89
-11.7779 -2.9146 0.7169 52 199 89
-11.8475 -3.0106 -3.6610 52 199 89
-11.9046 -3.0940 -3.3550 52 199 89
-11.8705 -3.0203 1.7500 52 199 89
-11.5891 -3.8705 2.7490 52 199 89
-11.8690 -2.8948 1.4724 52 199 89
-11.5203 -3.4328 -0.3968 52 199 89
-11.8353 -2.9534 1.4242 52 199 89
-11.5530 -2.9456 -0.1476 52 199 89
-11.5489 -2.9549 -0.1468 52 199 89
-11.6851 -3.7903 3.0172 52 199 89
-11.6656 -3.7575 3.0276 52 199 89
-11.8624 -3.0501 1.7197 52 199 89
-11.8657 -3.0534 1.2987 52 199 89
-11.5252 -2.9463 -0.1069 52 199 89
-11.5891 -3.9099 0.9677 52 199 89
-11.8378 -3.0584 3.1820 52 199 89
-11.6766 -3.1190 0.4997 52 199 89
-11.8096 -3.1522 -3.7436 52 199 89
-11.7680 -3.1896 -3.9328 52 199 89
-11.5875 -3.9155 1.0351 52 199 89
-11.7799 -3.2400 -3.9406 52 199 89
-11.5657 -2.9088 -0.0576 52 199 89
-11.7957 -3.3328 3.0946 52 199 89
-11.5647 -3.9009 0.1703 52 199 89
-11.7733 -3.3553 2.9098 52 199 89
-11.5596 -2.9214 0.2113 52 199 89
-11.7564 -3.1591 -3.7515 52 199 89
-11.8023 -3.2064 -3.8010 52 199 89
-11.7759 -3.4862 2.9085 52 199 89
-11.6450 -3.7116 0.8790 52 199 89
-11.7247 -3.6942 0.9148 52 199 89
-11.7689 -3.1926 -3.6533 52 199 89
-11.5699 -3.9090 0.0548 52 199 89
-11.8549 -2.9308 0.8878 52 199 89
-11.6212 -3.8148 2.9087 52 199 89
-11.8958 -2.8464 0.8819 52 199 89
-11.7473 -3.6504 0.4530 52 199 89
-11.6666 -3.8255 2.8969 52 199 89
-11.8728 -3.0046 -3.5332 52 199 89
-11.7294 -3.6917 0.3800 52 199 89
-11.7358 -2.9480 0.7153 52 199 89
-11.5891 -3.8705 2.7490 52 199 89
-11.6922 -3.8475 2.8839 52 199 89
-11.7497 -3.5032 2.9176 52 199 89
-11.6656 -3.7166 0.6656 52 199 89
-11.7247 -3.6871 0.6583 52 199 89
-11.6833 -3.0867 0.6045 52 199 89
-11.7423 -3.2624 0.6043 52 199 89
-11.7246 -3.0489 0.5555 52 199 89
-11.9136 -2.9621 2.1485 52 199 89
-11.8274 -3.2790 0.5896 52 199 89
-11.7324 -3.6888 0.5771 52 199 89
-11.7670 -3.6691 0.5832 52 199 89
-11.8111 -2.9660 2.9222 52 199 89
-11.7483 -3.6755 2.9890 52 199 89
-11.8568 -2.9817 1.9977 52 199 89
-11.8906 -2.9783 1.9021 52 199 89
-11.8430 -3.1963 1.8446 52 199 89
-11.8721 -3.1718 1.8677 52 199 89
-11.6097 -3.5435 1.6030 52 199 89
-11.8687 -3.2880 1.7442 52 199 89
-11.7654 -3.1995 -3.9496 52 199 89
-11.8399 -3.3323 -3.6671 52 199 89
-11.8655 -3.0291 -3.5230 52 199 89
-11.6566 -3.7584 3.0748 52 199 89
-11.8511 -3.0308 -3.5738 52 199 89
-11.6563 -3.7920 3.0187 52 199 89
-11.8768 -2.9557 1.5686 52 199 89
-11.6863 -3.7158 2.9812 52 199 89
-11.5707 -3.2596 -0.1866 52 199 89
-11.7843 -3.5151 3.0872 52 199 89
-11.4245 -3.8248 -0.9561 52 199 89
-11.8267 -3.0456 1.3622 52 199 89
-11.8703 -3.0496 1.2358 52 199 89
-11.9362 -3.1455 -3.2820 52 199 89
-11.6594 -3.7896 3.0630 52 199 89
-11.7031 -3.8127 3.1187 52 199 89
-11.9005 -3.1821 -3.2184 52 199 89
-11.5868 -3.8828 0.8003 52 199 89
-11.7347 -3.5864 3.1452 52 199 89
-11.5731 -2.9518 0.3170 52 199 89
-11.8535 -2.8969 3.1728 52 199 89
-11.8490 -3.0543 3.1055 52 199 89
-11.8826 -2.8608 1.5130 52 199 89
-11.5960 -3.6993 0.8721 52 199 89
-11.8866 -2.8482 0.8900 52 199 89
-11.8496 -2.9390 0.8308 52 199 89
-11.7710 -3.1868 -3.8424 52 199 89
-11.7320 -3.7307 0.6922 52 199 89
-11.7250 -3.6911 0.6708 52 199 89
-11.7189 -3.6608 0.5912 52 199 89
-11.8689 -3.1782 -3.0761 52 199 89
-11.9138 -3.1130 -2.1621 52 199 89
-11.9331 -3.1770 -2.1848 52 199 89
-11.6015 -2.9418 -0.1505 52 199 89
-11.8355 -3.0096 2.9621 52 199 89
-11.8669 -3.1863 2.2836 52 199 89
-11.8097 -3.2731 2.1980 52 199 89
-11.8639 -3.2794 2.1990 52 199 89
-11.8201 -3.2651 2.1305 52 199 89
-11.8679 -3.0446 2.1412 52 199 89
-11.9086 -2.9654 2.1441 52 199 89
-11.7315 -3.6928 0.3864 52 199 89
-11.7469 -3.6840 0.3877 52 199 89
-11.8854 -3.0347 2.0383 52 199 89
-11.8229 -3.2031 1.7569 52 199 89
-11.9160 -2.8811 1.7209 52 199 89
-11.8695 -2.8832 1.6357 52 199 89
-11.8834 -2.8686 1.6569 52 199 89
-11.8837 -2.9395 1.5853 52 199 89
-11.9052 -2.9117 1.6103 52 199 89
-11.8672 -2.8917 1.5830 52 199 89
-11.8607 -2.9129 1.5313 52 199 89
-11.7445 -3.5344 2.9185 52 199 89
-11.6978 -3.7632 3.1296 52 199 89
-11.8647 -2.9577 2.9945 52 199 89
-11.6865 -3.7721 3.1016 52 199 89
-11.8869 -2.8561 1.1118 52 199 89
-11.7799 -3.2753 -3.9443 52 199 89
-11.8252 -3.0552 1.6950 52 199 89
-11.7879 -3.0776 3.1072 52 199 89
-11.7710 -3.1300 -3.7746 52 199 89
-11.5292 -3.4438 -0.3481 52 199 89
-11.8331 -3.0915 3.1350 52 199 89
-11.6458 -3.8212 2.9419 52 199 89
-11.7896 -3.3379 3.0805 52 199 89
-11.8379 -3.3323 -3.6615 52 199 89
-11.8342 -3.1820 -3.5255 52 199 89
-11.7082 -3.6625 0.3581 52 199 89
-11.8006 -3.3338 -3.3350 52 199 89
-11.8750 -3.1022 -3.3660 52 199 89
-11.9631 -3.1465 -3.3075 52 199 89
-11.8755 -3.1984 -2.8879 52 199 89
-11.9210 -3.1000 -2.1958 52 199 89
-11.6593 -3.8579 2.8690 52 199 89
-11.9452 -3.0862 -3.4110 52 199 89
-11.7669 -3.4101 3.1332 52 199 89
-11.9048 -3.0875 -3.4533 52 199 89
-11.7069 -3.6832 3.0095 52 199 89
-11.6645 -3.8360 3.1290 52 199 89
-11.7748 -3.1670 -3.9836 52 199 89
-11.7046 -3.8527 -3.9407 52 199 89
-11.8003 -3.2546 -3.9796 52 199 89
-11.7848 -3.3426 3.0140 52 199 89
-11.6447 -3.8882 2.8342 52 199 89
-11.6555 -3.8429 2.8430 52 199 89
-11.7060 -3.5291 2.8713 52 199 89
-11.9060 -3.0427 3.0660 52 199 89
-11.6342 -3.6115 2.0125 52 199 89
-11.7874 -3.1951 -3.6907 52 199 89
-11.8909 -2.9682 2.1390 52 199 89
-11.8138 -3.1856 2.0584 52 199 89
-11.8712 -3.0155 -3.7498 52 199 89
-11.6883 -3.6176 1.9566 52 199 89
-11.8855 -2.9837 2.0414 52 199 89
-11.8494 -3.0366 1.9070 52 199 89
-11.7767 -3.1859 -3.4288 52 199 89
-11.8776 -2.8805 1.7293 52 199 89
-11.8522 -2.9426 1.5924 52 199 89
-11.8690 -2.9111 1.5392 52 199 89
-11.8999 -3.1036 -3.3800 52 199 89
-11.7929 -3.1613 -3.1059 52 199 89
-11.8866 -3.1039 -2.1569 52 199 89
-11.7670 -3.7409 0.8569 52 199 89
-11.8113 -2.9421 0.8233 52 199 89
-11.8780 -3.1192 -2.1170 52 199 89
-11.6992 -2.9551 0.6586 52 199 89
-11.7050 -3.6850 0.6535 52 199 89
-11.6698 -3.6524 0.6434 52 199 89
-11.7307 -3.2712 0.6235 52 199 89
-11.7917 -3.7056 0.4908 52 199 89
-11.7523 -3.6710 0.4832 52 199 89
-11.7089 -3.6414 0.4752 52 199 89
-11.4951 -3.4420 -0.3388 52 199 89
-11.7108 -3.3755 0.4026 52 199 89
-11.7424 -3.6835 0.3920 52 199 89
-11.5052 -3.1103 0.3090 52 199 89
-11.6092 -2.9353 0.3065 52 199 89
-11.6680 -3.7540 3.0914 52 199 89
-11.7824 -3.3424 3.0712 52 199 89
-11.8039 -3.2448 3.2102 52 199 89
-11.8636 -3.0902 3.1520 52 199 89
-11.6461 -3.0459 0.2129 52 199 89
-11.8024 -3.3937 3.0446 52 199 89
-11.8916 -3.0988 -2.6847 52 199 89
-11.8608 -3.0214 -3.5443 52 199 89
-11.7749 -3.1666 -3.4241 52 199 89
-11.5063 -3.6862 -0.2077 52 199 89
-11.8229 -3.0578 3.1518 52 199 89
-11.6959 -3.7863 3.0510 52 199 89
-11.5893 -3.8547 2.8395 52 199 89
-11.7783 -3.2052 -3.4333 52 199 89
-11.6543 -3.8036 3.0465 52 199 89
-11.9392 -3.1233 -3.2825 52 199 89
-11.7791 -3.4113 3.1417 52 199 89
-11.7561 -2.9474 0.7849 52 199 89
-11.7211 -3.7272 0.6919 52 199 89
-11.6855 -2.9559 0.6438 52 199 89
-11.7085 -3.2717 0.6273 52 199 89
-11.6611 -3.1154 0.5098 52 199 89
-11.6788 -3.6816 0.4523 52 199 89
-11.8640 -3.7141 0.4804 52 199 89
-11.7077 -3.6651 0.4557 52 199 89
-11.9850 -3.1166 -2.2216 52 199 89
-11.8536 -3.1747 3.0094 52 199 89
-11.6865 -3.6194 2.0536 52 199 89
-11.8874 -3.2601 2.1733 52 199 89
-11.8594 -3.2779 2.0934 52 199 89
-11.7902 -3.1865 2.0400 52 199 89
-11.8896 -3.0288 1.9458 52 199 89
-11.8519 -2.9896 1.9290 52 199 89
-11.8579 -3.1928 1.8594 52 199 89
-11.8886 -2.9147 1.5962 52 199 89
-11.8867 -3.0767 1.2299 52 199 89
-11.6670 -3.7313 0.9913 52 199 89
-11.7941 -3.7465 0.8597 52 199 89
-11.8097 -2.9645 0.8029 52 199 89
-11.8492 -3.5286 3.1788 52 199 89
-11.8488 -3.6221 2.2066 52 199 89
-11.9227 -3.0996 -2.1948 52 199 89
-11.9572 -3.0978 -3.4654 52 199 89
-11.9098 -3.1313 -3.3723 52 199 89
-11.6188 -3.7065 -0.2265 52 199 89
-11.6543 -3.8036 3.0465 52 199 89
-11.8357 -3.2642 -3.5439 52 199 89
-11.7956 -3.4120 3.1621 52 199 89
-11.7591 -3.2852 3.0935 52 199 89
-11.7863 -2.9444 3.0700 52 199 89
-11.7786 -3.1694 3.0168 52 199 89
-11.5075 -3.6254 -0.3641 52 199 89
-11.8639 -3.1987 -3.0027 52 199 89
-11.8120 -3.3288 -3.7412 52 199 89
-11.8000 -3.2040 -3.4770 52 199 89
-11.9688 -3.0793 -2.9273 52 199 89
-11.8041 -3.0640 1.3154 52 199 89
-11.6296 -3.8654 2.9163 52 199 89
-11.5892 -3.8157 2.9979 52 199 89
-11.8004 -3.7402 0.9648 52 199 89
-11.7439 -3.2044 -3.8855 52 199 89
-11.7509 -3.8664 -3.8787 52 199 89
-11.8733 -3.2780 2.1883 52 199 89
-11.5974 -3.5820 1.8599 52 199 89
-11.9549 -3.0180 2.0301 52 199 89
-11.8361 -3.2047 1.7691 52 199 89
-11.6637 -3.8039 3.0839 52 199 89
-11.7589 -3.7739 3.2186 52 199 89
-11.7820 -3.3383 3.1733 52 199 89
-11.8363 -3.2840 3.2447 52 199 89
-11.7811 -3.2394 3.1156 52 199 89
-11.7919 -3.1132 3.1144 52 199 89
-11.8310 -3.0551 3.1626 52 199 89
-12.0110 -3.0974 -3.5117 52 199 89
-11.7290 -3.0276 0.2035 52 199 89
-11.9523 -3.1671 -2.1780 52 199 89
-11.7314 -3.6094 -0.1612 52 199 89
-11.5967 -3.7020 -0.2187 52 199 89
-11.9048 -3.0870 -2.8369 52 199 89
-11.8105 -3.2610 -3.6916 52 199 89
-11.8595 -3.3284 -3.8324 52 199 89
-11.7849 -3.1621 -3.7229 52 199 89
-11.6078 -2.9928 0.3563 52 199 89
-11.7828 -3.4023 0.4367 52 199 89
-11.7926 -3.1618 -3.8685 52 199 89
-11.7454 -2.9924 0.7312 52 199 89
-11.8212 -3.2051 -3.4838 52 199 89
-11.3382 -2.2594 0.4425 52 199 89
-11.5584 -2.8985 2.6913 52 199 89
-11.4114 -2.2035 1.1495 52 199 89
-11.3710 -2.2830 0.4171 52 199 89
-11.3561 -2.3564 -3.3785 52 199 89
-11.3424 -2.3879 -3.3119 52 199 89
-11.4336 -2.1199 1.2268 52 199 89
-11.5801 -2.2081 3.0382 52 199 89
-11.5444 -2.8384 2.6444 52 199 89
-11.3657 -2.3822 -3.3291 52 199 89
-11.3662 -2.3872 -3.3267 52 199 89
-11.3682 -2.3738 -3.3194 52 199 89
-11.2378 -2.3221 0.2155 52 199 89
-11.3515 -2.3713 -3.2708 52 199 89
-11.4508 -2.1253 1.2462 52 199 89
-11.5401 -2.8407 2.6165 52 199 89
-11.3653 -2.2559 0.4096 52 199 89
-11.3581 -2.3158 -3.2495 52 199 89
-11.3498 -2.1727 1.1814 52 199 89
-11.4528 -2.7271 2.5342 52 199 89
-11.4423 -2.7359 2.5054 52 199 89
-11.3693 -2.1486 0.9509 52 199 89
-11.3192 -2.3171 0.3430 52 199 89
-11.4073 -2.1143 0.9992 52 199 89
-11.5485 -2.7586 0.3509 52 199 89
-11.3853 -2.1824 -3.1639 52 199 89
-11.5437 -2.8353 2.5830 52 199 89
-11.4650 -2.1660 1.0380 52 199 89
-11.3969 -2.3270 -3.0861 52 199 89
-11.3726 -2.2022 -3.0593 52 199 89
-11.3725 -2.2090 -3.0442 52 199 89
-11.4820 -3.0099 2.3958 52 199 89
-11.4241 -2.0861 1.2952 52 199 89
-11.4438 -2.1973 1.1287 52 199 89
-11.4070 -2.1026 1.1415 52 199 89
-11.4389 -2.1204 1.7087 52 199 89
-11.7727 -2.2301 3.1941 52 199 89
-11.5721 -2.1652 2.9476 52 199 89
-11.4330 -2.1806 1.7263 52 199 89
-11.4147 -2.0959 1.2979 52 199 89
-11.4356 -2.4035 1.7271 52 199 89
-11.4689 -2.1702 1.8468 52 199 89
-11.6616 -2.2262 2.0179 52 199 89
-11.5265 -2.3747 1.8753 52 199 89
-11.4940 -2.2508 2.5634 52 199 89
-11.4246 -2.1684 1.2948 52 199 89
-11.4809 -2.5963 2.4175 52 199 89
-11.4096 -2.0956 1.3152 52 199 89
-11.4290 -2.2921 -2.7940 52 199 89
-11.4007 -2.3297 0.5728 52 199 89
-11.4797 -2.9614 2.3669 52 199 89
-11.3731 -2.1634 1.5227 52 199 89
-11.4116 -2.4170 0.5574 52 199 89
-11.5223 -2.2702 1.5976 52 199 89
-11.1959 -2.3484 0.1553 52 199 89
-11.5016 -2.3241 2.6243 52 199 89
-11.5204 -2.4705 2.5829 52 199 89
-11.5623 -2.8918 2.4888 52 199 89
-11.5115 -2.1403 2.7431 52 199 89
-11.5595 -2.8501 2.4576 52 199 89
-11.5039 -2.8190 2.4399 52 199 89
-11.5716 -2.6755 2.5948 52 199 89
-11.4681 -2.6702 2.4604 52 199 89
-11.4757 -2.4749 2.5705 52 199 89
-11.4583 -2.2170 1.4761 52 199 89
-11.4752 -2.9865 1.2383 52 199 89
-11.4752 -2.1289 1.4692 52 199 89
-11.5317 -3.0107 2.3741 52 199 89
-11.2457 -2.6546 -0.9347 52 199 89
-11.5351 -2.7583 0.4705 52 199 89
-11.6500 -2.2430 2.8966 52 199 89
-11.3957 -2.1264 0.6595 52 199 89
-11.3780 -2.1446 0.6213 52 199 89
-11.3860 -2.3999 -3.5048 52 199 89
-11.3519 -2.3806 -3.5219 52 199 89
-11.3689 -2.3973 -3.5631 52 199 89
-11.4038 -2.3899 -3.6574 52 199 89
-11.3453 -2.3688 -3.5568 52 199 89
-11.3412 -2.3742 -3.5546 52 199 89
-11.3597 -2.3741 -3.6111 52 199 89
-11.3352 -2.3667 -3.6068 52 199 89
-11.2958 -2.2485 -3.6921 52 199 89
-11.2909 -2.2037 -3.8641 52 199 89
-11.5840 -2.8478 2.5105 52 199 89
-11.3961 -2.1258 0.9580 52 199 89
-11.4967 -2.6854 2.5741 52 199 89
-11.4461 -2.6105 2.3348 52 199 89
-11.5676 -2.3962 2.7232 52 199 89
-11.3504 -2.7349 -0.2669 52 199 89
-11.4889 -2.7230 2.5456 52 199 89
-11.5454 -2.3547 1.7569 52 199 89
-11.5686 -2.8927 2.6728 52 199 89
-11.5083 -2.1623 1.1035 52 199 89
-11.5157 -2.8617 2.6026 52 199 89
-11.4595 -2.3044 -2.6730 52 199 89
-11.3723 -2.1743 -3.1567 52 199 89
-11.5135 -3.0248 2.2585 52 199 89
-11.3929 -2.4087 -3.4516 52 199 89
-11.4413 -2.3407 -2.7444 52 199 89
-11.3293 -2.3643 -3.6358 52 199 89
-11.5461 -2.5897 2.6657 52 199 89
-11.3483 -2.1788 0.5958 52 199 89
-11.4705 -2.5256 2.4687 52 199 89
-11.5324 -2.7627 2.5335 52 199 89
-11.2989 -2.2366 -3.6882 52 199 89
-11.4451 -2.2284 -3.0120 52 199 89
-11.4722 -2.1829 1.0609 52 199 89
-11.5163 -2.8338 2.5967 52 199 89
-11.4801 -3.0105 2.5260 52 199 89
-11.5185 -2.7988 0.6550 52 199 89
-11.1224 -2.3345 -0.3614 52 199 89
-11.3944 -2.3637 -3.5828 52 199 89
-11.4844 -2.5938 2.4208 52 199 89
-11.4741 -2.4323 2.4722 52 199 89
-11.4947 -2.2528 2.8970 52 199 89
-11.5034 -2.2461 2.5841 52 199 89
-11.3879 -2.3939 -3.4525 52 199 89
-11.3927 -2.4086 -3.4514 52 199 89
-11.5223 -2.8626 2.5943 52 199 89
-11.5018 -2.2999 1.9571 52 199 89
-11.5366 -2.3790 0.3833 52 199 89
-11.3703 -2.3979 -3.3808 52 199 89
-11.5483 -2.2826 1.9156 52 199 89
-11.5613 -2.3455 1.8801 52 199 89
-11.3852 -2.3012 -3.3271 52 199 89
-11.5823 -2.2586 1.8194 52 199 89
-11.3708 -2.3341 -3.2316 52 199 89
-11.4848 -2.2950 1.7224 52 199 89
-11.4533 -2.1711 1.7364 52 199 89
-11.3728 -2.3527 -3.2233 52 199 89
-11.2433 -2.3251 0.2058 52 199 89
-11.6106 -2.8234 2.6862 52 199 89
-11.2029 -2.3075 0.1919 52 199 89
-11.5200 -2.2761 1.6137 52 199 89
-11.4454 -2.1361 0.9448 52 199 89
-11.5823 -2.2375 1.6204 52 199 89
-11.3866 -2.1810 -3.1689 52 199 89
-11.4854 -2.1428 1.5343 52 199 89
-11.4861 -2.3173 1.4718 52 199 89
-11.6586 -2.0384 1.6650 52 199 89
-11.4624 -2.1420 1.4916 52 199 89
-11.5778 -2.3617 1.5028 52 199 89
-11.4446 -2.1574 1.3956 52 199 89
-11.4343 -2.1565 1.3760 52 199 89
-11.4544 -2.1708 1.3720 52 199 89
-11.4670 -2.9930 0.9662 52 199 89
-11.4537 -2.1758 1.1363 52 199 89
-11.4660 -2.9621 2.3492 52 199 89
-11.5384 -2.7922 2.5331 52 199 89
-11.4570 -2.3444 -2.7084 52 199 89
-11.3426 -2.1769 1.1818 52 199 89
-11.4056 -2.1193 1.2346 52 199 89
-11.4587 -2.1209 1.2435 52 199 89
-11.4684 -3.0179 2.3010 52 199 89
-11.4119 -2.4213 0.5374 52 199 89
-11.5454 -2.9580 2.4837 52 199 89
-11.4930 -2.9929 0.7107 52 199 89
-11.2574 -2.3014 0.1534 52 199 89
-11.5099 -3.0119 2.3519 52 199 89
-11.3711 -2.1882 -3.0768 52 199 89
-11.5736 -2.2094 2.8156 52 199 89
-11.3824 -2.1927 -3.1927 52 199 89
-11.4509 -2.1404 1.3766 52 199 89
-11.3584 -2.3328 -3.2947 52 199 89
-11.3144 -2.2098 -3.6921 52 199 89
-11.3491 -2.3599 -3.6400 52 199 89
-11.3467 -2.3785 -3.5741 52 199 89
-11.5169 -2.3874 0.4691 52 199 89
-11.3317 -2.3009 0.3505 52 199 89
-11.5579 -2.7556 0.4739 52 199 89
-11.5269 -2.7357 0.3491 52 199 89
-11.4083 -2.4021 0.4787 52 199 89
-11.4065 -2.3519 0.5069 52 199 89
-11.4155 -2.1726 2.5967 52 199 89
-11.5472 -2.8114 2.4486 52 199 89
-11.4201 -2.3947 0.5314 52 199 89
-11.2421 -2.6555 -0.9267 52 199 89
-11.5718 -2.3551 1.9139 52 199 89
-11.3945 -2.4346 0.5558 52 199 89
-11.4200 -2.3142 0.6015 52 199 89
-11.4880 -2.4738 2.5103 52 199 89
-11.5269 -2.6412 2.5377 52 199 89
-11.4265 -2.4092 0.5568 52 199 89
-11.5455 -2.8736 2.6030 52 199 89
-11.3698 -2.2893 -3.3922 52 199 89
-11.4931 -2.3192 -2.7336 52 199 89
-11.5829 -2.2553 2.7366 52 199 89
-11.4597 -2.2822 -2.8591 52 199 89
-11.4077 -2.5567 2.4245 52 199 89
-11.4706 -2.2199 -2.9865 52 199 89
-11.4583 -2.2218 -3.0313 52 199 89
-11.3252 -2.2310 -3.7821 52 199 89
-11.4996 -2.3034 2.6943 52 199 89
-11.5544 -2.1298 2.9399 52 199 89
-11.4471 -2.1352 1.1672 52 199 89
-11.5261 -2.1906 2.8719 52 199 89
-11.3384 -2.3716 -3.5391 52 199 89
-11.5488 -2.8974 2.7066 52 199 89
-11.4627 -2.2749 -2.8548 52 199 89
-11.4860 -2.4423 -3.0382 52 199 89
-11.5063 -2.5586 2.6560 52 199 89
-11.5451 -2.4965 2.5604 52 199 89
-11.3481 -2.3252 -3.1856 52 199 89
-11.4816 -2.4397 -3.0579 52 199 89
-11.4181 -2.3474 0.5600 52 199 89
-11.4553 -2.3461 -2.7153 52 199 89
-11.5332 -2.8655 2.5995 52 199 89
-11.3233 -2.2865 0.3212 52 199 89
-11.5283 -2.8753 2.5770 52 199 89
-11.6912 -2.8471 2.8143 52 199 89
-11.5291 -2.3817 0.4751 52 199 89
-11.3090 -2.2868 0.2623 52 199 89
-11.5054 -2.2203 -1.9301 52 199 89
-11.5887 -2.8271 2.6543 52 199 89
-11.4590 -2.3261 0.5238 52 199 89
-11.4093 -2.3935 0.5183 52 199 89
-11.2074 -2.3022 0.2190 52 199 89
-11.4072 -2.2181 2.7019 52 199 89
-11.2534 -2.2847 0.2261 52 199 89
-11.3961 -2.4243 0.5547 52 199 89
-11.4072 -2.3195 0.5996 52 199 89
-11.4065 -2.3279 0.5835 52 199 89
-11.5963 -2.4855 2.7953 52 199 89
-11.3713 -2.2565 0.3148 52 199 89
-11.5564 -2.8023 2.4706 52 199 89
-11.5013 -2.7663 0.3816 52 199 89
-11.6017 -2.8850 2.5685 52 199 89
-11.2305 -2.6589 -0.9146 52 199 89
-11.5323 -2.3805 0.4136 52 199 89
-11.5489 -2.5730 2.6343 52 199 89
-11.3531 -2.3441 -3.3443 52 199 89
-11.1608 -2.3130 -0.3926 52 199 89
-11.5410 -2.8932 2.4394 52 199 89
-11.5627 -2.4364 2.6916 52 199 89
-11.5172 -2.2837 2.6282 52 199 89
-11.5618 -2.8522 2.6188 52 199 89
-11.6000 -2.8411 2.6553 52 199 89
-11.3433 -2.3745 -3.5751 52 199 89
-11.5724 -2.2913 2.7458 52 199 89
-11.2895 -2.1976 -3.8951 52 199 89
-11.2840 -2.2368 -3.7254 52 199 89
-11.3212 -2.2060 -3.7106 52 199 89
-11.3363 -2.3652 -3.6101 52 199 89
-11.5386 -2.8912 2.3784 52 199 89
-11.4880 -2.6056 2.4253 52 199 89
-11.4791 -2.5945 2.4078 52 199 89
-11.3889 -2.4118 -3.5383 52 199 89
-11.3693 -2.4119 -3.4431 52 199 89
-11.6009 -2.3281 1.9173 52 199 89
-11.3182 -2.3078 0.3463 52 199 89
-11.3751 -2.3990 -3.4200 52 199 89
-11.3525 -2.3829 -3.3459 52 199 89
-11.4311 -2.1271 1.7217 52 199 89
-11.5482 -2.2632 1.6324 52 199 89
-11.5247 -2.2663 1.5652 52 199 89
-11.4260 -2.1808 1.4219 52 199 89
-11.4635 -2.1821 1.4314 52 199 89
-11.3311 -2.3426 -3.2622 52 199 89
-11.3330 -2.3145 -3.2558 52 199 89
-11.4744 -2.9840 1.1957 52 199 89
-11.4318 -2.2348 1.3503 52 199 89
-11.3389 -2.3269 -3.2301 52 199 89
-11.3825 -2.2106 1.3097 52 199 89
-11.3507 -2.3635 -3.1703 52 199 89
-11.3782 -2.3382 -3.0462 52 199 89
-11.4353 -2.1363 1.2224 52 199 89
-11.3452 -2.2096 -2.9948 52 199 89
-11.4284 -2.1903 1.1291 52 199 89
-11.5802 -2.2789 2.7784 52 199 89
-11.6352 -2.3162 2.9684 52 199 89
-11.6016 -2.3199 2.7880 52 199 89
-11.5383 -2.3373 2.8835 52 199 89
-11.1958 -2.3462 0.0983 52 199 89
-11.5442 -2.5039 2.5730 52 199 89
-11.5100 -2.5186 2.7160 52 199 89
-11.3760 -2.3398 -3.5060 52 199 89
-11.4393 -2.3199 -2.7813 52 199 89
-11.3469 -2.3677 -3.5586 52 199 89
-11.5291 -2.9026 2.6302 52 199 89
-11.2214 -2.3279 0.1177 52 199 89
-11.1528 -2.3180 -0.3796 52 199 89
-11.5471 -2.1564 1.0505 52 199 89
-11.2395 -2.4729 -0.2757 52 199 89
-11.5081 -2.9927 -3.7998 52 199 89
-11.5490 -2.8922 2.4961 52 199 89
-11.3889 -2.1293 1.2277 52 199 89
-11.4024 -2.3256 -3.2352 52 199 89
-11.5188 -2.9130 -3.6174 52 199 89
-11.4462 -2.6053 2.4825 52 199 89
-11.5202 -2.9144 -3.5888 52 199 89
-11.7491 -2.1594 3.0928 52 199 89
-11.3769 -2.3574 -3.6748 52 199 89
-11.5674 -2.0987 2.8576 52 199 89
-11.4035 -2.3912 -3.6509 52 199 89
-11.3729 -2.3869 -3.5763 52 199 89
-11.3747 -2.3722 -3.5731 52 199 89
-11.3886 -2.4115 -3.5378 52 199 89
-11.7108 -2.1938 2.9603 52 199 89
-11.3529 -2.3827 -3.4547 52 199 89
-11.4901 -2.2028 1.4100 52 199 89
-11.4744 -2.1256 2.6436 52 199 89
-11.3629 -2.3795 -3.4075 52 199 89
-11.3344 -2.4022 -3.3215 52 199 89
-11.6190 -2.0907 1.5721 52 199 89
-11.2814 -2.3033 0.2550 52 199 89
-11.4073 -2.3676 -3.4288 52 199 89
-11.6848 -2.0380 1.8254 52 199 89
-11.4595 -2.3997 -2.9812 52 199 89
-11.4638 -2.2885 0.6335 52 199 89
-11.4486 -2.3312 0.5326 52 199 89
-11.4957 -2.8082 0.4858 52 199 89
-11.4528 -2.3808 0.5112 52 199 89
-11.5424 -2.2699 -2.0126 52 199 89
-11.4926 -2.2264 -1.9609 52 199 89
-11.5102 -2.7530 2.3932 52 199 89
-11.3760 -2.3849 -3.6355 52 199 89
-11.5189 -2.6813 -0.2720 52 199 89
-11.4787 -2.2218 -1.9853 52 199 89
-11.2773 -2.2446 -3.6409 52 199 89
-11.4762 -2.3405 2.5409 52 199 89
-11.5803 -2.6465 2.5669 52 199 89
-11.4841 -2.6874 2.5662 52 199 89
-11.3647 -2.3693 -3.4006 52 199 89
-11.3804 -2.3207 -3.5688 52 199 89
-11.3571 -2.3812 -3.6519 52 199 89
-11.4690 -2.3421 -2.7367 52 199 89
-11.5228 -2.3030 -2.7764 52 199 89
-11.3593 -2.2033 -3.1830 52 199 89
-11.5109 -2.3125 2.6749 52 199 89
-11.5543 -2.8990 2.6561 52 199 89
-11.4760 -2.2929 -2.7647 52 199 89
-11.3221 -2.2096 -3.6936 52 199 89
-11.3851 -2.3810 -3.6532 52 199 89
-11.3517 -2.3786 -3.5472 52 199 89
-11.3949 -2.3802 -3.6104 52 199 89
-11.3581 -2.3811 -3.5173 52 199 89
-11.4029 -2.4065 -3.5653 52 199 89
-11.4096 -2.4110 -3.5332 52 199 89
-11.3725 -2.3630 -3.4543 52 199 89
-11.3751 -2.3543 -3.4442 52 199 89
-11.3790 -2.3636 -3.4244 52 199 89
-11.3410 -2.3399 -3.3492 52 199 89
-11.3586 -2.3176 -3.2508 52 199 89
-11.3654 -2.3480 -3.2228 52 199 89
-11.5784 -2.4678 -3.1590 52 199 89
-11.4091 -2.3962 -3.5427 52 199 89
-11.2815 -2.3032 0.1918 52 199 89
-11.3385 -2.2481 0.1805 52 199 89
-11.5460 -2.7195 0.2936 52 199 89
-11.3165 -2.3224 0.3786 52 199 89
-11.5005 -2.7663 0.3859 52 199 89
-11.4632 -2.1589 0.4466 52 199 89
-11.4528 -2.3808 0.5112 52 199 89
-11.5934 -2.4348 2.7043 52 199 89
-11.5118 -2.8005 0.4919 52 199 89
-11.4511 -2.3294 0.5369 52 199 89
-11.4678 -2.9582 2.2636 52 199 89
-11.4551 -2.3157 0.5612 52 199 89
-11.4250 -2.3220 0.5950 52 199 89
-11.4633 -2.3110 2.5451 52 199 89
-11.3729 -2.3357 0.6195 52 199 89
-11.4659 -2.7739 0.6214 52 199 89
-11.4953 -2.1496 1.6508 52 199 89
-11.5396 -2.2890 1.5996 52 199 89
-11.3714 -2.6947 1.3132 52 199 89
-11.4781 -2.1847 1.5116 52 199 89
-11.4533 -2.2213 1.4628 52 199 89
-11.5676 -2.1243 1.1427 52 199 89
-11.4566 -2.2064 1.4265 52 199 89
-11.3645 -2.1983 -3.2315 52 199 89
-11.5013 -2.2144 -1.8348 52 199 89
-11.3407 -2.2571 1.0363 52 199 89
-11.4804 -2.4967 0.1641 52 199 89
-11.4960 -2.6701 2.4599 52 199 89
-11.5241 -2.2713 -2.0203 52 199 89
-11.4848 -2.2129 -2.4557 52 199 89
-11.3349 -2.2921 2.5886 52 199 89
-11.4296 -2.3830 -3.7191 52 199 89
-11.5260 -2.8519 2.5368 52 199 89
-11.5032 -2.6788 2.6379 52 199 89
-11.5103 -2.3201 2.6707 52 199 89
-11.4637 -2.4048 -3.5763 52 199 89
-11.4886 -2.6220 -1.5811 52 199 89
-11.4570 -2.2622 -2.8860 52 199 89
-11.4534 -2.2581 -2.8615 52 199 89
-11.5051 -2.7457 0.4517 52 199 89
-11.4605 -2.3086 -2.8226 52 199 89
-11.3327 -2.2920 -3.8810 52 199 89
-11.3148 -2.2539 -3.9748 52 199 89
-11.5637 -2.3462 2.8004 52 199 89
-11.4034 -2.9473 2.2933 52 199 89
-11.5328 -2.9648 0.7236 52 199 89
-11.4885 -2.5104 2.4997 52 199 89
-11.4642 -2.5978 -1.5693 52 199 89
-11.4886 -2.9441 2.3776 52 199 89
-11.4014 -2.3833 -3.4738 52 199 89
-11.3108 -2.3568 -3.2731 52 199 89
-11.3196 -2.4108 -3.2294 52 199 89
-11.3271 -2.3792 -3.1917 52 199 89
-11.3282 -2.3917 -3.1854 52 199 89
-11.3326 -2.3633 -3.1631 52 199 89
-11.5233 -2.7626 0.6322 52 199 89
-11.3425 -2.3540 -3.1131 52 199 89
-11.3284 -2.3573 0.6134 52 199 89
-11.4077 -2.3307 0.5928 52 199 89
-11.4972 -2.3931 0.4560 52 199 89
-11.3950 -2.4289 -2.8579 52 199 89
-11.4827 -2.4040 0.3993 52 199 89
-11.2402 -2.3292 0.2600 52 199 89
-11.6302 -2.5417 2.6756 52 199 89
-11.3117 -2.2401 -3.9958 52 199 89
-11.7766 -2.2648 2.1394 52 199 89
-11.4322 -2.1930 1.7852 52 199 89
-11.3221 -2.3901 -3.5369 52 199 89
-11.4837 -2.3009 1.5835 52 199 89
-11.4028 -2.3542 1.4769 52 199 89
-11.5156 -2.9447 -3.5169 52 199 89
-11.6166 -2.3467 1.5089 52 199 89
-11.3396 -2.3947 -3.4470 52 199 89
-11.5085 -2.4909 -3.0263 52 199 89
-11.4741 -2.1827 1.0123 52 199 89
-11.3196 -2.3237 -3.2391 52 199 89
-11.4910 -2.9643 0.5948 52 199 89
-11.1910 -2.5006 -0.2563 52 199 89
-11.5529 -2.8593 2.5494 52 199 89
-11.3576 -2.6566 2.3552 52 199 89
-11.3997 -2.2928 -2.8400 52 199 89
-11.4827 -2.5986 2.5377 52 199 89
-11.3853 -2.3320 2.5304 52 199 89
-11.4705 -2.3233 -2.5605 52 199 89
-11.2523 -2.3626 0.3311 52 199 89
-11.4027 -2.3820 2.4531 52 199 89
-11.5739 -2.1111 2.7805 52 199 89
-11.3646 -2.3602 2.3882 52 199 89
-11.5275 -2.4668 0.1399 52 199 89
-11.2758 -2.2857 -3.7829 52 199 89
-11.2755 -2.2478 -3.6916 52 199 89
-11.3478 -2.8026 2.2856 52 199 89
-11.2499 -2.3094 0.9941 52 199 89
-11.3854 -2.2197 1.1148 52 199 89
-11.2115 -2.3664 0.2075 52 199 89
-11.4271 -2.9458 2.3259 52 199 89
-11.4172 -2.2622 2.6851 52 199 89
-11.3745 -2.5646 2.3987 52 199 89
-11.4776 -2.3333 -2.6974 52 199 89
-11.6297 -2.7980 2.6281 52 199 89
-11.3714 -2.4261 -2.9702 52 199 89
-11.4267 -2.6396 -1.5051 52 199 89
-11.4701 -2.5014 0.1345 52 199 89
-11.2465 -2.6518 -0.9557 52 199 89
-11.3232 -2.2714 -3.8726 52 199 89
-11.4378 -2.3661 -3.7037 52 199 89
-11.6749 -2.8730 2.6210 52 199 89
-11.3831 -2.3756 -3.5598 52 199 89
-11.4493 -2.3942 -3.6442 52 199 89
-11.6366 -2.8929 2.7521 52 199 89
-11.5743 -2.2857 2.7381 52 199 89
-11.3351 -2.3699 -3.4120 52 199 89
-11.3437 -2.3788 -3.3634 52 199 89
-11.4028 -2.3826 -3.4721 52 199 89
-11.4037 -2.3984 -3.4630 52 199 89
-11.5437 -2.2936 1.5345 52 199 89
-11.5185 -2.3854 1.4586 52 199 89
-11.3612 -2.3756 -3.2800 52 199 89
-11.4696 -2.4543 -3.1767 52 199 89
-11.3143 -2.3598 0.6177 52 199 89
-11.5782 -2.3992 -3.1947 52 199 89
-11.4062 -2.3916 0.4340 52 199 89
-11.5337 -2.3835 0.3998 52 199 89
-11.3559 -2.3058 0.3402 52 199 89
-11.5390 -2.7508 0.2260 52 199 89
-11.4279 -2.6302 -1.5373 52 199 89
-11.5531 -2.1350 2.9543 52 199 89
-11.6043 -2.8536 2.6245 52 199 89
-11.5044 -2.5907 2.5885 52 199 89
-11.3331 -2.2822 -3.8260 52 199 89
-11.5384 -2.4320 2.6862 52 199 89
-11.6238 -2.2930 2.8704 52 199 89
-11.3256 -2.3530 -3.5222 52 199 89
-11.5191 -2.6665 2.4789 52 199 89
-11.4948 -2.2102 -2.4832 52 199 89
-11.3504 -2.3085 -3.3343 52 199 89
-11.4873 -2.2917 -2.7586 52 199 89
-11.4234 -2.3148 -3.4020 52 199 89
-11.4689 -2.3579 -2.8253 52 199 89
-11.4780 -2.3597 -2.3945 52 199 89
-11.4568 -2.7360 2.5465 52 199 89
-11.3121 -2.3091 -3.7319 52 199 89
-11.3941 -2.5977 2.4958 52 199 89
-11.3423 -2.4718 0.0964 52 199 89
-11.4950 -2.8253 2.3795 52 199 89
-11.5591 -2.8842 2.4641 52 199 89
-11.6184 -2.3344 1.8653 52 199 89
-11.4888 -2.3069 1.5660 52 199 89
-11.4732 -2.2990 1.5568 52 199 89
-11.3734 -2.3388 -3.6933 52 199 89
-11.3527 -2.3902 -3.4726 52 199 89
-11.4858 -2.8191 0.7595 52 199 89
-11.3931 -2.4033 -3.4336 52 199 89
-11.4372 -2.7402 0.3323 52 199 89
-11.3785 -2.4218 -2.9669 52 199 89
-11.4512 -2.2655 -2.9123 52 199 89
-11.3320 -2.4183 2.3450 52 199 89
-11.3161 -2.3243 -3.9041 52 199 89
-11.1381 -2.5261 -0.2221 52 199 89
-11.4228 -2.3896 -3.6820 52 199 89
-11.3364 -2.3432 -3.4034 52 199 89
-11.3470 -2.2870 -3.8930 52 199 89
-11.4873 -2.2917 -2.7586 52 199 89
-11.3226 -2.5785 2.4172 52 199 89
-11.4111 -2.2594 -2.3319 52 199 89
-11.5693 -2.6541 2.5462 52 199 89
-13.2244 -2.2708 -0.1639 52 199 89
-13.2250 -2.2922 -0.1458 52 199 89
-13.3009 -2.3693 -0.0684 52 199 89
-13.1117 -2.6738 -1.3419 52 199 89
-13.1158 -2.6799 -1.2886 52 199 89
-12.8850 -2.7818 -1.3262 52 199 89
-13.3312 -2.5927 -1.2090 52 199 89
-13.2949 -2.3690 0.1570 52 199 89
-12.9192 -2.7935 -1.2694 52 199 89
-13.2669 -2.3060 0.1985 52 199 89
-13.2685 -2.2934 0.1283 52 199 89
-13.3267 -2.4603 -0.8865 52 199 89
-13.3065 -2.4277 -0.5017 52 199 89
-13.2375 -2.3065 -0.5236 52 199 89
-13.3222 -2.4622 -0.4427 52 199 89
-13.2672 -2.2760 0.1096 52 199 89
-13.2909 -2.3826 -0.3919 52 199 89
-13.2791 -2.3067 0.2319 52 199 89
-12.5295 -3.0615 -1.1906 52 199 89
-13.3088 -2.4211 -0.9191 52 199 89
-13.2358 -2.3134 -0.1416 52 199 89
-13.3250 -2.4512 -0.4873 52 199 89
-13.3468 -2.5140 -0.4510 52 199 89
-13.2333 -2.2715 -0.4089 52 199 89
-13.2639 -2.3247 -0.4172 52 199 89
-13.3016 -2.3984 -0.9728 52 199 89
-12.9068 -2.8059 -1.2822 52 199 89
-13.3635 -2.5095 -0.0310 52 199 89
-12.6986 -2.9115 -1.2466 52 199 89
-12.8881 -2.5595 2.5934 52 199 89
-13.2333 -2.2715 -0.4089 52 199 89
-12.8813 -2.7777 -1.3225 52 199 89
-12.9167 -2.8001 -1.3420 52 199 89
-12.6169 -2.8037 -1.0298 52 199 89
-13.3079 -2.4205 -0.9080 52 199 89
-13.2979 -2.4031 -0.6246 52 199 89
-13.2553 -2.4221 -2.5556 52 199 89
-13.2637 -2.3818 2.1060 52 199 89
-13.2394 -2.2994 -0.1407 52 199 89
-12.4785 -2.9341 0.0780 52 199 89
-13.2452 -2.4000 -2.5962 52 199 89
-13.2753 -2.4961 -2.4390 52 199 89
-12.6822 -2.8563 -0.9727 52 199 89
-13.2901 -2.3816 -0.9386 52 199 89
-12.8615 -2.7331 -1.4185 52 199 89
-12.8902 -2.7516 -1.3157 52 199 89
-13.2742 -2.4043 2.1204 52 199 89
-13.2974 -2.5041 -2.4096 52 199 89
-12.6828 -2.8548 -0.9549 52 199 89
-12.8636 -2.5797 2.6446 52 199 89
-12.8886 -2.7455 -1.3019 52 199 89
-13.2756 -2.5066 -2.4386 52 199 89
-12.8737 -2.5884 -2.6445 52 199 89
-13.1963 -2.6949 -0.9212 52 199 89
-13.1075 -2.6738 -1.3017 52 199 89
-12.4517 -3.5240 1.5294 52 199 89
-12.6436 -3.1522 -0.3934 52 199 89
-12.4538 -3.5379 1.5305 52 199 89
-12.1835 -3.6945 3.7597 52 199 89
-12.3287 -3.3476 -0.1298 52 199 89
-12.3354 -3.3145 -0.1238 52 199 89
-12.3046 -3.7791 -0.0655 52 199 89
-12.1425 -3.7353 2.4814 52 199 89
-13.0655 -3.9887 1.6628 52 199 89
-13.0326 -3.9664 1.6336 52 199 89
-12.1181 -3.8059 2.5304 52 199 89
-12.3301 -3.7888 -0.0398 52 199 89
-12.2747 -3.6399 -0.5073 52 199 89
-13.0621 -3.9855 1.6025 52 199 89
-13.0737 -3.9773 1.6059 52 199 89
-12.1111 -3.6648 0.8593 52 199 89
-12.2844 -3.7810 0.0157 52 199 89
-13.0335 -3.9691 1.5197 52 199 89
-12.3701 -3.3352 0.0881 52 199 89
-12.4620 -3.2725 3.6936 52 199 89
-12.2190 -3.6742 3.9053 52 199 89
-12.0948 -3.9232 0.9605 52 199 89
-12.1643 -3.8087 3.9217 52 199 89
-12.1766 -3.7289 0.1205 52 199 89
-12.9698 -3.9898 3.7712 52 199 89
-12.3049 -3.7646 0.1199 52 199 89
-12.9807 -3.9713 0.9482 52 199 89
-12.0872 -3.9290 0.9300 52 199 89
-12.2708 -3.4548 3.9712 52 199 89
-12.5811 -3.1177 3.9109 52 199 89
-12.3976 -3.2271 3.8737 52 199 89
-12.5347 -3.0992 0.9057 52 199 89
-12.1562 -3.6687 1.2409 52 199 89
-12.1685 -3.8061 3.9472 52 199 89
-12.5356 -3.1251 0.5719 52 199 89
-12.3893 -3.3425 0.6403 52 199 89
-12.2743 -3.5025 3.9463 52 199 89
-12.5772 -3.1239 0.6043 52 199 89
-12.2214 -3.6234 3.9202 52 199 89
-12.5946 -3.1588 -0.6397 52 199 89
-12.9690 -3.9896 3.9717 52 199 89
-12.1860 -3.6151 3.8985 52 199 89
-12.3220 -3.3426 3.8172 52 199 89
-12.3595 -3.3549 3.7316 52 199 89
-12.3384 -3.3394 3.7870 52 199 89
-12.4004 -3.2854 3.8609 52 199 89
-12.1415 -3.8498 3.8418 52 199 89
-12.1393 -3.8775 3.9964 52 199 89
-12.9805 -3.9737 1.1180 52 199 89
-12.2150 -3.6007 3.8675 52 199 89
-12.5293 -3.1060 0.6519 52 199 89
-12.9627 -3.9934 3.9982 52 199 89
-12.5797 -3.1041 3.4871 52 199 89
-12.4085 -3.2388 3.9136 52 199 89
-12.2897 -3.4480 3.8731 52 199 89
-12.1529 -3.8416 3.8571 52 199 89
-12.3722 -3.3358 3.9272 52 199 89
-13.0233 -4.0143 1.0311 52 199 89
-12.5040 -3.8331 -1.4717 52 199 89
-12.3826 -3.1677 3.8735 52 199 89
-12.1403 -3.8513 3.8917 52 199 89
-12.5133 -3.1553 3.8010 52 199 89
-12.1655 -3.8073 3.8718 52 199 89
-13.0126 -3.9703 2.2531 52 199 89
-12.1450 -3.7340 2.2728 52 199 89
-12.3308 -3.9305 -0.3152 52 199 89
-12.3375 -3.3612 -0.3033 52 199 89
-12.3114 -3.3470 -0.2783 52 199 89
-12.6065 -3.1201 -0.2380 52 199 89
-12.1256 -3.8257 2.0041 52 199 89
-13.0152 -3.9834 2.0086 52 199 89
-12.1467 -3.8006 1.9401 52 199 89
-12.0801 -3.8272 1.9726 52 199 89
-12.4473 -3.5417 1.5926 52 199 89
-12.1372 -3.7081 1.8339 52 199 89
-12.3504 -3.3163 -0.1755 52 199 89
-12.1086 -3.9180 1.7690 52 199 89
-12.4564 -3.5180 1.5487 52 199 89
-12.7034 -3.9564 -0.1362 52 199 89
-12.3029 -3.4444 3.8969 52 199 89
-12.3433 -3.3419 -0.4066 52 199 89
-12.3150 -3.9330 -0.2010 52 199 89
-12.5898 -3.1275 3.9128 52 199 89
-12.3432 -3.3182 -0.1767 52 199 89
-12.1976 -3.6859 3.8919 52 199 89
-12.9721 -3.9797 1.1162 52 199 89
-12.1410 -3.6634 0.9859 52 199 89
-12.3485 -3.2653 3.9062 52 199 89
-12.2326 -3.8093 3.7980 52 199 89
-12.5538 -3.1395 3.6977 52 199 89
-12.6414 -3.1692 -0.9117 52 199 89
-12.3278 -3.3624 -1.5208 52 199 89
-12.6351 -3.1446 -0.1456 52 199 89
-12.2038 -3.6823 3.8820 52 199 89
-12.2561 -3.7463 3.9495 52 199 89
-12.1308 -3.8316 3.8429 52 199 89
-12.2202 -3.6489 3.9207 52 199 89
-12.1698 -3.7781 3.8027 52 199 89
-12.5660 -3.1013 3.5160 52 199 89
-12.2835 -3.6533 -0.5296 52 199 89
-12.1554 -3.8858 3.8821 52 199 89
-12.2077 -3.7006 3.9257 52 199 89
-12.2686 -3.5346 3.9229 52 199 89
-12.3568 -3.3645 -0.1658 52 199 89
-12.2814 -3.4587 3.9561 52 199 89
-12.1383 -3.6650 1.2467 52 199 89
-12.5631 -3.1343 1.0810 52 199 89
-12.3644 -3.3638 -0.1269 52 199 89
-12.3219 -3.3085 -0.1260 52 199 89
-13.0092 -3.9856 1.1944 52 199 89
-12.3054 -3.7865 -0.1023 52 199 89
-12.3652 -3.2815 0.4432 52 199 89
-12.1991 -3.6760 3.9803 52 199 89
-12.1348 -3.8395 3.8783 52 199 89
-12.1347 -3.6642 1.1279 52 199 89
-12.5719 -3.1253 3.9318 52 199 89
-12.9792 -4.0103 1.0715 52 199 89
-13.0166 -3.9777 1.5781 52 199 89
-12.1622 -3.7125 -0.0566 52 199 89
-12.1986 -3.8260 3.8654 52 199 89
-12.1127 -3.9118 1.5416 52 199 89
-12.3414 -3.3639 -0.3020 52 199 89
-12.1328 -3.6617 0.9880 52 199 89
-12.0850 -3.9229 0.9664 52 199 89
-12.4940 -3.2621 3.9731 52 199 89
-12.2031 -3.7036 3.9523 52 199 89
-12.3391 -3.3102 -0.2677 52 199 89
-12.3144 -3.4484 3.9149 52 199 89
-12.3260 -3.3324 3.8291 52 199 89
-12.2292 -3.6592 3.9305 52 199 89
-12.1852 -3.8041 3.8984 52 199 89
-12.9620 -4.0191 0.8642 52 199 89
-12.1043 -3.6586 0.8884 52 199 89
-12.3794 -3.3304 -0.1822 52 199 89
-12.3792 -3.3345 0.4749 52 199 89
-12.3705 -3.3324 0.0898 52 199 89
-12.1625 -3.8809 3.9286 52 199 89
-12.2455 -3.6493 3.8088 52 199 89
-12.6229 -3.1736 -0.9918 52 199 89
-12.0934 -3.9293 0.9425 52 199 89
-13.0620 -3.9904 1.6618 52 199 89
-12.2946 -3.9286 -0.3269 52 199 89
-12.3498 -3.9247 -0.3304 52 199 89
-12.4059 -3.2374 3.8399 52 199 89
-12.3997 -3.2404 3.8410 52 199 89
-12.2061 -3.6716 3.9303 52 199 89
-12.1438 -3.8048 3.9532 52 199 89
-13.0211 -4.0166 1.7275 52 199 89
-12.2018 -3.6436 3.9390 52 199 89
-12.4579 -3.5278 1.5346 52 199 89
-12.4781 -3.5260 1.5100 52 199 89
-12.1651 -3.8481 3.8698 52 199 89
-12.5931 -3.6848 -1.7296 52 199 89
-12.1049 -3.9169 1.7710 52 199 89
-12.3573 -3.1524 3.9397 52 199 89
-12.5732 -3.1242 1.6199 52 199 89
-12.2051 -3.6111 3.9159 52 199 89
-12.1946 -3.6165 3.9333 52 199 89
-12.0854 -3.7947 1.8922 52 199 89
-12.1731 -3.8138 3.8298 52 199 89
-12.0961 -3.7061 1.9100 52 199 89
-12.1322 -3.7988 1.9512 52 199 89
-12.1021 -3.8223 2.0317 52 199 89
-12.0959 -3.7945 2.0476 52 199 89
-12.5641 -3.1437 0.5004 52 199 89
-13.0908 -3.9868 2.3100 52 199 89
-12.3580 -3.3542 3.7319 52 199 89
-12.2662 -3.5233 3.7970 52 199 89
-12.1442 -3.8269 2.2421 52 199 89
-12.2513 -3.6575 -1.0531 52 199 89
-12.6090 -3.1682 -0.6299 52 199 89
-12.5804 -3.1423 -0.7087 52 199 89
-12.1292 -3.8083 2.3451 52 199 89
-12.1477 -3.8612 3.6930 52 199 89
-12.1319 -3.8710 3.7068 52 199 89
-13.0460 -3.9965 2.4301 52 199 89
-12.1046 -3.7899 1.9863 52 199 89
-12.4488 -3.5319 1.5756 52 199 89
-12.4044 -3.2387 3.9361 52 199 89
-12.3388 -3.5244 3.7647 52 199 89
-12.1392 -3.6672 1.0348 52 199 89
-12.1487 -3.7977 3.8209 52 199 89
-12.1386 -3.7323 2.2954 52 199 89
-13.0145 -3.9803 1.8227 52 199 89
-12.4968 -3.8296 -1.4718 52 199 89
-12.0832 -3.6666 0.6242 52 199 89
-12.1362 -3.6666 0.9356 52 199 89
-12.5475 -3.1235 0.6902 52 199 89
-12.2269 -3.6748 3.9913 52 199 89
-12.3157 -3.3067 -0.1069 52 199 89
-12.1492 -3.8298 3.9343 52 199 89
-12.5906 -3.1475 -0.7032 52 199 89
-12.4485 -3.3131 0.6802 52 199 89
-12.5403 -3.0995 0.6130 52 199 89
-12.3439 -3.3140 -0.2223 52 199 89
-12.6130 -3.1709 -0.6258 52 199 89
-12.2638 -3.7770 0.0128 52 199 89
-12.2204 -3.5107 3.8501 52 199 89
-12.1793 -3.6814 3.8031 52 199 89
-12.4024 -3.3454 0.4682 52 199 89
-12.3383 -3.9353 -0.2019 52 199 89
-12.1533 -3.8816 3.9374 52 199 89
-12.1168 -3.8697 3.7381 52 199 89
-12.1318 -3.8165 2.6489 52 199 89
-12.1509 -3.7271 2.5940 52 199 89
-12.1398 -3.8083 2.5010 52 199 89
-12.4351 -3.5210 1.5536 52 199 89
-12.3788 -3.3367 0.0899 52 199 89
-12.1368 -3.7340 2.4896 52 199 89
-13.0350 -3.9948 2.4214 52 199 89
-12.3157 -3.3532 -0.2956 52 199 89
-12.3728 -3.2862 0.0788 52 199 89
-12.1518 -3.8317 0.1503 52 199 89
-12.1144 -3.8235 2.0152 52 199 89
-12.3228 -3.3379 3.8142 52 199 89
-12.1085 -3.8275 1.9957 52 199 89
-12.2717 -3.5285 3.9689 52 199 89
-12.1048 -3.8293 1.9509 52 199 89
-12.4279 -3.1927 3.8527 52 199 89
-12.0949 -3.7957 1.8750 52 199 89
-12.1677 -3.7158 1.7981 52 199 89
-12.6544 -3.9714 -0.2067 52 199 89
-12.3322 -3.3161 -0.2477 52 199 89
-12.1370 -3.9194 1.7404 52 199 89
-13.0308 -4.0206 1.7433 52 199 89
-12.3290 -3.3439 -0.0737 52 199 89
-12.9844 -3.9990 1.6674 52 199 89
-12.9595 -4.0160 1.6593 52 199 89
-12.4358 -3.1947 3.9698 52 199 89
-12.3421 -3.3183 -0.1301 52 199 89
-12.3724 -3.9370 -0.2827 52 199 89
-12.1060 -3.7902 1.9870 52 199 89
-12.5702 -3.1387 1.0729 52 199 89
-12.3412 -3.3520 -0.1290 52 199 89
-12.1370 -3.9148 1.6782 52 199 89
-12.4959 -3.2308 3.7322 52 199 89
-12.6218 -3.1747 -0.7673 52 199 89
-12.1367 -3.8221 3.9319 52 199 89
-12.1770 -3.7546 3.8861 52 199 89
-12.9669 -3.9952 3.7599 52 199 89
-12.5370 -3.1725 3.7395 52 199 89
-12.2610 -3.5324 3.9420 52 199 89
-12.2543 -3.6448 -0.5416 52 199 89
-12.5682 -3.1471 0.5005 52 199 89
-12.3992 -3.1617 3.8534 52 199 89
-12.1383 -3.9288 3.8193 52 199 89
-12.5631 -3.1338 0.6877 52 199 89
-13.0342 -3.9832 1.8362 52 199 89
-12.1960 -3.8827 3.7813 52 199 89
-12.3804 -3.3397 -0.3369 52 199 89
-12.1300 -3.8259 3.8250 52 199 89
-12.1537 -3.8463 3.8577 52 199 89
-12.5374 -3.1315 1.5630 52 199 89
-12.1877 -3.8210 3.7842 52 199 89
-12.3464 -3.3697 -1.5174 52 199 89
-12.5859 -3.1471 0.5879 52 199 89
-12.2227 -3.6555 3.8634 52 199 89
-12.5374 -3.1264 0.5680 52 199 89
-12.2251 -3.6536 3.8138 52 199 89
-12.5212 -3.1519 -0.0977 52 199 89
-12.2803 -3.4527 3.9936 52 199 89
-12.1558 -3.8420 3.8445 52 199 89
-12.3529 -3.3521 -0.3890 52 199 89
-12.1291 -3.6613 1.0021 52 199 89
-12.2285 -4.0709 -1.3888 52 199 89
-12.1226 -3.6623 0.8831 52 199 89
-12.1587 -3.8066 3.9219 52 199 89
-12.2372 -3.5775 3.9120 52 199 89
-12.2393 -3.6107 3.7919 52 199 89
-12.7329 -3.2928 -2.6576 52 199 89
-12.2178 -3.5867 3.9448 52 199 89
-12.4100 -3.2928 3.7628 52 199 89
-12.2692 -3.4946 3.9984 52 199 89
-12.4919 -3.9370 -0.5988 52 199 89
-12.2977 -3.4468 3.9388 52 199 89
-12.3044 -3.4134 3.9607 52 199 89
-12.5195 -3.1188 3.7877 52 199 89
-12.1445 -3.8521 3.9998 52 199 89
-12.2475 -3.5207 3.8280 52 199 89
-12.1873 -3.6838 3.8211 52 199 89
-12.2555 -3.8827 3.4741 52 199 89
-12.1087 -3.8709 3.7625 52 199 89
-12.1142 -3.7211 2.6319 52 199 89
-12.1233 -3.8064 2.5249 52 199 89
-12.0635 -3.8054 2.3708 52 199 89
-12.0990 -3.8201 2.3190 52 199 89
-12.1273 -3.8012 1.9962 52 199 89
-12.0924 -3.8191 2.0380 52 199 89
-12.0853 -3.8239 2.0144 52 199 89
-12.5397 -3.1254 1.6613 52 199 89
-12.4531 -3.5209 1.5763 52 199 89
-12.1230 -3.7080 1.8297 52 199 89
-12.0900 -3.9176 1.7649 52 199 89
-13.1034 -4.0329 1.8006 52 199 89
-12.6158 -3.6915 -1.6861 52 199 89
-12.4516 -3.2032 3.9368 52 199 89
-12.6795 -3.4956 -1.6474 52 199 89
-12.6277 -3.1830 -0.6720 52 199 89
-13.0369 -4.0182 1.0044 52 199 89
-12.0779 -3.9277 0.8880 52 199 89
-12.4628 -3.0654 0.6073 52 199 89
-12.5323 -3.1232 0.5718 52 199 89
-12.5543 -3.1380 0.5019 52 199 89
-12.4146 -3.3071 0.4490 52 199 89
-12.2413 -3.6301 -0.5526 52 199 89
-12.3872 -3.3485 -0.4349 52 199 89
-12.3457 -3.3632 -0.3767 52 199 89
-12.3879 -3.9277 -0.3212 52 199 89
-12.3604 -3.2815 0.0877 52 199 89
-12.4440 -3.2018 3.8470 52 199 89
-12.2132 -3.7367 0.0669 52 199 89
-12.3217 -3.3135 -0.3621 52 199 89
-12.3058 -3.7870 0.0192 52 199 89
-12.2542 -3.9168 -0.2605 52 199 89
-12.1467 -3.8448 3.9867 52 199 89
-12.1148 -3.7001 -0.0105 52 199 89
-12.2943 -3.7767 -0.0313 52 199 89
-12.2757 -3.3205 -0.0735 52 199 89
-12.2992 -3.3480 -0.2673 52 199 89
-12.1770 -3.7141 -0.1035 52 199 89
-12.3539 -3.9361 -0.1944 52 199 89
-12.1512 -3.8823 3.9365 52 199 89
-12.4499 -3.2051 3.7662 52 199 89
-12.3721 -3.3325 -0.1162 52 199 89
-12.2933 -3.3318 -0.1371 52 199 89
-12.3367 -3.3555 -0.2168 52 199 89
-12.3972 -3.3384 -0.2055 52 199 89
-12.2495 -3.5213 3.9358 52 199 89
-12.4627 -3.2005 3.7032 52 199 89
-12.2854 -3.6310 3.6921 52 199 89
-12.5541 -3.1722 3.6404 52 199 89
-12.4634 -3.1053 0.6302 52 199 89
-12.4164 -3.3173 3.8211 52 199 89
-12.5094 -3.1238 -0.4663 52 199 89
-12.4193 -3.2441 3.8276 52 199 89
-12.4524 -3.1105 -0.4364 52 199 89
-12.3728 -3.3537 -0.4121 52 199 89
-12.4677 -3.2776 3.9257 52 199 89
-12.1528 -3.8400 3.9498 52 199 89
-12.2884 -3.4651 3.9242 52 199 89
-12.1620 -3.8329 3.9081 52 199 89
-12.5081 -3.1419 -0.1154 52 199 89
-12.3884 -3.2809 3.8235 52 199 89
-12.1669 -3.6939 3.9816 52 199 89
-12.1937 -3.8098 3.8327 52 199 89
-12.1426 -3.8470 3.9095 52 199 89
-12.3254 -3.4553 3.7907 52 199 89
-12.1361 -3.7615 3.9541 52 199 89
-12.5421 -3.1326 1.3245 52 199 89
-12.2748 -4.0608 -1.7855 52 199 89
-12.7251 -3.2889 -2.6809 52 199 89
-12.5589 -3.1323 1.0846 52 199 89
-12.2575 -3.6581 -1.0465 52 199 89
-12.5438 -3.1714 3.6877 52 199 89
-12.5398 -3.1283 0.6723 52 199 89
-12.0956 -3.9295 3.9184 52 199 89
-12.4626 -3.1270 3.9158 52 199 89
-12.5475 -3.2073 3.7549 52 199 89
-12.4920 -3.1111 3.8555 52 199 89
-12.5759 -3.6588 -1.7474 52 199 89
-12.2816 -3.6394 -0.5039 52 199 89
-12.4294 -3.1976 3.7745 52 199 89
-12.4843 -3.5490 1.4948 52 199 89
-12.8965 -3.9990 1.6911 52 199 89
-12.1126 -3.9183 1.7538 52 199 89
-12.1316 -3.7967 1.8430 52 199 89
-12.0998 -3.8230 2.0012 52 199 89
-12.1721 -3.8312 3.7339 52 199 89
-12.1635 -3.7253 2.5328 52 199 89
-12.2699 -3.7554 2.3213 52 199 89
-12.1456 -3.7357 2.4825 52 199 89
-12.2724 -3.7692 -0.0368 52 199 89
-12.3780 -3.3281 -0.2099 52 199 89
-12.4386 -3.1992 3.8517 52 199 89
-12.3890 -3.4242 -1.4546 52 199 89
-12.3583 -3.3261 0.0979 52 199 89
-12.4228 -3.3108 0.0999 52 199 89
-12.1323 -3.8280 0.1904 52 199 89
-12.2599 -3.3324 -0.2652 52 199 89
-12.4185 -3.9290 -0.3243 52 199 89
-12.2647 -3.6485 -0.5417 52 199 89
-12.5326 -3.1389 -0.4511 52 199 89
-12.1588 -3.8460 3.8668 52 199 89
-12.5060 -3.1432 -0.3973 52 199 89
-12.2263 -3.6448 3.8878 52 199 89
-12.2422 -3.6875 3.9570 52 199 89
-12.5328 -3.1570 -0.1105 52 199 89
-12.2957 -3.3834 -1.2931 52 199 89
-12.5189 -3.1629 3.6349 52 199 89
-12.1895 -3.8204 3.8719 52 199 89
-12.2272 -3.6450 3.9524 52 199 89
-12.2414 -3.6873 3.8932 52 199 89
-12.1842 -3.8129 2.3356 52 199 89
-12.0756 -3.7761 2.1635 52 199 89
-12.2344 -3.6891 3.7088 52 199 89
-12.2056 -3.6029 3.8910 52 199 89
-12.1177 -3.8189 3.9509 52 199 89
-12.4519 -3.2186 3.9409 52 199 89
-12.1873 -3.6666 3.9853 52 199 89
-12.3127 -3.5082 3.9069 52 199 89
-12.5259 -3.1602 3.7303 52 199 89
-12.5198 -3.1180 1.3379 52 199 89
-12.6295 -3.4085 -1.4976 52 199 89
-12.1894 -3.7691 3.8752 52 199 89
-12.1417 -3.8019 3.9485 52 199 89
-12.2129 -3.7806 3.9479 52 199 89
-12.2710 -3.6501 -0.3767 52 199 89
-12.2240 -3.5939 3.8607 52 199 89
-12.1754 -3.8821 3.8898 52 199 89
-12.5050 -3.1194 3.8195 52 199 89
-12.5538 -3.2043 3.6403 52 199 89
-12.2486 -3.7631 -0.0403 52 199 89
-12.2119 -3.6339 -0.5635 52 199 89
-12.2982 -3.6417 -0.4914 52 199 89
-12.2342 -3.3198 -0.2534 52 199 89
-12.3468 -3.3366 -0.4669 52 199 89
-12.3650 -3.6643 -0.3320 52 199 89
-12.4781 -3.1230 -0.3858 52 199 89
-12.2985 -3.2943 -0.4054 52 199 89
-12.4369 -3.1979 3.8635 52 199 89
-12.4802 -3.1382 3.7204 52 199 89
-12.4551 -3.1909 3.7342 52 199 89
-12.4162 -3.1904 3.8128 52 199 89
-12.3193 -3.4921 3.7580 52 199 89
-12.1804 -3.6771 3.8659 52 199 89
-12.0779 -3.8066 2.7203 52 199 89
-12.1835 -3.7332 2.5745 52 199 89
-12.1520 -3.8229 2.3131 52 199 89
-12.4451 -3.4506 2.0885 52 199 89
-12.1126 -3.7825 2.1269 52 199 89
-12.0277 -3.8158 1.9832 52 199 89
-12.4427 -3.5028 1.6527 52 199 89
-12.1183 -3.7059 1.8560 52 199 89
-12.4933 -3.5505 1.4792 52 199 89
-12.1199 -3.9127 1.6054 52 199 89
-12.4136 -3.2891 0.6873 52 199 89
-12.4794 -3.3412 0.4600 52 199 89
-12.5796 -3.1826 0.3468 52 199 89
-12.3538 -3.3529 -0.0300 52 199 89
-12.1926 -3.6065 3.8902 52 199 89
-12.5024 -3.1344 -0.1508 52 199 89
-12.5299 -3.1975 3.7994 52 199 89
-12.4452 -3.2483 3.9430 52 199 89
-12.1308 -3.7257 0.1286 52 199 89
-12.4149 -3.6165 3.6983 52 199 89
-12.5664 -3.1994 3.6479 52 199 89
-12.5528 -3.2033 3.6561 52 199 89
-12.4253 -3.3567 3.8296 52 199 89
-12.5219 -3.1428 0.5794 52 199 89
-12.2491 -3.7595 3.9061 52 199 89
-12.2143 -3.6601 3.9713 52 199 89
-12.2135 -3.6385 -0.4012 52 199 89
-12.1525 -3.7646 3.9632 52 199 89
-12.1677 -3.8134 3.9177 52 199 89
-12.2855 -3.6741 -1.1108 52 199 89
-12.3280 -3.6738 -0.9985 52 199 89
-12.4193 -3.2921 0.6815 52 199 89
-12.3767 -3.2913 0.4583 52 199 89
-12.4809 -3.3814 0.0720 52 199 89
-12.1592 -3.7094 0.0320 52 199 89
-12.3770 -3.3663 -0.0349 52 199 89
-12.3212 -3.7743 -0.1527 52 199 89
-12.4152 -3.3484 -0.2141 52 199 89
-12.3672 -3.3619 -0.2233 52 199 89
-12.3803 -3.1706 3.9795 52 199 89
-12.4045 -3.3434 -0.4006 52 199 89
-12.3842 -3.3491 -0.4064 52 199 89
-12.4262 -3.1703 3.7914 52 199 89
-12.1766 -3.7335 2.5669 52 199 89
-12.0546 -3.8185 1.9488 52 199 89
-12.0935 -3.7048 1.8484 52 199 89
-12.2037 -3.6530 3.8043 52 199 89
-12.4852 -3.2386 3.8499 52 199 89
-12.3508 -3.3966 2.3735 52 199 89
-12.3043 -3.6504 -0.3580 52 199 89
-12.2243 -3.6225 -0.5760 52 199 89
-12.2915 -3.6519 -0.5465 52 199 89
-12.3633 -3.3115 3.8665 52 199 89
-12.1089 -3.7914 3.9951 52 199 89
-12.4975 -3.1766 3.8694 52 199 89
-12.1420 -3.8471 3.9868 52 199 89
-12.1578 -3.8347 3.9149 52 199 89
-12.1745 -3.3469 2.4084 52 199 89
-12.6066 -3.3967 -1.5316 52 199 89
-12.7060 -3.5097 -1.6662 52 199 89
-12.2840 -3.6840 3.9957 52 199 89
-12.2111 -3.6446 -1.0763 52 199 89
-12.1445 -3.7673 3.9894 52 199 89
-12.4117 -3.7535 -1.1075 52 199 89
-12.4233 -3.3421 -0.9633 52 199 89
-12.3800 -3.5560 -3.5413 52 199 89
-12.5827 -3.3797 -1.3832 52 199 89
-12.1521 -3.7085 0.0417 52 199 89
-12.3526 -3.3729 -0.2020 52 199 89
-12.2573 -3.2750 -0.2566 52 199 89
-12.4413 -3.2062 3.8281 52 199 89
-12.0566 -3.7894 2.6101 52 199 89
-12.3164 -3.3826 2.4068 52 199 89
-12.1333 -3.7353 2.4786 52 199 89
-12.0332 -3.8045 2.5090 52 199 89
-12.4227 -3.4303 2.0958 52 199 89
-12.3538 -3.3861 2.1071 52 199 89
-12.0377 -3.7927 2.0756 52 199 89
-12.1257 -3.8259 1.9788 52 199 89
-12.0486 -3.7820 1.9454 52 199 89
-12.5057 -3.3376 0.6332 52 199 89
-12.5120 -3.3581 0.5006 52 199 89
-12.1134 -3.8357 0.2171 52 199 89
-12.3544 -3.2701 0.1663 52 199 89
-12.3836 -3.2974 0.1382 52 199 89
-12.3069 -3.7938 0.0779 52 199 89
-12.5411 -3.2161 3.5380 52 199 89
-12.1874 -3.8003 3.8414 52 199 89
-12.5184 -3.2144 3.5318 52 199 89
-12.4655 -3.6803 -0.2639 52 199 89
-12.2797 -3.6374 -0.5386 52 199 89
-12.3623 -3.3586 -0.4826 52 199 89
-12.2402 -3.6807 3.8754 52 199 89
-12.0455 -3.7874 0.0978 52 199 89
-12.0688 -3.6571 0.7528 52 199 89
-11.5304 -2.8019 1.9156 52 199 89
-11.6236 -3.1352 1.8225 52 199 89
-11.6058 -3.0123 1.9110 52 199 89
-11.5305 -2.8826 -3.7686 52 199 89
-11.5862 -2.9434 1.8423 52 199 89
-11.6221 -3.2196 2.0130 52 199 89
-11.6227 -3.1378 1.8129 52 199 89
-11.6254 -3.1261 1.8183 52 199 89
-11.6281 -3.2255 1.9894 52 199 89
-11.6431 -3.3634 2.0429 52 199 89
-11.6297 -2.8769 1.9671 52 199 89
-11.6123 -3.0738 1.9994 52 199 89
-11.5463 -2.8777 1.7979 52 199 89
-11.5183 -2.8291 -3.6365 52 199 89
-11.5913 -2.9356 1.6967 52 199 89
-11.6407 -3.3218 1.7777 52 199 89
-11.6011 -3.2137 -0.2313 52 199 89
-11.5748 -2.7855 1.6976 52 199 89
-11.6355 -3.2147 1.8715 52 199 89
-11.5731 -2.8261 1.1294 52 199 89
-11.5683 -3.2754 0.0661 52 199 89
-11.6313 -3.3151 1.7641 52 199 89
-11.6133 -3.0674 1.8325 52 199 89
-11.5696 -2.8790 1.8666 52 199 89
-11.5855 -2.8304 0.9988 52 199 89
-11.5980 -3.0620 1.8139 52 199 89
-11.5334 -2.8976 -3.7990 52 199 89
-11.5138 -2.8551 -3.7509 52 199 89
-11.5317 -2.8902 -3.7616 52 199 89
-11.5409 -2.7878 1.7638 52 199 89
-11.5842 -2.8283 0.9822 52 199 89
-11.6275 -2.9293 0.2396 52 199 89
-11.5190 -2.8294 -3.7196 52 199 89
-11.5283 -2.8777 -3.7214 52 199 89
-11.5698 -2.9348 1.9307 52 199 89
-11.5326 -2.8830 -3.7297 52 199 89
-11.5253 -2.8605 -3.6991 52 199 89
-11.5214 -2.8234 -3.6997 52 199 89
-11.6277 -3.1741 1.9432 52 199 89
-11.4885 -3.1364 0.5644 52 199 89
-11.5252 -2.8724 -3.6913 52 199 89
-11.5121 -2.8329 -3.6454 52 199 89
-11.5142 -2.8376 -3.6423 52 199 89
-11.5223 -2.8186 -3.6663 52 199 89
-11.6109 -3.0380 1.8857 52 199 89
-11.5303 -2.8230 -3.6860 52 199 89
-11.5216 -2.8674 -3.6244 52 199 89
-11.5241 -2.8140 -3.6512 52 199 89
-11.5270 -2.8160 -3.6438 52 199 89
-11.6122 -2.8349 1.7973 52 199 89
-11.5267 -2.8573 -3.6147 52 199 89
-11.5268 -2.8193 -3.6105 52 199 89
-11.5201 -2.8560 -3.5751 52 199 89
-11.5217 -2.8466 -3.5695 52 199 89
-11.5209 -2.8488 -3.5427 52 199 89
-11.5340 -2.8355 -3.5630 52 199 89
-11.5245 -2.8411 -3.5113 52 199 89
-11.5346 -2.8390 -3.4268 52 199 89
-11.5784 -2.9368 1.6696 52 199 89
-11.6227 -3.0323 1.9541 52 199 89
-11.6037 -3.0090 1.8615 52 199 89
-11.6367 -3.3196 1.7914 52 199 89
-11.5916 -2.9947 1.7506 52 199 89
-11.5955 -2.8346 0.8482 52 199 89
-11.5730 -2.8183 0.8261 52 199 89
-11.6387 -2.9220 0.2025 52 199 89
-11.5939 -2.8365 0.8153 52 199 89
-11.6359 -3.3585 1.8163 52 199 89
-11.5593 -2.8469 0.7675 52 199 89
-11.5100 -2.8387 -3.6013 52 199 89
-11.5257 -2.8191 -3.6539 52 199 89
-11.5929 -3.2143 -0.3067 52 199 89
-11.6377 -3.3027 1.9139 52 199 89
-11.5526 -2.8551 1.7214 52 199 89
-11.6321 -2.7710 -3.1626 52 199 89
-11.6329 -2.9196 0.1601 52 199 89
-11.5859 -2.8619 -3.0646 52 199 89
-11.5980 -3.0033 1.9140 52 199 89
-11.5870 -2.9444 1.8587 52 199 89
-11.6196 -2.9335 0.2882 52 199 89
-11.5165 -2.8430 -3.7277 52 199 89
-11.6402 -3.2594 1.8450 52 199 89
-11.5969 -3.0010 1.8815 52 199 89
-11.5579 -2.8621 1.8271 52 199 89
-11.6312 -3.1931 1.9405 52 199 89
-11.6191 -3.1506 1.9358 52 199 89
-11.3219 -3.2503 -0.9711 52 199 89
-11.6017 -3.0424 1.8611 52 199 89
-11.5761 -2.8054 1.7935 52 199 89
-11.5739 -2.9457 1.8065 52 199 89
-11.6164 -3.1887 1.8822 52 199 89
-11.5867 -3.0198 1.8531 52 199 89
-11.5657 -2.8303 1.7647 52 199 89
-11.5873 -3.0222 1.8690 52 199 89
-11.6179 -3.1277 1.8440 52 199 89
-11.6248 -3.3067 1.9346 52 199 89
-11.6377 -3.3087 1.9676 52 199 89
-11.6250 -3.2195 1.9743 52 199 89
-11.6170 -2.7819 -3.0758 52 199 89
-11.6309 -3.2637 1.8259 52 199 89
-11.6288 -3.0831 1.8976 52 199 89
-11.5760 -2.8302 1.1627 52 199 89
-11.6197 -3.0419 1.9085 52 199 89
-11.5674 -2.8670 1.9048 52 199 89
-11.6216 -3.1808 1.9611 52 199 89
-11.6284 -3.2698 1.8138 52 199 89
-11.6242 -3.2723 1.8352 52 199 89
-11.6230 -3.1757 1.9639 52 199 89
-11.6209 -3.1809 1.9444 52 199 89
-11.5884 -3.0319 1.9075 52 199 89
-11.5885 -2.8511 -3.1364 52 199 89
-11.6278 -2.7420 -3.2543 52 199 89
-11.5782 -2.8503 -3.0814 52 199 89
-11.6253 -2.7386 -3.3571 52 199 89
-11.6235 -2.7462 -3.3742 52 199 89
-11.6300 -2.7768 -3.1382 52 199 89
-11.6201 -3.0883 1.8732 52 199 89
-11.5778 -2.8392 -3.1412 52 199 89
-11.6300 -3.3291 1.9686 52 199 89
-11.6396 -3.3373 1.9486 52 199 89
-11.5973 -2.8530 0.8842 52 199 89
-11.6126 -3.1489 1.8997 52 199 89
-11.6404 -3.2740 1.8364 52 199 89
-11.5587 -2.8656 1.8199 52 199 89
-11.6026 -3.0906 1.8189 52 199 89
-11.6033 -2.9714 1.7963 52 199 89
-11.6288 -3.1715 1.9530 52 199 89
-11.5960 -2.9975 1.8575 52 199 89
-11.5609 -2.9061 1.8234 52 199 89
-11.5993 -2.9549 1.8671 52 199 89
-11.6278 -3.1233 1.8615 52 199 89
-11.5294 -2.7963 -3.7661 52 199 89
-11.6233 -2.7685 -3.0864 52 199 89
-11.5738 -2.8993 1.8531 52 199 89
-11.6207 -3.0832 1.8669 52 199 89
-11.5848 -2.8562 1.8828 52 199 89
-11.5684 -2.8383 1.7511 52 199 89
-11.6354 -3.3112 1.9326 52 199 89
-11.6135 -3.1588 1.8407 52 199 89
-11.5430 -2.8273 1.6930 52 199 89
-11.6311 -3.2322 1.8941 52 199 89
-11.6242 -2.7418 -2.8215 52 199 89
-11.6291 -2.9213 0.1379 52 199 89
-11.5676 -2.8347 1.7663 52 199 89
-11.5407 -3.4294 -0.3917 52 199 89
-11.6271 -3.2349 1.8180 52 199 89
-11.6329 -3.2138 2.0008 52 199 89
-11.6250 -2.7525 -3.3504 52 199 89
-11.6081 -3.0509 1.9060 52 199 89
-11.6072 -2.8002 -3.2246 52 199 89
-11.5842 -2.9017 1.9330 52 199 89
-11.5284 -2.8622 -3.6713 52 199 89
-11.5903 -3.0118 1.8499 52 199 89
-11.6042 -3.2194 -0.1831 52 199 89
-11.5850 -3.2448 -0.1018 52 199 89
-11.6199 -3.0726 2.0063 52 199 89
-11.5707 -3.2819 0.1918 52 199 89
-11.6325 -3.3579 1.8035 52 199 89
-11.6297 -3.1231 1.8647 52 199 89
-11.6513 -3.0302 1.9264 52 199 89
-11.6366 -3.2624 1.8720 52 199 89
-11.5997 -3.0438 1.8895 52 199 89
-11.6274 -3.1549 1.9021 52 199 89
-11.5211 -2.8655 -3.7021 52 199 89
-11.5259 -2.8616 -3.7008 52 199 89
-11.5245 -2.8228 -3.7063 52 199 89
-11.5363 -2.8699 -3.7072 52 199 89
-11.5170 -2.8061 -3.6763 52 199 89
-11.5173 -2.8355 -3.6627 52 199 89
-11.5163 -2.8510 -3.6514 52 199 89
-11.5299 -2.8152 -3.6903 52 199 89
-11.5294 -2.8649 -3.6548 52 199 89
-11.5394 -2.8089 -3.7005 52 199 89
-11.5285 -2.8508 -3.6494 52 199 89
-11.5222 -2.8168 -3.6319 52 199 89
-11.5327 -2.8545 -3.6332 52 199 89
-11.5244 -2.8205 -3.5999 52 199 89
-11.5269 -2.8378 -3.5436 52 199 89
-11.5279 -2.8404 -3.5270 52 199 89
-11.5812 -2.8126 0.8057 52 199 89
-11.5763 -2.9604 -3.5048 52 199 89
-11.5513 -2.8395 -3.4349 52 199 89
-11.5637 -2.8459 0.7445 52 199 89
-11.6197 -2.9002 0.7511 52 199 89
-11.5637 -2.9170 -3.2742 52 199 89
-11.6360 -2.9267 0.2364 52 199 89
-11.5892 -2.8614 -3.0769 52 199 89
-11.5819 -2.9280 1.9705 52 199 89
-11.6200 -3.0788 1.9801 52 199 89
-11.5598 -2.8779 1.8701 52 199 89
-11.5903 -3.3793 1.6211 52 199 89
-11.6394 -2.8729 1.0876 52 199 89
-11.5700 -2.7843 1.9758 52 199 89
-11.5251 -2.8725 -3.6925 52 199 89
-11.5395 -2.8166 -3.7151 52 199 89
-11.6122 -3.1275 1.8022 52 199 89
-11.5965 -3.2124 -0.2496 52 199 89
-11.6118 -3.0680 1.7974 52 199 89
-11.6172 -3.1753 1.9270 52 199 89
-11.6225 -3.1171 1.8218 52 199 89
-11.5229 -2.8340 -3.6351 52 199 89
-11.6366 -3.2141 1.8707 52 199 89
-11.6200 -3.0649 1.9793 52 199 89
-11.6504 -3.3398 1.9473 52 199 89
-11.6225 -3.3257 1.9440 52 199 89
-11.6361 -2.9297 0.2841 52 199 89
-11.6356 -2.9250 0.2741 52 199 89
-11.6176 -2.9277 0.2232 52 199 89
-11.6318 -3.1837 1.9360 52 199 89
-11.5796 -2.8749 1.7653 52 199 89
-11.5788 -2.9458 1.8322 52 199 89
-11.5728 -2.8972 1.8794 52 199 89
-11.6333 -3.0300 1.9705 52 199 89
-11.5605 -2.8823 1.8517 52 199 89
-11.6382 -3.1476 1.9609 52 199 89
-11.5839 -3.2271 -0.3498 52 199 89
-11.5629 -2.8369 1.7648 52 199 89
-11.6090 -3.0942 1.8179 52 199 89
-11.6292 -2.7435 -3.3936 52 199 89
-11.5942 -2.8336 -3.1868 52 199 89
-11.6463 -2.7661 -3.1951 52 199 89
-11.6657 -3.1234 1.9063 52 199 89
-11.5616 -2.8359 1.7353 52 199 89
-11.6359 -3.3311 1.9710 52 199 89
-11.5508 -2.8109 1.7539 52 199 89
-11.6293 -2.9205 0.1854 52 199 89
-11.6180 -3.1767 1.9560 52 199 89
-11.6500 -3.2382 1.8603 52 199 89
-11.5924 -3.0128 1.9087 52 199 89
-11.6029 -3.0039 1.7464 52 199 89
-11.5957 -3.0836 1.8958 52 199 89
-11.5507 -2.8125 1.7257 52 199 89
-11.6378 -3.2765 1.7814 52 199 89
-11.6593 -3.1791 2.0080 52 199 89
-11.5588 -2.8277 1.7519 52 199 89
-11.6222 -3.3606 2.0153 52 199 89
-11.6071 -3.3563 1.9396 52 199 89
-11.5874 -2.8264 1.1724 52 199 89
-11.6207 -3.2275 1.9691 52 199 89
-11.5906 -2.9996 1.8524 52 199 89
-11.6213 -2.8184 -3.0903 52 199 89
-11.5628 -2.8687 1.9005 52 199 89
-11.5782 -2.8583 1.8416 52 199 89
-11.5911 -2.9950 1.8632 52 199 89
-11.6195 -2.7599 -3.1087 52 199 89
-11.6378 -3.2257 2.0091 52 199 89
-11.5816 -3.0392 1.9032 52 199 89
-11.6288 -2.7779 -3.1329 52 199 89
-11.6026 -3.0295 1.9335 52 199 89
-11.6611 -2.8117 -2.4097 52 199 89
-11.6645 -3.1856 1.9313 52 199 89
-11.5544 -2.8172 1.7667 52 199 89
-11.6099 -3.1604 1.9152 52 199 89
-11.6194 -2.7697 -3.0753 52 199 89
-11.6339 -3.2655 1.8303 52 199 89
-11.6502 -3.0336 1.9146 52 199 89
-11.6400 -2.7460 -3.3973 52 199 89
-11.5584 -2.8678 1.9255 52 199 89
-11.5188 -2.8059 -3.6822 52 199 89
-11.6076 -2.9841 1.7498 52 199 89
-11.5232 -2.8670 -3.6309 52 199 89
-11.6104 -3.0741 1.9879 52 199 89
-11.5249 -2.8525 -3.6314 52 199 89
-11.6287 -3.2979 1.9437 52 199 89
-11.5304 -2.8174 -3.6216 52 199 89
-11.5138 -2.8415 -3.5624 52 199 89
-11.6395 -3.3304 1.9473 52 199 89
-11.5906 -2.8557 1.9038 52 199 89
-11.5217 -2.8428 -3.5093 52 199 89
-11.5655 -2.9634 -3.4691 52 199 89
-11.5482 -2.8408 -3.4281 52 199 89
-11.6243 -3.3204 1.9060 52 199 89
-11.6220 -3.1753 1.9345 52 199 89
-11.5883 -2.8080 -3.1591 52 199 89
-11.6384 -3.1892 1.9430 52 199 89
-11.5798 -2.8202 0.9723 52 199 89
-11.5947 -2.8602 -3.0950 52 199 89
-11.6201 -2.7775 -3.1275 52 199 89
-11.5882 -2.8568 -3.0256 52 199 89
-11.6198 -2.8187 -3.0862 52 199 89
-11.4968 -3.1496 0.6501 52 199 89
-11.4904 -3.1251 0.6506 52 199 89
-11.6345 -2.7616 -2.4200 52 199 89
-11.5791 -2.8951 1.8872 52 199 89
-11.6666 -2.8633 1.1062 52 199 89
-11.5369 -2.8876 1.8378 52 199 89
-11.6165 -3.0694 1.8781 52 199 89
-11.5661 -2.8396 0.9967 52 199 89
-11.5991 -2.8960 1.8966 52 199 89
-11.6056 -2.9075 -0.1524 52 199 89
-11.6400 -3.3166 1.8265 52 199 89
-11.6383 -3.2387 1.8432 52 199 89
-11.5850 -2.9431 1.8416 52 199 89
-11.6117 -3.2440 0.0802 52 199 89
-11.5792 -3.2750 0.0691 52 199 89
-11.6171 -3.0565 1.8468 52 199 89
-11.5843 -3.2136 -0.2678 52 199 89
-11.6482 -3.2625 1.8291 52 199 89
-11.5777 -3.2464 -0.2314 52 199 89
-11.6070 -3.0803 1.6832 52 199 89
-11.6372 -3.3183 1.7777 52 199 89
-11.6110 -2.9571 1.8270 52 199 89
-11.6544 -3.2741 1.7947 52 199 89
-11.6133 -3.0682 1.7946 52 199 89
-11.6269 -2.9395 1.8325 52 199 89
-11.5766 -2.8486 1.7790 52 199 89
-11.5281 -2.8468 -0.1388 52 199 89
-11.6316 -3.2199 2.0262 52 199 89
-11.5862 -3.0399 1.8712 52 199 89
-11.6181 -3.3372 1.9100 52 199 89
-11.3254 -3.2451 -0.9653 52 199 89
-11.6188 -3.3271 1.9580 52 199 89
-11.6208 -3.3606 2.0150 52 199 89
-11.5892 -2.9289 1.9853 52 199 89
-11.6344 -3.2198 1.9888 52 199 89
-11.6376 -3.3317 1.9123 52 199 89
-11.5458 -2.8818 1.9000 52 199 89
-11.6406 -3.3113 1.7943 52 199 89
-11.6259 -3.1588 1.9314 52 199 89
-11.6079 -3.0782 1.9384 52 199 89
-11.6378 -2.8749 1.0091 52 199 89
-11.5871 -2.9351 1.9134 52 199 89
-11.5995 -3.0135 1.8880 52 199 89
-11.6334 -3.3537 1.8562 52 199 89
-11.6478 -3.1519 1.9277 52 199 89
-11.5683 -2.8905 1.8792 52 199 89
-11.6108 -3.1364 1.7410 52 199 89
-11.6480 -3.1666 1.8390 52 199 89
-11.5779 -2.8974 1.8515 52 199 89
-11.5763 -2.8383 -3.1357 52 199 89
-11.3261 -3.2445 -1.0017 52 199 89
-11.5805 -2.8481 -3.0734 52 199 89
-11.6202 -2.8098 -3.1642 52 199 89
-11.6122 -2.8211 -3.0744 52 199 89
-11.6276 -3.3045 1.9489 52 199 89
-11.6300 -3.2982 1.9534 52 199 89
-11.6564 -2.8067 -2.4445 52 199 89
-11.6531 -3.3123 1.9626 52 199 89
-11.6263 -3.3212 1.9108 52 199 89
-11.6206 -3.1487 1.9272 52 199 89
-11.5920 -3.0818 1.9072 52 199 89
-11.4847 -2.9113 -0.2327 52 199 89
-11.5813 -2.9377 1.8985 52 199 89
-11.5201 -2.8497 -0.1365 52 199 89
-11.5226 -2.8429 -0.1088 52 199 89
-11.6171 -3.1556 1.8808 52 199 89
-11.5902 -3.2416 -0.1099 52 199 89
-11.5947 -3.0469 1.8768 52 199 89
-11.6139 -2.9988 1.9177 52 199 89
-11.5176 -2.8412 -0.0749 52 199 89
-11.6382 -3.2623 1.8627 52 199 89
-11.5947 -3.0403 1.8646 52 199 89
-11.5539 -2.8688 1.8538 52 199 89
-11.5664 -3.0175 1.8180 52 199 89
-11.6465 -3.3165 1.8440 52 199 89
-11.5934 -3.2212 -0.3291 52 199 89
-11.6019 -3.2430 0.0870 52 199 89
-11.5630 -3.2434 0.1044 52 199 89
-11.5777 -3.2828 0.1878 52 199 89
-11.5812 -2.9728 1.8249 52 199 89
-11.5801 -2.9534 1.8268 52 199 89
-11.5947 -3.1295 1.7891 52 199 89
-11.6174 -3.0677 1.8350 52 199 89
-11.6465 -3.3123 1.8039 52 199 89
-11.6336 -3.1745 1.8173 52 199 89
-11.6109 -2.9571 1.8246 52 199 89
-11.6158 -3.3132 1.7388 52 199 89
-11.6148 -3.2398 -0.3733 52 199 89
-11.5977 -2.9485 1.8027 52 199 89
-11.6204 -3.3532 1.7180 52 199 89
-11.5785 -2.9692 1.7550 52 199 89
-11.5567 -2.8897 1.7476 52 199 89
-11.6358 -2.9546 1.8061 52 199 89
-11.5768 -2.9675 1.7130 52 199 89
-11.6102 -3.0821 1.7149 52 199 89
-11.5941 -2.9251 1.7337 52 199 89
-11.5649 -2.8248 1.7077 52 199 89
-11.6081 -2.8824 1.0767 52 199 89
-11.5832 -2.9893 -0.3947 52 199 89
-11.5546 -2.9690 -3.2284 52 199 89
-11.5468 -2.8361 -3.4659 52 199 89
-11.5171 -2.8265 -3.6259 52 199 89
-11.5306 -2.8120 -3.6711 52 199 89
-11.6422 -3.3268 1.9920 52 199 89
-11.5993 -2.8490 -3.1717 52 199 89
-11.6037 -2.8862 0.9903 52 199 89
-11.5983 -3.0112 1.9150 52 199 89
-11.5518 -2.8761 1.7039 52 199 89
-11.6345 -3.1895 1.9389 52 199 89
-11.5402 -2.9103 1.8087 52 199 89
-11.6004 -3.0945 1.8021 52 199 89
-11.6125 -3.1604 1.7930 52 199 89
-11.5906 -2.8546 -3.0270 52 199 89
-11.6492 -3.3597 1.9823 52 199 89
-11.5799 -2.9447 1.8415 52 199 89
-11.5612 -2.8947 1.8724 52 199 89
-11.6463 -2.9179 0.1626 52 199 89
-11.6039 -3.0874 1.8616 52 199 89
-11.5695 -2.9788 -0.3485 52 199 89
-11.5494 -2.8660 1.7291 52 199 89
-11.6258 -3.0727 2.0208 52 199 89
-11.6441 -3.3227 1.9387 52 199 89
-11.6394 -3.3325 1.9103 52 199 89
-11.6063 -3.1535 1.9138 52 199 89
-11.5836 -2.8677 1.9507 52 199 89
-11.6275 -3.3158 1.8893 52 199 89
-11.6354 -2.9259 1.9775 52 199 89
-11.6490 -3.3252 1.8838 52 199 89
-11.5792 -2.8612 1.8969 52 199 89
-11.5201 -2.8457 -3.5073 52 199 89
-11.5842 -3.0915 1.8312 52 199 89
-11.6519 -3.3151 1.8566 52 199 89
-11.5516 -2.8408 -3.4356 52 199 89
-11.5684 -2.9175 -3.2859 52 199 89
-11.6243 -3.1839 1.8353 52 199 89
-11.5919 -2.9506 1.8493 52 199 89
-11.6394 -3.1249 1.8479 52 199 89
-11.6077 -3.1226 1.7919 52 199 89
-11.6462 -3.2524 1.7941 52 199 89
-11.5827 -2.8123 -3.1371 52 199 89
-11.5992 -3.1570 1.7436 52 199 89
-11.5983 -3.0711 1.7644 52 199 89
-11.5677 -2.9730 1.7424 52 199 89
-11.5580 -2.8410 1.7518 52 199 89
-11.5970 -3.0714 1.7305 52 199 89
-11.5878 -3.3777 1.6322 52 199 89
-11.6394 -2.8284 -2.3440 52 199 89
-11.5819 -2.9005 1.1202 52 199 89
-11.5647 -2.8278 0.9762 52 199 89
-11.3558 -3.2880 -0.8716 52 199 89
-11.6184 -3.2447 0.0905 52 199 89
-11.5158 -2.8443 -0.0691 52 199 89
-11.5147 -2.8473 -0.0999 52 199 89
-11.5056 -2.8562 -0.1294 52 199 89
-11.6043 -3.2190 -0.1742 52 199 89
-11.4918 -2.9139 -0.2188 52 199 89
-11.5873 -3.2425 -0.3411 52 199 89
-11.6077 -3.2329 -0.3518 52 199 89
-11.6428 -3.2678 1.8365 52 199 89
-11.6182 -3.1793 1.9172 52 199 89
-11.5547 -2.9020 0.9703 52 199 89
-11.6378 -3.3399 1.9389 52 199 89
-11.5848 -2.8594 -3.1232 52 199 89
-11.6453 -3.3275 2.0003 52 199 89
-11.7061 -3.1742 2.0201 52 199 89
-11.6254 -3.1915 1.9167 52 199 89
-11.6066 -3.0276 1.8634 52 199 89
-11.5971 -2.8232 -3.2304 52 199 89
-11.6058 -3.1357 1.8034 52 199 89
-11.6184 -3.2569 1.7912 52 199 89
-11.5883 -2.9010 1.8858 52 199 89
-11.6297 -3.2336 1.8905 52 199 89
-11.5747 -2.8604 -2.9713 52 199 89
-11.5907 -3.0543 1.9104 52 199 89
-11.6097 -3.0163 1.9185 52 199 89
-11.6272 -3.3632 1.9744 52 199 89
-11.5511 -3.2733 -0.0872 52 199 89
-11.5888 -3.2417 -0.1129 52 199 89
-11.5003 -2.8583 -0.1261 52 199 89
-11.5867 -3.2449 -0.2411 52 199 89
-11.5714 -3.2175 -0.2372 52 199 89
-11.5688 -3.0091 -0.3584 52 199 89
-11.5728 -2.9528 1.8113 52 199 89
-11.6382 -3.2534 1.7857 52 199 89
-11.6555 -3.3637 1.7501 52 199 89
-11.5495 -2.9232 -3.2505 52 199 89
-11.5529 -2.8475 1.0736 52 199 89
-11.6062 -2.8188 -3.1199 52 199 89
-11.5852 -2.8336 1.0574 52 199 89
-11.6152 -2.8255 0.8446 52 199 89
-11.6119 -2.8301 0.7820 52 199 89
-11.5676 -3.2467 0.0932 52 199 89
-11.6423 -3.3279 2.0024 52 199 89
-11.6197 -3.2989 1.9375 52 199 89
-11.6346 -3.3398 1.9313 52 199 89
-11.6375 -3.2656 1.8611 52 199 89
-11.6239 -3.0865 1.8839 52 199 89
-11.5446 -2.8820 1.8914 52 199 89
-11.5959 -3.0489 1.8732 52 199 89
-11.5954 -2.8690 1.9238 52 199 89
-11.6390 -3.2564 1.8254 52 199 89
-11.5863 -2.9709 1.8273 52 199 89
-11.6207 -3.1214 1.8149 52 199 89
-11.6265 -3.0922 1.8270 52 199 89
-11.6180 -2.9708 1.8266 52 199 89
-11.5816 -2.8415 1.7923 52 199 89
-11.6040 -2.8040 -3.2589 52 199 89
-11.5786 -2.8306 -3.1688 52 199 89
-11.5717 -2.8647 -3.1012 52 199 89
-11.5742 -2.8703 -3.0657 52 199 89
-11.5789 -2.8491 -3.0466 52 199 89
-11.5842 -3.1846 0.9192 52 199 89
-11.6279 -2.8894 0.9999 52 199 89
-11.6254 -2.8353 -2.2489 52 199 89
-11.6305 -3.1903 1.9236 52 199 89
-11.6163 -3.0098 1.8180 52 199 89
-11.6576 -3.1276 1.8604 52 199 89
-11.6511 -3.1540 1.8680 52 199 89
-11.6309 -3.3486 1.9246 52 199 89
-11.5366 -2.9366 -3.0829 52 199 89
-11.6051 -3.2221 -0.1243 52 199 89
-11.6448 -3.2031 -0.2731 52 199 89
-11.6484 -3.3618 1.7476 52 199 89
-11.5883 -3.0684 1.7328 52 199 89
-11.6076 -3.0874 1.7420 52 199 89
-11.6109 -2.8811 1.0809 52 199 89
-11.5724 -2.8949 1.0035 52 199 89
-11.6560 -2.8149 0.7976 52 199 89
-11.5587 -3.2465 0.0943 52 199 89
-11.6414 -3.3122 1.9576 52 199 89
-11.6094 -3.0751 1.9666 52 199 89
-11.6285 -3.3407 1.9115 52 199 89
-11.6274 -3.1502 1.9562 52 199 89
-11.5998 -2.8612 1.9709 52 199 89
-11.6324 -3.3265 1.8730 52 199 89
-11.6162 -3.0133 1.9221 52 199 89
-11.6572 -2.9245 1.8154 52 199 89
-11.5712 -2.9473 1.8814 52 199 89
-11.6401 -3.2369 1.8873 52 199 89
-11.6439 -3.2402 1.8444 52 199 89
-11.5967 -2.8545 1.9203 52 199 89
-11.6062 -2.8188 -3.1199 52 199 89
-11.5648 -2.9640 -3.2626 52 199 89
-11.5789 -2.8491 -3.0466 52 199 89
-11.6220 -2.8375 -2.9770 52 199 89
-11.5967 -2.8785 -2.7897 52 199 89
-11.5678 -2.9558 1.7603 52 199 89
-11.6227 -2.9813 1.8248 52 199 89
-11.6443 -3.2831 1.7786 52 199 89
-11.6204 -3.0434 1.9067 52 199 89
-11.6686 -3.2678 1.8953 52 199 89
-11.5636 -2.9081 1.8549 52 199 89
-11.6633 -3.3368 1.8408 52 199 89
-11.6291 -2.9718 1.9549 52 199 89
-11.5962 -3.1590 -0.3267 52 199 89
-11.6022 -3.2738 1.9171 52 199 89
-11.6244 -3.3405 1.9104 52 199 89
-11.6297 -3.1503 1.9639 52 199 89
-11.6118 -3.1924 1.9063 52 199 89
-11.6056 -2.9385 1.9291 52 199 89
-11.6514 -3.2368 1.8998 52 199 89
-11.5980 -2.8622 1.8278 52 199 89
-11.5951 -3.0899 1.7377 52 199 89
-11.6261 -2.8480 1.2380 52 199 89
-11.5298 -2.9144 1.0847 52 199 89
-11.5697 -2.9140 0.7322 52 199 89
-11.6040 -3.2187 0.0153 52 199 89
-11.5978 -3.2192 -0.1471 52 199 89
-11.4762 -2.9244 -0.1394 52 199 89
-11.6405 -3.2287 -0.3432 52 199 89
-11.6040 -2.8453 -2.9199 52 199 89
-11.5905 -2.8459 -3.0321 52 199 89
-12.0759 -4.2054 3.1658 52 199 89
-12.5867 -3.4279 1.1173 52 199 89
-12.3905 -3.5638 2.4845 52 199 89
-12.4116 -3.5761 2.5155 52 199 89
-12.0304 -4.1669 2.7057 52 199 89
-12.3969 -3.5918 2.7355 52 199 89
-12.2774 -3.7903 2.4266 52 199 89
-12.0391 -3.9461 2.5951 52 199 89
-12.5767 -3.4262 1.0005 52 199 89
-12.2702 -3.7835 2.8681 52 199 89
-12.2513 -3.7827 2.7872 52 199 89
-11.9360 -3.7769 0.5849 52 199 89
-12.5183 -3.7114 2.6478 52 199 89
-12.4387 -3.6674 2.6378 52 199 89
-12.2331 -3.7836 2.7988 52 199 89
-12.3491 -3.7976 3.0199 52 199 89
-12.0884 -4.1895 2.7133 52 199 89
-12.6137 -3.7730 2.7552 52 199 89
-11.8414 -3.9583 2.0426 52 199 89
-12.0509 -4.1669 2.4092 52 199 89
-12.1371 -3.9793 2.6937 52 199 89
-12.5865 -3.7517 2.8715 52 199 89
-12.5785 -3.5976 0.1945 52 199 89
-12.2915 -4.0318 2.9874 52 199 89
-12.0800 -4.1799 2.3817 52 199 89
-12.2796 -3.7296 2.7115 52 199 89
-12.3895 -3.5619 2.6838 52 199 89
-12.2911 -4.0646 -0.0218 52 199 89
-12.5817 -3.7105 2.5307 52 199 89
-12.2674 -3.6741 3.2443 52 199 89
-11.7566 -3.9378 -1.7061 52 199 89
-12.5790 -3.7873 2.8347 52 199 89
-12.2838 -4.0676 -0.1985 52 199 89
-12.1922 -4.0894 -0.2210 52 199 89
-12.2661 -3.7303 2.6477 52 199 89
-12.3633 -3.7279 2.8889 52 199 89
-12.3065 -3.7691 2.6484 52 199 89
-12.2640 -3.8368 2.6156 52 199 89
-12.0721 -4.0824 2.5832 52 199 89
-12.0776 -3.9042 2.5307 52 199 89
-12.2851 -3.9553 2.8492 52 199 89
-12.3716 -3.4701 2.7907 52 199 89
-11.9731 -4.0849 2.4254 52 199 89
-12.5338 -3.8540 -0.4875 52 199 89
-12.3010 -3.9910 2.8724 52 199 89
-12.0113 -4.1438 2.4021 52 199 89
-12.0663 -3.9034 2.3757 52 199 89
-12.1433 -4.1069 2.6765 52 199 89
-12.4953 -3.8676 -0.6747 52 199 89
-12.5232 -3.7058 -0.6931 52 199 89
-12.5090 -3.8772 -0.7466 52 199 89
-12.0481 -4.2166 2.2528 52 199 89
-12.3083 -4.0191 -0.7878 52 199 89
-12.2695 -4.0206 2.7278 52 199 89
-12.0616 -4.1688 2.4451 52 199 89
-12.3645 -3.6775 2.7419 52 199 89
-12.4773 -3.7604 3.0153 52 199 89
-12.3968 -3.6554 -0.9382 52 199 89
-12.5387 -3.3972 1.6696 52 199 89
-12.1141 -3.9189 2.4713 52 199 89
-11.9158 -4.0197 2.2303 52 199 89
-12.0131 -4.1495 2.4198 52 199 89
-12.0307 -4.2279 2.4620 52 199 89
-12.3122 -3.6863 2.6786 52 199 89
-12.3277 -3.7911 2.7460 52 199 89
-12.3088 -3.7010 2.7193 52 199 89
-12.3368 -3.5821 2.6915 52 199 89
-12.2305 -3.8879 2.6710 52 199 89
-12.1029 -4.1511 2.5752 52 199 89
-11.8381 -3.9276 2.0066 52 199 89
-12.5582 -3.3849 1.1483 52 199 89
-12.3985 -3.6197 2.6789 52 199 89
-12.5067 -3.4284 1.0936 52 199 89
-12.5167 -3.4093 1.3813 52 199 89
-12.5241 -3.4131 1.4065 52 199 89
-12.3209 -3.6438 2.5606 52 199 89
-12.5195 -3.4148 1.5743 52 199 89
-12.6428 -3.7273 2.2741 52 199 89
-12.6036 -3.7077 2.3576 52 199 89
-12.0120 -4.1906 2.1592 52 199 89
-12.6499 -3.7247 2.2826 52 199 89
-12.3519 -3.5669 2.4138 52 199 89
-12.0796 -4.1966 2.7803 52 199 89
-11.9975 -4.0621 2.4110 52 199 89
-12.3923 -3.4644 2.8076 52 199 89
-12.0368 -3.6150 3.8895 52 199 89
-11.8863 -3.9499 2.0714 52 199 89
-12.6377 -3.7437 2.6476 52 199 89
-12.4521 -3.3734 2.6450 52 199 89
-12.2605 -3.7966 2.6231 52 199 89
-12.3928 -3.8033 3.0910 52 199 89
-11.6044 -3.8751 1.7500 52 199 89
-12.2521 -3.8304 2.6076 52 199 89
-12.5900 -3.7868 2.7584 52 199 89
-12.0983 -3.6293 3.7161 52 199 89
-12.3876 -3.5076 2.7551 52 199 89
-12.5662 -3.7778 2.8373 52 199 89
-12.4279 -3.4539 2.8570 52 199 89
-12.4276 -3.4674 2.7626 52 199 89
-12.3535 -3.6827 2.8341 52 199 89
-12.3446 -3.7542 2.8516 52 199 89
-12.1798 -3.7090 2.4971 52 199 89
-12.3538 -3.4875 2.5345 52 199 89
-12.0315 -4.0958 2.5182 52 199 89
-12.3684 -3.6281 2.6119 52 199 89
-12.4203 -3.5786 2.7697 52 199 89
-11.9839 -4.1430 2.5885 52 199 89
-12.2659 -3.6920 2.7909 52 199 89
-10.8316 -3.4869 0.4647 52 199 89
-12.3846 -3.4674 2.6503 52 199 89
-12.2643 -3.7958 2.5584 52 199 89
-12.4127 -3.4702 2.8858 52 199 89
-12.0412 -4.0867 2.4929 52 199 89
-12.2442 -3.8489 2.5485 52 199 89
-12.3928 -3.4527 2.8913 52 199 89
-12.5736 -3.6006 0.3531 52 199 89
-12.4724 -3.7282 3.0134 52 199 89
-12.6038 -3.5923 0.0768 52 199 89
-12.2993 -3.8004 2.7027 52 199 89
-12.4134 -3.4585 2.8062 52 199 89
-12.3482 -3.9468 -1.6374 52 199 89
-12.5449 -3.4026 1.3624 52 199 89
-12.3433 -3.9849 2.6784 52 199 89
-12.1801 -3.9018 2.6939 52 199 89
-12.3142 -3.6596 2.8326 52 199 89
-12.3324 -3.5750 2.5587 52 199 89
-12.3598 -3.4762 2.6890 52 199 89
-12.2585 -3.7173 2.7300 52 199 89
-12.5210 -3.8451 -0.1978 52 199 89
-12.4749 -3.8374 -0.0804 52 199 89
-12.2785 -4.0614 -0.0605 52 199 89
-12.2495 -4.0166 2.9218 52 199 89
-11.5330 -3.8280 1.5716 52 199 89
-12.2616 -3.8455 2.5767 52 199 89
-12.0602 -4.1750 2.6666 52 199 89
-12.0749 -3.9952 2.3694 52 199 89
-11.9802 -3.7806 0.5971 52 199 89
-12.4199 -3.4593 2.9267 52 199 89
-11.9076 -3.9555 2.1140 52 199 89
-12.5694 -3.4278 1.0051 52 199 89
-11.9621 -3.9408 2.1792 52 199 89
-12.3311 -3.7869 2.6330 52 199 89
-12.5741 -3.4274 1.1154 52 199 89
-10.9708 -3.5888 0.7015 52 199 89
-11.9760 -3.9866 2.2072 52 199 89
-12.2758 -3.8869 2.5771 52 199 89
-12.3645 -3.4929 2.8061 52 199 89
-12.6089 -3.6102 0.5829 52 199 89
-12.3222 -3.8676 2.6180 52 199 89
-12.5254 -3.4016 1.6839 52 199 89
-12.0148 -4.1919 2.1553 52 199 89
-12.3321 -3.5661 2.7584 52 199 89
-12.3181 -3.7157 2.5514 52 199 89
-12.3207 -3.6529 2.5343 52 199 89
-12.3981 -3.6346 2.6326 52 199 89
-12.2533 -3.7761 2.3867 52 199 89
-12.3696 -3.5716 2.4928 52 199 89
-12.1403 -3.9878 2.3321 52 199 89
-12.5293 -3.7149 2.6835 52 199 89
-12.4485 -3.7323 2.8460 52 199 89
-12.2826 -3.6261 3.1711 52 199 89
-11.8414 -3.9946 2.1595 52 199 89
-12.2416 -3.9104 2.7021 52 199 89
-11.9999 -3.9348 2.1507 52 199 89
-12.0873 -4.1947 2.3557 52 199 89
-12.5994 -3.7174 2.4873 52 199 89
-12.4571 -3.8146 3.0205 52 199 89
-11.7871 -3.6368 -1.8961 52 199 89
-11.7153 -3.8536 -1.8711 52 199 89
-11.7907 -3.6202 -1.8777 52 199 89
-12.1133 -4.1951 2.5635 52 199 89
-11.7005 -3.8546 -1.8324 52 199 89
-12.5019 -3.8514 -1.0193 52 199 89
-12.2427 -4.0334 -0.9371 52 199 89
-12.4813 -3.8709 -0.8280 52 199 89
-12.4923 -3.8344 -0.8229 52 199 89
-12.2369 -4.0546 -0.7433 52 199 89
-12.4671 -3.8678 -0.7812 52 199 89
-12.4900 -3.8333 -0.7697 52 199 89
-12.4608 -3.8322 -0.7586 52 199 89
-12.3191 -3.6831 2.6547 52 199 89
-12.3772 -3.5907 2.7051 52 199 89
-12.5098 -3.8446 -0.6879 52 199 89
-12.3997 -3.6348 2.7382 52 199 89
-12.4787 -3.8614 -0.6503 52 199 89
-12.4465 -3.8456 2.8688 52 199 89
-12.5349 -3.8464 -0.5011 52 199 89
-12.3175 -3.7299 2.6942 52 199 89
-11.4953 -3.8033 1.5404 52 199 89
-12.1905 -4.0240 -0.8721 52 199 89
-11.7952 -3.6322 -1.9417 52 199 89
-12.1956 -3.9457 2.5772 52 199 89
-12.3855 -3.4088 2.5347 52 199 89
-12.5565 -3.6009 0.3473 52 199 89
-11.6010 -3.8459 1.6072 52 199 89
-12.3314 -3.5959 2.6622 52 199 89
-12.5006 -3.7321 2.8922 52 199 89
-11.7799 -3.9538 -1.7285 52 199 89
-12.4273 -3.4902 2.8305 52 199 89
-12.2749 -3.6144 -0.8365 52 199 89
-12.3677 -3.5857 2.5821 52 199 89
-12.0971 -4.2056 2.6218 52 199 89
-11.9345 -3.4279 -1.7122 52 199 89
-12.2355 -3.8921 2.6629 52 199 89
-12.1504 -3.8852 2.6348 52 199 89
-12.4358 -3.4538 2.8676 52 199 89
-12.0459 -4.2373 2.4902 52 199 89
-12.4912 -3.8955 2.8974 52 199 89
-12.2885 -3.8609 2.6126 52 199 89
-12.1487 -3.9245 2.4725 52 199 89
-12.3581 -3.6367 -0.9529 52 199 89
-12.3071 -3.7465 2.8184 52 199 89
-12.1276 -3.8725 2.6081 52 199 89
-12.3814 -3.5932 2.7391 52 199 89
-12.2545 -4.0283 -0.9177 52 199 89
-12.3450 -3.8262 2.6376 52 199 89
-12.1025 -4.2106 2.7262 52 199 89
-12.2787 -3.6827 2.8055 52 199 89
-12.4390 -3.6735 -0.9586 52 199 89
-12.3416 -3.6335 2.5426 52 199 89
-12.2297 -3.8292 2.4244 52 199 89
-12.3268 -3.6884 2.4942 52 199 89
-11.9660 -3.7735 0.5273 52 199 89
-12.3352 -4.0283 -0.8360 52 199 89
-12.6311 -3.7412 2.8691 52 199 89
-12.5184 -3.8438 -0.8347 52 199 89
-12.3228 -3.7956 2.6380 52 199 89
-12.3645 -3.6283 2.6395 52 199 89
-12.2142 -4.0456 -0.6811 52 199 89
-12.4790 -3.8679 -0.7260 52 199 89
-11.9364 -3.9709 2.1510 52 199 89
-12.1259 -3.8454 2.3687 52 199 89
-12.4897 -3.8399 -0.7052 52 199 89
-12.3011 -3.8612 2.5978 52 199 89
-12.4122 -3.4684 2.9122 52 199 89
-12.4030 -3.7337 3.3026 52 199 89
-12.3356 -3.8036 2.8954 52 199 89
-12.2135 -4.0983 -0.5158 52 199 89
-11.8023 -3.9619 2.1432 52 199 89
-12.0974 -4.1312 2.3949 52 199 89
-12.3192 -3.4947 2.7156 52 199 89
-12.1963 -4.0899 -0.2217 52 199 89
-12.2178 -4.0430 -0.1762 52 199 89
-12.2743 -4.0576 -0.0723 52 199 89
-12.6389 -3.6122 0.3145 52 199 89
-11.9394 -3.7758 0.5118 52 199 89
-12.5614 -3.3864 1.1485 52 199 89
-12.1900 -4.0055 2.4323 52 199 89
-12.5798 -3.4228 1.1949 52 199 89
-12.6287 -3.7418 2.4128 52 199 89
-12.4449 -3.3916 2.5502 52 199 89
-11.8999 -3.9018 1.9915 52 199 89
-12.4035 -3.5757 2.5438 52 199 89
-12.4082 -3.5787 2.5179 52 199 89
-12.2373 -3.8592 2.5829 52 199 89
-11.7805 -3.6295 -1.9116 52 199 89
-12.4090 -3.6087 2.7311 52 199 89
-11.7177 -3.8541 -1.9023 52 199 89
-12.2364 -4.0429 2.6297 52 199 89
-11.7740 -3.6350 -1.8710 52 199 89
-11.7922 -3.6200 -1.8828 52 199 89
-12.2749 -3.8871 2.6188 52 199 89
-12.1833 -3.7529 2.4387 52 199 89
-12.0383 -4.0853 2.4788 52 199 89
-12.4007 -3.6860 2.5919 52 199 89
-11.0735 -3.6303 0.8579 52 199 89
-12.3726 -3.6766 2.6133 52 199 89
-12.2920 -3.8437 2.5154 52 199 89
-10.9910 -3.4612 0.6780 52 199 89
-12.3937 -3.4581 2.5337 52 199 89
-12.2534 -3.6130 -0.8253 52 199 89
-12.4944 -3.5829 0.0979 52 199 89
-12.2582 -3.9176 2.8046 52 199 89
-10.9897 -3.5958 0.7153 52 199 89
-12.1714 -4.0209 2.6085 52 199 89
-11.9987 -4.2106 2.4133 52 199 89
-12.3886 -3.4531 2.7742 52 199 89
-12.3546 -3.5977 2.6946 52 199 89
-12.5121 -3.8264 2.8158 52 199 89
-12.0644 -3.8978 2.3443 52 199 89
-12.3673 -3.9521 -1.6567 52 199 89
-12.3214 -3.8717 2.6289 52 199 89
-12.3837 -3.4888 2.5787 52 199 89
-12.6160 -3.7356 2.5037 52 199 89
-12.6047 -3.6032 0.3618 52 199 89
-12.3056 -4.0106 -1.8270 52 199 89
-12.0736 -4.1961 2.6817 52 199 89
-12.3052 -3.9733 2.6267 52 199 89
-12.5228 -3.5975 0.4668 52 199 89
-12.3093 -3.9715 -1.8043 52 199 89
-11.7133 -3.9035 1.9229 52 199 89
-12.4535 -3.9037 2.8040 52 199 89
-12.3079 -3.8452 2.6476 52 199 89
-12.3432 -4.0016 -1.7297 52 199 89
-11.8619 -3.4143 -1.9434 52 199 89
-11.9115 -3.9103 2.1991 52 199 89
-12.3743 -3.7886 3.0052 52 199 89
-10.9555 -3.4713 0.6367 52 199 89
-11.9519 -3.9294 2.1716 52 199 89
-12.6435 -3.7411 2.4196 52 199 89
-11.8543 -3.6446 -2.6202 52 199 89
-11.7910 -3.6309 -1.9319 52 199 89
-11.7937 -3.6381 -1.9393 52 199 89
-11.8646 -3.4143 -1.9490 52 199 89
-11.7093 -3.8503 -1.8667 52 199 89
-11.8120 -3.6226 -1.9207 52 199 89
-12.1411 -3.9956 2.7239 52 199 89
-12.3340 -3.5588 2.8343 52 199 89
-11.8917 -4.0890 2.3593 52 199 89
-12.3243 -3.9280 -1.6551 52 199 89
-12.1197 -4.1486 2.7116 52 199 89
-12.3820 -3.9553 -1.6714 52 199 89
-12.3838 -3.9913 -1.6797 52 199 89
-12.6194 -3.5785 3.2260 52 199 89
-12.3794 -3.9595 -1.6476 52 199 89
-12.4244 -3.6994 3.2168 52 199 89
-11.6555 -3.9093 1.9001 52 199 89
-12.3331 -3.6928 2.8187 52 199 89
-12.1194 -3.9158 2.5725 52 199 89
-12.2649 -3.7945 2.7384 52 199 89
-12.3183 -3.6226 -0.8495 52 199 89
-12.5326 -3.8479 -0.8193 52 199 89
-12.2942 -3.4786 -0.7267 52 199 89
-12.6019 -3.7695 2.7144 52 199 89
-11.9600 -4.0525 2.3526 52 199 89
-12.4653 -3.8709 -0.8215 52 199 89
-12.3647 -3.7100 2.8129 52 199 89
-12.4404 -3.8590 -0.7561 52 199 89
-12.4266 -3.8516 -0.7231 52 199 89
-12.3333 -3.7858 2.6671 52 199 89
-12.2015 -3.9040 2.5055 52 199 89
-12.3738 -3.8069 2.7104 52 199 89
-12.4232 -3.5641 2.6868 52 199 89
-12.3220 -3.8718 2.6411 52 199 89
-12.4170 -3.4720 2.6279 52 199 89
-12.3980 -3.6395 2.6479 52 199 89
-12.3749 -3.4080 2.5288 52 199 89
-12.2898 -4.0434 2.5948 52 199 89
-12.5123 -3.5346 1.0276 52 199 89
-12.6382 -3.7447 2.3890 52 199 89
-12.5493 -3.7239 2.5821 52 199 89
-12.5203 -3.3972 1.6439 52 199 89
-12.3500 -3.6568 2.6173 52 199 89
-12.4951 -3.8930 -1.7480 52 199 89
-11.7461 -3.8694 1.8735 52 199 89
-11.5524 -3.8215 1.5893 52 199 89
-12.4581 -3.9051 -1.8357 52 199 89
-12.3249 -3.7809 2.8968 52 199 89
-11.4450 -3.7809 1.4371 52 199 89
-12.3144 -4.0139 -1.8390 52 199 89
-12.3666 -3.8490 2.7548 52 199 89
-12.5128 -3.8509 2.7893 52 199 89
-12.1327 -3.9687 2.5040 52 199 89
-12.4503 -3.4913 2.8201 52 199 89
-11.7269 -3.8704 -1.9252 52 199 89
-12.3562 -3.7838 3.0512 52 199 89
-12.3691 -3.7138 2.5937 52 199 89
-12.4787 -3.8542 -0.9968 52 199 89
-12.4746 -3.4624 2.6424 52 199 89
-12.5623 -3.7028 2.5797 52 199 89
-12.4134 -3.7370 2.9747 52 199 89
-12.5206 -3.8384 -1.5472 52 199 89
-12.7463 -3.4617 1.3625 52 199 89
-12.4505 -3.6744 -1.9459 52 199 89
-11.9993 -4.1773 2.4546 52 199 89
-11.9679 -4.1023 2.4971 52 199 89
-12.4075 -3.8799 2.9082 52 199 89
-12.4184 -3.6514 2.9912 52 199 89
-12.3692 -3.6447 2.7767 52 199 89
-11.7872 -3.9341 2.1420 52 199 89
-11.7410 -3.9215 2.1073 52 199 89
-11.9266 -4.0602 2.5452 52 199 89
-11.9953 -4.1475 2.5747 52 199 89
-12.2522 -3.7818 2.8352 52 199 89
-11.8505 -3.4155 -1.9261 52 199 89
-12.3814 -3.4659 2.8582 52 199 89
-11.8064 -3.6208 -1.9059 52 199 89
-11.7915 -3.6401 -1.8893 52 199 89
-12.0188 -3.8846 2.4151 52 199 89
-12.4495 -3.9121 -1.9394 52 199 89
-12.2726 -3.9405 -1.7290 52 199 89
-12.2872 -3.9610 -1.5679 52 199 89
-12.3709 -3.6534 -0.9320 52 199 89
-12.3026 -4.0558 -0.9525 52 199 89
-12.5682 -3.7582 2.8026 52 199 89
-11.5500 -3.8721 1.6917 52 199 89
-11.8695 -3.9970 2.2051 52 199 89
-12.5101 -3.8749 -0.8974 52 199 89
-12.4263 -3.4960 2.8309 52 199 89
-12.4728 -3.8614 -0.6847 52 199 89
-12.6456 -3.5344 -0.6902 52 199 89
-12.2086 -4.0346 -0.6002 52 199 89
-12.4033 -3.5095 -0.5802 52 199 89
-12.5103 -3.5489 -0.5133 52 199 89
-12.4436 -3.5581 2.7332 52 199 89
-12.1313 -3.8236 2.3696 52 199 89
-12.2892 -3.7899 2.5845 52 199 89
-12.4593 -3.5668 2.7333 52 199 89
-12.3463 -3.7009 2.6018 52 199 89
-12.0129 -3.7810 0.6093 52 199 89
-12.5167 -3.6987 2.6985 52 199 89
-11.9176 -3.7642 0.6114 52 199 89
-12.4742 -3.8391 2.7680 52 199 89
-12.2842 -3.6836 2.4648 52 199 89
-12.4042 -3.8042 2.6517 52 199 89
-12.5099 -3.6961 2.6683 52 199 89
-12.5030 -3.5447 0.9698 52 199 89
-12.4776 -3.4268 1.0131 52 199 89
-11.9565 -3.9291 2.4163 52 199 89
-12.2065 -3.7885 2.4808 52 199 89
-12.2157 -3.8148 2.5321 52 199 89
-12.2562 -3.9509 2.7900 52 199 89
-12.2537 -3.9936 -1.7691 52 199 89
-12.3624 -3.5825 2.6058 52 199 89
-12.3037 -3.7043 2.5033 52 199 89
-12.4666 -3.8599 2.7644 52 199 89
-12.3355 -3.9343 2.6381 52 199 89
-12.1882 -3.9469 2.4577 52 199 89
-12.2955 -3.6335 2.5087 52 199 89
-12.1580 -3.9577 2.6249 52 199 89
-12.4557 -3.6702 2.7629 52 199 89
-12.2010 -4.0451 2.5731 52 199 89
-12.0165 -3.8838 2.2768 52 199 89
-11.5629 -3.8396 1.7675 52 199 89
-11.6221 -3.8561 1.7192 52 199 89
-11.9696 -3.9121 2.2465 52 199 89
-12.3225 -3.7612 2.7735 52 199 89
-12.2925 -3.8555 2.7169 52 199 89
-12.3024 -3.9886 -1.6774 52 199 89
-12.1627 -3.8421 2.5904 52 199 89
-11.9693 -3.9149 2.3348 52 199 89
-12.3548 -3.6133 2.7855 52 199 89
-12.2685 -4.0182 2.9029 52 199 89
-12.3777 -3.7910 2.9810 52 199 89
-12.5101 -3.7520 3.1212 52 199 89
-11.9985 -4.1282 2.4815 52 199 89
-12.5118 -3.4456 1.2224 52 199 89
-11.9798 -4.1464 2.3899 52 199 89
-11.9879 -4.0280 2.5379 52 199 89
-12.3300 -3.4475 -0.6793 52 199 89
-11.8923 -4.0451 2.4879 52 199 89
-12.3466 -3.4243 2.7675 52 199 89
-12.5482 -3.7032 3.5233 52 199 89
-12.0389 -4.1699 2.6548 52 199 89
-12.3728 -3.8401 3.3609 52 199 89
-12.5178 -3.7427 3.0111 52 199 89
-12.1079 -3.8738 2.5707 52 199 89
-12.1831 -3.7775 2.6487 52 199 89
-12.3186 -3.7224 2.8322 52 199 89
-12.0728 -4.1652 2.6122 52 199 89
-12.4512 -3.8732 3.0625 52 199 89
-12.1809 -3.8462 2.6184 52 199 89
-12.3792 -3.7556 2.8492 52 199 89
-12.3316 -3.5320 2.7006 52 199 89
-12.3736 -3.4937 2.7205 52 199 89
-12.0232 -4.1696 2.4488 52 199 89
-12.0492 -3.5575 3.9505 52 199 89
-12.2441 -3.7762 3.4115 52 199 89
-12.0707 -3.8630 2.3283 52 199 89
-12.3546 -3.7905 2.7028 52 199 89
-12.3846 -3.6427 2.6303 52 199 89
-12.3081 -3.6760 3.1735 52 199 89
-12.2310 -3.8813 2.4760 52 199 89
-12.0024 -4.1469 2.2197 52 199 89
-12.5536 -3.5307 1.4185 52 199 89
-12.4169 -3.5391 0.9319 52 199 89
-11.9347 -3.7593 0.6434 52 199 89
-12.4946 -3.5855 0.0290 52 199 89
-12.2195 -4.1214 -0.0214 52 199 89
-12.1915 -4.0282 -0.2296 52 199 89
-12.3101 -4.0343 -0.2978 52 199 89
-12.2604 -3.4955 -0.4231 52 199 89
-12.2338 -4.0119 -0.4985 52 199 89
-12.5157 -3.5287 -0.6310 52 199 89
-12.3154 -3.4473 -0.6681 52 199 89
-12.2833 -3.9572 -0.7774 52 199 89
-12.3943 -3.6477 -0.8993 52 199 89
-12.3318 -3.9736 -1.6065 52 199 89
-12.3054 -3.9385 -1.5786 52 199 89
-12.3857 -3.9860 -1.7958 52 199 89
-12.3149 -3.6582 -1.6598 52 199 89
-12.3983 -3.9787 -1.8887 52 199 89
-11.8257 -3.9646 -1.5020 52 199 89
-11.9802 -3.8702 -1.7277 52 199 89
-11.7600 -3.9360 -1.7017 52 199 89
-11.7804 -3.6402 -1.8649 52 199 89
-12.5672 -3.7268 2.9095 52 199 89
-11.8252 -4.0154 2.2105 52 199 89
-12.2986 -3.6927 3.5386 52 199 89
-11.5457 -3.8245 1.6977 52 199 89
-12.2288 -3.9173 2.7361 52 199 89
-12.3556 -3.6016 2.8106 52 199 89
-12.3026 -3.9668 2.8296 52 199 89
-12.3553 -3.8901 2.8825 52 199 89
-11.9575 -4.0593 2.3427 52 199 89
-12.2752 -3.4922 2.5807 52 199 89
-12.0966 -4.1909 2.5244 52 199 89
-12.2591 -3.7025 2.5754 52 199 89
-12.3052 -3.6503 2.5572 52 199 89
-12.3456 -3.5954 2.5944 52 199 89
-12.3704 -3.6237 2.6099 52 199 89
-12.3183 -3.6724 2.4949 52 199 89
-12.2516 -3.7959 2.4168 52 199 89
-12.4665 -3.5186 1.6027 52 199 89
-12.6146 -3.5120 1.5961 52 199 89
-12.2213 -3.9626 1.2952 52 199 89
-12.1183 -3.8988 1.0958 52 199 89
-11.9675 -3.7690 0.6638 52 199 89
-12.5638 -3.5805 0.4029 52 199 89
-12.2042 -4.0913 -0.2110 52 199 89
-12.5001 -3.5477 -0.5043 52 199 89
-12.3264 -3.6542 -1.5245 52 199 89
-12.3266 -3.9741 -1.6181 52 199 89
-12.4391 -3.6535 -1.6788 52 199 89
-12.3126 -3.9923 -1.6778 52 199 89
-11.9441 -4.0083 -1.4998 52 199 89
-12.0301 -3.8856 -1.8046 52 199 89
-11.9365 -3.5075 -1.7454 52 199 89
-11.7927 -3.6170 -1.8813 52 199 89
-12.4153 -3.4962 2.7656 52 199 89
-12.2743 -3.7153 2.6211 52 199 89
-12.4287 -3.5962 2.7816 52 199 89
-11.4224 -3.7764 1.4116 52 199 89
-12.2509 -3.8129 2.5694 52 199 89
-12.1879 -3.7628 2.4807 52 199 89
-12.1780 -4.1440 2.4728 52 199 89
-12.1477 -3.8053 2.3229 52 199 89
-12.0786 -3.9173 1.1968 52 199 89
-12.1807 -3.9279 1.2660 52 199 89
-11.8550 -3.7611 0.5105 52 199 89
-12.5269 -3.8479 -0.2562 52 199 89
-12.4746 -3.8310 -0.8105 52 199 89
-12.2851 -4.0435 -0.9208 52 199 89
-12.3095 -3.9681 -1.5972 52 199 89
-12.3256 -3.9269 -1.6404 52 199 89
-12.4008 -3.6672 -1.7648 52 199 89
-12.3732 -3.4531 0.3431 52 199 89
-12.7542 -3.3905 3.0277 52 199 89
-12.9073 -2.8980 1.0402 52 199 89
-12.7450 -3.2616 3.1007 52 199 89
-12.4314 -3.4521 0.4612 52 199 89
-12.8168 -3.9828 3.4263 52 199 89
-12.7672 -3.8882 2.8969 52 199 89
-12.7530 -3.6718 2.7691 52 199 89
-12.0721 -3.3267 -2.6438 52 199 89
-12.7742 -3.6861 2.7917 52 199 89
-12.7574 -3.6667 -1.0939 52 199 89
-12.7149 -3.6965 3.0460 52 199 89
-12.9044 -3.0386 -1.0099 52 199 89
-12.6677 -3.7716 -0.5888 52 199 89
-12.8908 -2.9990 1.3320 52 199 89
-12.4097 -3.4752 0.4309 52 199 89
-12.7444 -3.4224 2.9175 52 199 89
-12.8411 -3.0078 1.4988 52 199 89
-12.7328 -3.2124 2.8409 52 199 89
-12.7373 -3.1361 2.8706 52 199 89
-12.7499 -3.1195 2.9560 52 199 89
-12.7520 -3.2350 3.0011 52 199 89
-12.7507 -3.1176 3.0022 52 199 89
-12.7537 -3.5375 3.1338 52 199 89
-12.7029 -3.9624 3.3492 52 199 89
-12.7331 -3.9767 3.3911 52 199 89
-12.7673 -3.5518 3.1093 52 199 89
-12.7454 -3.6029 3.1366 52 199 89
-12.3423 -3.9262 2.4915 52 199 89
-12.7831 -3.8378 3.2218 52 199 89
-12.3906 -3.9118 2.6228 52 199 89
-12.8810 -2.9335 1.1824 52 199 89
-12.7667 -3.9093 3.0873 52 199 89
-12.7257 -2.9742 3.1914 52 199 89
-12.3262 -3.9011 2.8005 52 199 89
-12.6826 -3.2207 3.1277 52 199 89
-12.8035 -3.7953 2.9156 52 199 89
-12.6679 -3.7733 2.8061 52 199 89
-12.7584 -2.9767 3.2040 52 199 89
-12.8333 -3.0135 1.3054 52 199 89
-12.7895 -3.6054 3.0416 52 199 89
-12.9228 -3.1016 0.1013 52 199 89
-12.8039 -3.9792 3.1534 52 199 89
-12.7611 -3.6920 3.3228 52 199 89
-12.7232 -3.9663 3.2688 52 199 89
-12.9946 -2.8844 1.4283 52 199 89
-12.5657 -3.9550 2.6526 52 199 89
-12.1382 -3.3243 -3.5125 52 199 89
-12.7751 -3.7157 -1.1109 52 199 89
-12.7200 -3.9127 3.1671 52 199 89
-12.7423 -3.3962 3.1288 52 199 89
-12.6737 -3.8899 2.9426 52 199 89
-12.7617 -3.3415 2.9883 52 199 89
-12.7803 -3.1645 2.8121 52 199 89
-12.3145 -3.9122 2.7635 52 199 89
-12.8956 -2.9443 1.1783 52 199 89
-12.7099 -3.2138 -2.1599 52 199 89
-12.6872 -3.6615 -0.3635 52 199 89
-12.6940 -3.6805 3.1910 52 199 89
-12.7063 -3.5734 2.8533 52 199 89
-12.9249 -2.9904 1.3503 52 199 89
-12.7485 -3.6883 3.2961 52 199 89
-12.7631 -3.4215 2.9432 52 199 89
-12.8666 -3.0011 1.5259 52 199 89
-12.8163 -3.0285 1.6030 52 199 89
-12.7284 -3.3877 3.1894 52 199 89
-12.7515 -3.6841 2.7589 52 199 89
-12.7210 -3.7808 2.9347 52 199 89
-12.8334 -3.9854 3.1470 52 199 89
-12.7307 -3.5375 3.1356 52 199 89
-12.0755 -3.3273 -2.6271 52 199 89
-12.7366 -3.6542 -1.2721 52 199 89
-12.6796 -3.2469 2.6995 52 199 89
-12.6557 -3.7693 -0.9378 52 199 89
-12.4183 -3.4514 0.4629 52 199 89
-12.8425 -3.9400 3.3702 52 199 89
-12.7703 -3.9010 3.5366 52 199 89
-12.8764 -2.9352 1.1789 52 199 89
-12.9348 -2.9182 1.2160 52 199 89
-12.8807 -3.0269 1.2960 52 199 89
-12.7004 -3.6947 3.0263 52 199 89
-12.7385 -3.4369 3.0041 52 199 89
-12.7561 -3.2725 3.0764 52 199 89
-12.6891 -3.7461 2.8870 52 199 89
-12.7722 -3.4923 3.0094 52 199 89
-12.7793 -2.9359 3.0910 52 199 89
-12.7604 -3.6010 2.9654 52 199 89
-12.7134 -3.8713 2.8978 52 199 89
-12.8031 -3.9183 3.1407 52 199 89
-12.7789 -3.8034 2.8793 52 199 89
-12.6961 -3.6726 -1.4294 52 199 89
-12.7442 -2.9637 3.1198 52 199 89
-12.8252 -3.7605 3.2836 52 199 89
-12.6641 -3.9649 2.7403 52 199 89
-12.7217 -3.9659 3.2605 52 199 89
-12.8012 -3.9108 3.2646 52 199 89
-12.7766 -3.6526 -1.3012 52 199 89
-12.7779 -3.9886 3.4682 52 199 89
-12.7813 -3.6616 -1.1480 52 199 89
-12.6841 -3.8370 3.1533 52 199 89
-12.6737 -3.7089 -0.8966 52 199 89
-12.7511 -3.3889 3.2191 52 199 89
-12.7692 -3.8614 3.2435 52 199 89
-12.7249 -3.8325 3.1911 52 199 89
-12.9721 -3.0749 -0.3178 52 199 89
-12.7481 -3.5866 3.1679 52 199 89
-12.7047 -3.5348 3.1125 52 199 89
-12.5221 -3.4594 0.4238 52 199 89
-12.9054 -3.0349 0.8996 52 199 89
-12.8176 -3.3105 3.2076 52 199 89
-12.7684 -3.8585 3.1333 52 199 89
-12.7684 -3.8087 3.1314 52 199 89
-12.8612 -3.0311 1.2910 52 199 89
-12.8159 -3.0112 1.4946 52 199 89
-12.8661 -3.0161 1.6407 52 199 89
-12.7561 -3.2725 3.0751 52 199 89
-12.7606 -3.2695 3.0406 52 199 89
-12.7963 -3.2425 2.8478 52 199 89
-12.8014 -3.8884 3.0346 52 199 89
-12.6637 -3.7643 2.8211 52 199 89
-12.7688 -3.4216 2.9587 52 199 89
-12.7276 -3.7925 2.8977 52 199 89
-12.7559 -3.1916 2.8616 52 199 89
-12.7720 -3.1602 2.8757 52 199 89
-12.7912 -3.8943 2.9272 52 199 89
-12.8215 -3.8874 2.9605 52 199 89
-12.6629 -3.6756 -1.4007 52 199 89
-12.7182 -3.2143 -2.2061 52 199 89
-12.1073 -3.3035 -2.7260 52 199 89
-12.8136 -3.8855 3.0721 52 199 89
-12.7492 -3.2407 3.2598 52 199 89
-12.7532 -3.5626 3.0813 52 199 89
-12.7569 -3.6759 3.3696 52 199 89
-12.7493 -3.3786 2.7675 52 199 89
-12.6974 -3.6711 3.1660 52 199 89
-12.7066 -3.8877 3.1858 52 199 89
-12.7690 -3.9095 3.2561 52 199 89
-12.0939 -3.3274 -2.6756 52 199 89
-12.3294 -3.7278 -2.1388 52 199 89
-12.7862 -3.8937 3.2492 52 199 89
-12.7315 -3.7092 -1.4184 52 199 89
-12.6745 -3.3139 2.9897 52 199 89
-12.7224 -3.7777 -0.6025 52 199 89
-12.9981 -3.0719 -0.3082 52 199 89
-12.7379 -3.1379 2.9958 52 199 89
-12.5390 -3.4682 0.3543 52 199 89
-12.4237 -3.4716 0.3396 52 199 89
-12.4133 -3.4525 0.4671 52 199 89
-11.0982 -3.4757 0.5690 52 199 89
-12.7709 -3.7573 2.9861 52 199 89
-12.7777 -3.4211 2.9748 52 199 89
-12.8963 -2.9972 1.3693 52 199 89
-12.7459 -3.5896 2.9068 52 199 89
-12.7450 -3.1756 2.8615 52 199 89
-12.6225 -3.7684 2.6843 52 199 89
-12.7817 -3.6826 2.8094 52 199 89
-12.7324 -3.2123 -2.2159 52 199 89
-12.7163 -3.5387 2.7781 52 199 89
-12.7063 -3.6595 -1.4099 52 199 89
-11.2818 -3.5055 0.8333 52 199 89
-12.8705 -3.8964 3.1621 52 199 89
-12.7480 -3.7205 3.0913 52 199 89
-12.6919 -3.5789 -2.4884 52 199 89
-12.3596 -3.9383 2.8623 52 199 89
-12.6659 -3.9516 3.2368 52 199 89
-12.6655 -3.3869 3.1494 52 199 89
-12.6545 -3.3981 3.0539 52 199 89
-12.6176 -3.8197 2.9527 52 199 89
-12.3798 -3.4716 0.4566 52 199 89
-12.8085 -3.2902 3.1954 52 199 89
-12.7992 -3.7105 3.1697 52 199 89
-12.7227 -3.0125 3.0286 52 199 89
-11.1101 -3.4668 0.6069 52 199 89
-12.7996 -3.4061 3.1225 52 199 89
-12.8318 -3.0356 1.2997 52 199 89
-12.7730 -3.8779 3.0238 52 199 89
-12.7105 -3.4898 2.8925 52 199 89
-12.7317 -3.9546 2.9086 52 199 89
-12.6529 -3.7523 2.7941 52 199 89
-12.7514 -3.1343 2.9033 52 199 89
-12.7136 -3.1961 2.8028 52 199 89
-12.7151 -3.7405 2.8027 52 199 89
-12.7887 -3.3941 2.8416 52 199 89
-12.7862 -3.2518 2.8403 52 199 89
-12.7525 -3.6799 2.7764 52 199 89
-12.7793 -3.1071 2.7971 52 199 89
-12.7136 -3.7098 -1.0884 52 199 89
-12.6777 -3.1957 -1.3605 52 199 89
-12.7161 -3.2146 -2.1641 52 199 89
-12.6931 -3.2238 -2.5910 52 199 89
-12.6990 -3.6039 -2.6716 52 199 89
-12.0891 -3.3037 -2.6644 52 199 89
-12.3120 -3.7277 -2.1605 52 199 89
-12.7441 -3.2235 -2.3653 52 199 89
-12.6126 -3.9662 2.7410 52 199 89
-12.6898 -3.0748 2.9623 52 199 89
-12.7509 -3.1946 3.2311 52 199 89
-12.6556 -3.8801 3.0894 52 199 89
-12.8157 -3.8756 3.3405 52 199 89
-12.6551 -3.8212 3.0844 52 199 89
-12.7112 -3.4822 3.1487 52 199 89
-12.6952 -3.9083 3.1231 52 199 89
-12.7621 -3.3386 3.1926 52 199 89
-12.8476 -3.8927 3.2603 52 199 89
-12.7293 -3.7016 3.0688 52 199 89
-12.8174 -3.7587 3.1901 52 199 89
-12.8641 -3.7318 3.2409 52 199 89
-12.7498 -3.0604 3.0541 52 199 89
-12.7632 -3.5080 2.9343 52 199 89
-12.6789 -3.1705 2.8074 52 199 89
-12.8091 -3.1459 2.9918 52 199 89
-12.7585 -3.1659 2.8582 52 199 89
-12.8559 -3.8896 3.0016 52 199 89
-12.8022 -3.7513 2.9184 52 199 89
-12.7161 -3.6857 2.7954 52 199 89
-12.7490 -3.9554 2.8167 52 199 89
-12.7652 -3.1138 2.7524 52 199 89
-12.8761 -3.0150 1.6717 52 199 89
-12.5048 -3.5930 1.1403 52 199 89
-12.4170 -3.4703 0.4684 52 199 89
-12.6482 -3.7656 -0.5604 52 199 89
-12.7464 -3.6716 -0.9495 52 199 89
-12.6770 -3.6615 -0.9665 52 199 89
-12.6732 -3.7027 -1.0033 52 199 89
-12.7491 -3.7239 -1.1915 52 199 89
-12.6170 -3.2251 -1.3470 52 199 89
-12.8017 -3.5637 -2.2886 52 199 89
-12.6479 -3.2308 -2.5195 52 199 89
-12.0747 -3.3335 -2.6363 52 199 89
-12.6155 -3.8143 3.0246 52 199 89
-12.7661 -3.2681 3.1362 52 199 89
-12.7983 -3.8833 3.1762 52 199 89
-12.7376 -3.4926 2.9221 52 199 89
-12.7376 -3.9541 2.9032 52 199 89
-12.9891 -3.9149 3.1773 52 199 89
-12.6775 -3.2306 2.6538 52 199 89
-12.5390 -3.5945 1.1657 52 199 89
-12.4509 -3.4698 0.4653 52 199 89
-12.7909 -3.7253 -0.5354 52 199 89
-12.7009 -3.7108 -0.9268 52 199 89
-12.7453 -3.6619 -1.2029 52 199 89
-12.7253 -3.6034 -1.2591 52 199 89
-12.6173 -3.1997 -1.4226 52 199 89
-12.6718 -3.6142 -2.2568 52 199 89
-12.6129 -3.5819 -2.3261 52 199 89
-12.0745 -3.3042 -2.6344 52 199 89
-12.6926 -3.8257 3.1295 52 199 89
-12.7815 -3.2683 3.1461 52 199 89
-12.7256 -3.8934 2.8412 52 199 89
-12.7271 -3.1658 2.7327 52 199 89
-12.6837 -3.1320 2.6716 52 199 89
-12.8996 -3.0386 0.8506 52 199 89
-12.9883 -3.0756 -0.2907 52 199 89
-12.6866 -3.7130 -0.4834 52 199 89
-12.6201 -3.7588 -0.5367 52 199 89
-12.4956 -3.2160 -1.1735 52 199 89
-12.6591 -3.1864 -1.3187 52 199 89
-12.6677 -3.1915 -1.4825 52 199 89
-12.6087 -3.2603 -2.0002 52 199 89
-12.6334 -3.5832 -2.3278 52 199 89
-12.8137 -3.6489 -2.6310 52 199 89
-12.6605 -3.8970 2.9623 52 199 89
-12.5353 -3.7699 2.7442 52 199 89
-12.5086 -3.7252 2.6977 52 199 89
-12.4207 -3.2497 2.5213 52 199 89
-12.3365 -3.1368 2.3486 52 199 89
-12.4312 -3.2556 2.4948 52 199 89
-12.5360 -3.7315 2.6687 52 199 89
-12.4642 -3.4890 2.5405 52 199 89
-12.5466 -3.7625 2.6782 52 199 89
-12.4360 -3.4753 2.4852 52 199 89
-12.5949 -3.8218 2.7495 52 199 89
-12.3942 -3.2423 2.3879 52 199 89
-12.4127 -3.2943 2.4127 52 199 89
-12.5442 -3.8008 2.6400 52 199 89
-12.3492 -3.1459 2.2763 52 199 89
-12.4585 -3.5563 2.4529 52 199 89
-12.4820 -3.4719 2.4575 52 199 89
-12.3720 -3.2375 2.2786 52 199 89
-12.3457 -3.1566 2.2276 52 199 89
-12.4434 -3.3877 2.3855 52 199 89
-12.5447 -3.7481 2.5499 52 199 89
-12.5468 -3.6813 2.5406 52 199 89
-12.3827 -3.2582 2.2665 52 199 89
-12.4575 -3.4805 2.3832 52 199 89
-12.4438 -3.3957 2.3585 52 199 89
-12.4440 -3.3928 2.3496 52 199 89
-12.5002 -3.4606 2.4306 52 199 89
-12.5371 -3.6433 2.4855 52 199 89
-12.3556 -3.1688 2.1887 52 199 89
-12.5640 -3.7108 2.4607 52 199 89
-12.5696 -3.6975 2.4593 52 199 89
-12.4960 -3.5143 2.3333 52 199 89
-12.4967 -3.5056 2.3246 52 199 89
-12.4390 -3.3791 2.2258 52 199 89
-12.6019 -3.6773 2.4548 52 199 89
-12.3766 -3.2280 2.1018 52 199 89
-12.5576 -3.7911 2.3815 52 199 89
-12.5953 -3.7954 2.4252 52 199 89
-12.5202 -3.6653 2.3110 52 199 89
-12.4610 -3.4115 2.1864 52 199 89
-12.3567 -3.1363 1.9911 52 199 89
-12.4213 -3.3595 2.0744 52 199 89
-13.2152 -3.7249 -1.6127 52 199 89
-13.2219 -4.0459 -1.6411 52 199 89
-12.5815 -3.1701 -1.3765 52 199 89
-12.6276 -3.6228 -1.5850 52 199 89
-12.5449 -3.1319 -1.9211 52 199 89
-12.5215 -3.1757 -2.1045 52 199 89
-12.5419 -3.8623 2.8371 52 199 89
-12.5329 -3.7451 2.7872 52 199 89
-12.5114 -3.7256 2.7058 52 199 89
-12.3921 -3.3535 2.4893 52 199 89
-12.3984 -3.2525 2.4823 52 199 89
-12.3682 -3.2446 2.4323 52 199 89
-12.3241 -3.2255 2.3256 52 199 89
-12.3257 -3.1392 2.3265 52 199 89
-12.5576 -3.8121 2.7300 52 199 89
-12.5387 -3.7953 2.6901 52 199 89
-12.5336 -3.7554 2.6759 52 199 89
-12.3040 -3.2192 2.2741 52 199 89
-12.5304 -3.7294 2.6578 52 199 89
-12.4545 -3.4893 2.5231 52 199 89
-12.4821 -3.6129 2.5292 52 199 89
-12.5388 -3.8214 2.6210 52 199 89
-12.4979 -3.4909 2.5264 52 199 89
-12.3893 -3.3035 2.3443 52 199 89
-12.5476 -3.6310 2.5785 52 199 89
-12.3765 -3.2699 2.2949 52 199 89
-12.3559 -3.2459 2.2601 52 199 89
-12.5297 -3.7161 2.5428 52 199 89
-12.4750 -3.4718 2.4447 52 199 89
-12.3332 -3.1590 2.2080 52 199 89
-12.4737 -3.6528 2.4413 52 199 89
-12.4338 -3.4863 2.3703 52 199 89
-12.5722 -3.8666 2.4911 52 199 89
-12.5118 -3.6690 2.3779 52 199 89
-12.3642 -3.1633 2.1351 52 199 89
-12.4220 -3.4530 2.2126 52 199 89
-12.5202 -3.6797 2.3563 52 199 89
-12.5338 -3.5314 2.3684 52 199 89
-12.6466 -3.8064 2.5211 52 199 89
-12.5126 -3.4491 2.3112 52 199 89
-12.3515 -3.2272 2.0700 52 199 89
-12.3193 -3.1790 2.0232 52 199 89
-12.5954 -3.8693 2.4422 52 199 89
-12.3775 -3.2219 2.0741 52 199 89
-12.4415 -3.4116 2.1537 52 199 89
-12.3617 -3.1349 2.0066 52 199 89
-12.3675 -3.1418 2.0051 52 199 89
-12.4284 -3.3594 2.0897 52 199 89
-12.3846 -3.1458 -0.2870 52 199 89
-12.6181 -3.6340 -1.0096 52 199 89
-13.3290 -3.7596 -1.4874 52 199 89
-12.5859 -3.1234 -1.9409 52 199 89
-12.5510 -3.1307 -1.9305 52 199 89
-12.5782 -3.8804 2.8564 52 199 89
-12.4684 -3.5971 2.6536 52 199 89
-12.3896 -3.3544 2.4827 52 199 89
-12.5892 -3.8798 2.8291 52 199 89
-12.3864 -3.2538 2.4615 52 199 89
-12.5961 -3.8762 2.8299 52 199 89
-12.5468 -3.7652 2.7091 52 199 89
-12.5493 -3.7590 2.7134 52 199 89
-12.3405 -3.2129 2.3459 52 199 89
-12.4778 -3.4896 2.5589 52 199 89
-12.3663 -3.1367 2.3593 52 199 89
-12.4777 -3.4789 2.5449 52 199 89
-12.4276 -3.2490 2.4512 52 199 89
-12.5711 -3.8297 2.6846 52 199 89
-12.4931 -3.5348 2.5456 52 199 89
-12.4407 -3.3528 2.4394 52 199 89
-12.5039 -3.7475 2.5343 52 199 89
-12.5820 -3.8379 2.6501 52 199 89
-12.3705 -3.2438 2.2872 52 199 89
-12.3338 -3.1591 2.2101 52 199 89
-12.3965 -3.3490 2.2955 52 199 89
-12.3049 -3.1623 2.1306 52 199 89
-12.5287 -3.5554 2.4667 52 199 89
-12.5894 -3.7163 2.4965 52 199 89
-12.5278 -3.6721 2.4038 52 199 89
-12.3365 -3.1686 2.0984 52 199 89
-12.4280 -3.4516 2.2321 52 199 89
-12.3720 -3.2140 2.1379 52 199 89
-12.3856 -3.2647 2.1480 52 199 89
-12.3263 -3.2160 2.0460 52 199 89
-12.4225 -3.4247 2.1835 52 199 89
-12.5746 -3.7895 2.4080 52 199 89
-12.3628 -3.2027 2.0792 52 199 89
-12.5469 -3.7024 2.3488 52 199 89
-12.5317 -3.6090 2.2953 52 199 89
-12.4237 -3.4102 2.1325 52 199 89
-13.4305 -3.7754 -1.5450 52 199 89
-13.7009 -3.7227 -1.7750 52 199 89
-13.6385 -3.7126 -1.8012 52 199 89
-13.4055 -3.6630 -1.9535 52 199 89
-12.4815 -3.1713 -1.3501 52 199 89
-12.5836 -3.1237 -1.9346 52 199 89
-12.5510 -3.1307 -1.9305 52 199 89
-12.4929 -3.1806 -2.0578 52 199 89
-12.5723 -3.8092 2.9684 52 199 89
-12.5061 -3.7235 2.7168 52 199 89
-12.4531 -3.3513 2.5938 52 199 89
-12.4813 -3.6103 2.6365 52 199 89
-12.5618 -3.8726 2.7708 52 199 89
-12.3511 -3.2112 2.3737 52 199 89
-12.5476 -3.8219 2.6744 52 199 89
-12.3444 -3.1418 2.3155 52 199 89
-12.5671 -3.7938 2.6734 52 199 89
-12.4537 -3.5470 2.4622 52 199 89
-12.4222 -3.3205 2.3712 52 199 89
-12.4826 -3.6196 2.4645 52 199 89
-12.4011 -3.4458 2.3297 52 199 89
-12.4332 -3.3706 2.3752 52 199 89
-12.3401 -3.1553 2.1899 52 199 89
-12.3498 -3.1696 2.1919 52 199 89
-12.5788 -3.8689 2.5454 52 199 89
-12.5879 -3.6458 2.5265 52 199 89
-12.4933 -3.5257 2.3316 52 199 89
-12.4281 -3.4959 2.2344 52 199 89
-12.3515 -3.2041 2.0688 52 199 89
-12.5011 -3.7072 2.2706 52 199 89
-12.5318 -3.6115 2.3097 52 199 89
-12.4269 -3.4090 2.1519 52 199 89
-12.3526 -3.1471 2.0102 52 199 89
-13.1508 -3.7339 -1.3722 52 199 89
-13.2640 -4.0614 -1.6568 52 199 89
-13.1859 -3.7274 -1.6339 52 199 89
-13.3772 -3.7590 -1.9167 52 199 89
-12.5277 -3.1865 -1.3282 52 199 89
-12.6714 -3.1477 -1.4421 52 199 89
-12.6206 -3.1365 -1.4074 52 199 89
-12.5650 -3.1633 -2.0743 52 199 89
-12.7172 -3.2326 -2.2883 52 199 89
-12.5644 -3.1687 -2.1416 52 199 89
-12.9158 -3.5344 -2.6912 52 199 89
-12.5112 -3.7961 2.8479 52 199 89
-12.5315 -3.8025 2.6510 52 199 89
-12.5286 -3.5283 2.6293 52 199 89
-12.4548 -3.4787 2.5079 52 199 89
-12.4142 -3.3179 2.4325 52 199 89
-12.3506 -3.1424 2.3251 52 199 89
-12.6140 -3.8628 2.7657 52 199 89
-12.4734 -3.5488 2.5030 52 199 89
-12.4060 -3.5191 2.3943 52 199 89
-12.5760 -3.7891 2.6570 52 199 89
-12.4386 -3.3028 2.4181 52 199 89
-12.5280 -3.7673 2.5638 52 199 89
-12.3736 -3.2709 2.2960 52 199 89
-12.4130 -3.1588 2.3147 52 199 89
-12.3103 -3.1627 2.1413 52 199 89
-12.5681 -3.7668 2.5049 52 199 89
-12.3724 -3.1959 2.1833 52 199 89
-12.4287 -3.4535 2.2425 52 199 89
-12.3403 -3.1927 2.0508 52 199 89
-13.3281 -3.7612 -1.4511 52 199 89
-12.7416 -3.6640 -1.3033 52 199 89
-13.0371 -3.6241 -1.6130 52 199 89
-13.5393 -3.7818 -2.0305 52 199 89
-13.2365 -3.5959 -1.7909 52 199 89
-12.4607 -3.1978 -1.2749 52 199 89
-12.5430 -3.1622 -1.4012 52 199 89
-12.4880 -3.7082 2.6135 52 199 89
-12.5111 -3.6717 2.6502 52 199 89
-12.5018 -3.5887 2.6315 52 199 89
-12.4857 -3.4915 2.5768 52 199 89
-12.5591 -3.8251 2.6874 52 199 89
-12.5492 -3.7723 2.6710 52 199 89
-12.5032 -3.5340 2.5848 52 199 89
-12.5485 -3.7918 2.6453 52 199 89
-12.5117 -3.5517 2.5760 52 199 89
-12.5499 -3.6469 2.5701 52 199 89
-12.3744 -3.2543 2.2751 52 199 89
-12.3567 -3.1673 2.2215 52 199 89
-12.4427 -3.4404 2.3034 52 199 89
-12.3833 -3.1967 2.2012 52 199 89
-12.5529 -3.4969 2.4481 52 199 89
-12.4400 -3.3845 2.2748 52 199 89
-12.4465 -3.4295 2.2632 52 199 89
-12.4427 -3.4223 2.2570 52 199 89
-12.3948 -3.2588 2.1770 52 199 89
-12.4790 -3.4854 2.2693 52 199 89
-12.5150 -3.3603 2.3119 52 199 89
-12.3943 -3.2424 2.0910 52 199 89
-12.7439 -3.6635 -0.7004 52 199 89
-12.5626 -3.6487 -0.9913 52 199 89
-13.4146 -3.6750 -1.7884 52 199 89
-13.7866 -3.7153 -2.1780 52 199 89
-12.8870 -3.5465 -1.4928 52 199 89
-13.4087 -3.7623 -1.9283 52 199 89
-12.5639 -3.1981 -1.9852 52 199 89
-12.4484 -3.5960 2.5707 52 199 89
-12.4537 -3.5834 2.5521 52 199 89
-12.5966 -3.7113 2.7353 52 199 89
-12.4464 -3.4800 2.4812 52 199 89
-12.4664 -3.5494 2.4897 52 199 89
-12.4632 -3.5249 2.4836 52 199 89
-12.4592 -3.4850 2.4478 52 199 89
-12.4190 -3.3044 2.3748 52 199 89
-12.4021 -3.1951 2.2366 52 199 89
-12.4881 -3.3836 2.3531 52 199 89
-12.3962 -3.4252 2.1910 52 199 89
-12.3452 -3.2620 2.1057 52 199 89
-12.3648 -3.2253 2.1367 52 199 89
-12.3444 -3.2461 2.0272 52 199 89
-12.4074 -3.6150 -0.5698 52 199 89
-13.1253 -3.6544 -0.9949 52 199 89
-13.2837 -3.7579 -1.4382 52 199 89
-13.3232 -3.6500 -1.8022 52 199 89
-13.6941 -3.6031 -2.1250 52 199 89
-12.5521 -3.1526 -1.3323 52 199 89
-12.7929 -3.6127 -1.6027 52 199 89
-12.5561 -3.1877 -2.0499 52 199 89
-12.5617 -3.1692 -2.1169 52 199 89
-13.3455 -3.5649 -3.3071 52 199 89
-12.7465 -3.1684 -2.7083 52 199 89
-12.6913 -3.5474 -2.7957 52 199 89
-12.4138 -3.2517 2.2220 52 199 89
-12.4110 -3.2176 2.2168 52 199 89
-12.4769 -3.3674 2.2499 52 199 89
-12.7044 -3.1749 -2.6407 52 199 89
-12.2690 -3.6331 -1.6665 52 199 89
-12.3625 -3.6534 3.0090 52 199 89
-12.4531 -3.5037 2.8816 52 199 89
-12.3961 -3.5677 2.9683 52 199 89
-12.3738 -3.6431 -1.4192 52 199 89
-12.3582 -3.6392 -1.0482 52 199 89
-12.3150 -3.9362 2.8248 52 199 89
-12.3719 -3.6486 -0.8487 52 199 89
-12.3759 -3.5560 3.0039 52 199 89
-12.4087 -3.5875 2.8848 52 199 89
-13.1070 -3.9560 -0.3051 52 199 89
-13.1832 -3.9768 -0.2654 52 199 89
-12.3354 -3.9313 2.7505 52 199 89
-12.6465 -3.9145 2.7380 52 199 89
-12.1698 -3.9781 -0.0698 52 199 89
-12.2609 -4.0177 -0.0230 52 199 89
-12.6123 -3.9013 2.6515 52 199 89
-12.3890 -3.5694 2.9011 52 199 89
-12.3225 -3.5869 3.0402 52 199 89
-12.3152 -3.6481 3.0078 52 199 89
-12.4432 -3.8878 2.0275 52 199 89
-12.5402 -3.9420 2.5518 52 199 89
-12.4059 -3.5271 2.8749 52 199 89
-12.4122 -3.5851 2.8097 52 199 89
-12.2988 -3.9775 1.8157 52 199 89
-12.3909 -3.5668 2.8613 52 199 89
-12.2932 -3.7374 2.9630 52 199 89
-12.7231 -3.8429 2.2743 52 199 89
-12.3283 -3.6553 2.4518 52 199 89
-12.4231 -3.5140 2.8175 52 199 89
-12.3567 -3.5923 2.4531 52 199 89
-12.3973 -3.5809 2.8188 52 199 89
-12.4213 -3.4864 2.4072 52 199 89
-12.4238 -3.5284 2.7921 52 199 89
-12.2971 -3.9017 2.7757 52 199 89
-12.5411 -3.9283 2.5006 52 199 89
-12.3758 -3.5958 2.4509 52 199 89
-12.2482 -3.6674 3.0932 52 199 89
-12.3400 -3.7483 2.7984 52 199 89
-12.3146 -3.7510 2.8615 52 199 89
-12.3719 -3.6610 2.7789 52 199 89
-12.4241 -3.4847 2.4328 52 199 89
-12.4048 -3.8686 2.5127 52 199 89
-12.3953 -3.5365 2.8117 52 199 89
-12.4115 -3.5779 2.7347 52 199 89
-12.3696 -3.5267 2.5497 52 199 89
-12.2845 -3.6882 2.9348 52 199 89
-12.3217 -3.7618 2.7822 52 199 89
-12.2883 -3.8845 2.7562 52 199 89
-12.5645 -3.9438 2.4929 52 199 89
-12.3747 -3.5484 2.8222 52 199 89
-12.5717 -3.9489 2.4981 52 199 89
-12.3798 -3.5455 2.7979 52 199 89
-12.2958 -3.6825 2.8886 52 199 89
-12.4252 -3.9119 2.3781 52 199 89
-12.2592 -3.8233 2.5986 52 199 89
-12.3341 -3.6398 2.5756 52 199 89
-12.6964 -3.8564 2.6068 52 199 89
-12.3948 -3.5002 2.7962 52 199 89
-12.6627 -3.8807 2.3546 52 199 89
-12.3595 -3.7126 2.7027 52 199 89
-12.2539 -3.7335 2.9406 52 199 89
-12.3327 -3.7781 2.7114 52 199 89
-12.2437 -3.7432 2.7096 52 199 89
-12.3268 -3.6032 2.8631 52 199 89
-12.3300 -3.6927 2.7808 52 199 89
-12.3327 -3.8697 2.6206 52 199 89
-12.6040 -3.9178 2.3171 52 199 89
-12.3924 -3.5758 2.7153 52 199 89
-12.3262 -3.6329 2.8322 52 199 89
-12.2145 -3.6544 3.0725 52 199 89
-12.2945 -3.7312 2.8211 52 199 89
-12.3444 -3.9044 2.5521 52 199 89
-12.3934 -3.4934 2.7726 52 199 89
-12.4128 -3.5142 2.7081 52 199 89
-12.3136 -3.9368 2.5933 52 199 89
-12.6860 -3.8452 2.5454 52 199 89
-12.4119 -3.5181 2.6925 52 199 89
-12.3726 -3.5985 2.5517 52 199 89
-12.6545 -3.8686 2.5103 52 199 89
-12.4001 -3.5635 2.6806 52 199 89
-12.3091 -3.6828 2.8000 52 199 89
-12.3866 -3.6073 2.6690 52 199 89
-12.3578 -3.6699 2.6830 52 199 89
-12.2299 -3.7399 2.7785 52 199 89
-12.3394 -3.6414 2.6091 52 199 89
-12.7007 -3.8572 2.5365 52 199 89
-12.3013 -3.6147 2.7070 52 199 89
-12.6390 -3.8490 2.3350 52 199 89
-12.3160 -3.8922 2.5730 52 199 89
-12.6900 -3.8475 2.5049 52 199 89
-12.3719 -3.5456 2.7208 52 199 89
-12.6861 -3.9286 2.4544 52 199 89
-12.2975 -3.6789 2.7869 52 199 89
-12.3022 -3.6957 2.7675 52 199 89
-12.2645 -3.7187 2.8273 52 199 89
-12.4116 -3.8831 2.3518 52 199 89
-12.3813 -3.8930 2.4131 52 199 89
-12.3100 -3.7852 2.5710 52 199 89
-12.4053 -3.5210 2.6549 52 199 89
-12.3230 -3.6255 2.7492 52 199 89
-12.3617 -3.5917 2.6811 52 199 89
-12.2762 -3.6789 2.8027 52 199 89
-12.2951 -3.7736 2.6815 52 199 89
-12.2754 -3.7608 2.6785 52 199 89
-12.3669 -3.5989 2.5981 52 199 89
-12.3717 -3.5957 2.5840 52 199 89
-12.7279 -3.8635 2.5251 52 199 89
-12.3207 -3.7764 2.6060 52 199 89
-12.3426 -3.6236 2.6409 52 199 89
-12.1628 -3.7460 2.9586 52 199 89
-12.3132 -3.8247 2.5695 52 199 89
-12.6526 -3.9310 2.4406 52 199 89
-12.3932 -3.6723 -1.9827 52 199 89
-12.2075 -3.7739 -2.9568 52 199 89
-12.3071 -3.8265 -3.9900 52 199 89
-13.0929 -3.9569 -0.0602 52 199 89
-12.4197 -3.5861 2.6254 52 199 89
-12.4303 -3.4812 2.8395 52 199 89
-12.3047 -3.8589 2.6958 52 199 89
-12.4019 -3.9088 2.5370 52 199 89
-12.3693 -3.7511 2.6480 52 199 89
-12.4034 -3.5326 2.5070 52 199 89
-12.7482 -3.8483 2.6842 52 199 89
-12.3389 -3.4538 2.9986 52 199 89
-12.3415 -3.6288 2.7635 52 199 89
-12.3839 -3.6767 -1.9299 52 199 89
-12.4644 -3.5784 2.6614 52 199 89
-12.3107 -3.6560 3.0179 52 199 89
-12.4369 -3.4915 2.9720 52 199 89
-13.1167 -3.9684 -0.0050 52 199 89
-12.3958 -3.5572 2.9795 52 199 89
-12.4414 -3.8844 1.9953 52 199 89
-12.4794 -3.8975 1.9485 52 199 89
-12.3360 -3.6525 2.4387 52 199 89
-12.3987 -3.4694 2.4668 52 199 89
-12.5627 -3.9130 2.5981 52 199 89
-12.4453 -3.5813 2.7574 52 199 89
-12.6061 -3.9606 2.2726 52 199 89
-12.3505 -3.7556 2.4043 52 199 89
-12.3821 -3.8771 2.6409 52 199 89
-12.4599 -3.8846 2.0343 52 199 89
-12.3879 -3.6224 2.8463 52 199 89
-12.3891 -3.5393 2.4955 52 199 89
-12.3514 -3.5660 2.9757 52 199 89
-12.3952 -3.5757 2.4810 52 199 89
-12.3121 -3.7443 2.9058 52 199 89
-12.5431 -3.9342 2.5286 52 199 89
-12.4072 -3.5230 2.8506 52 199 89
-12.2883 -3.6342 3.0415 52 199 89
-12.6108 -3.9226 2.6085 52 199 89
-12.0400 -3.5896 3.2564 52 199 89
-12.3911 -3.5530 2.8534 52 199 89
-12.3768 -3.5248 2.5744 52 199 89
-12.3883 -3.5607 2.8230 52 199 89
-12.3096 -3.6906 2.9100 52 199 89
-12.3488 -4.0110 2.0150 52 199 89
-12.4173 -3.5334 2.7660 52 199 89
-12.4095 -3.5048 2.7925 52 199 89
-12.4113 -3.5159 2.7830 52 199 89
-12.2981 -3.7445 2.8559 52 199 89
-12.3756 -3.9031 2.5255 52 199 89
-12.6720 -3.9636 2.6616 52 199 89
-12.3808 -3.5522 2.8030 52 199 89
-12.6315 -3.9574 2.5909 52 199 89
-12.4468 -3.5469 2.6334 52 199 89
-12.3454 -3.6110 2.8267 52 199 89
-12.3372 -3.6096 2.6266 52 199 89
-12.2892 -3.6820 2.9032 52 199 89
-12.2938 -3.7647 2.8208 52 199 89
-12.6779 -3.8526 2.5747 52 199 89
-12.4056 -3.5600 2.7063 52 199 89
-12.3117 -3.6846 2.8341 52 199 89
-12.5421 -3.9548 2.4389 52 199 89
-12.6472 -3.9439 2.5810 52 199 89
-12.5291 -3.9420 2.4000 52 199 89
-12.4611 -3.8782 2.2919 52 199 89
-12.6756 -3.8432 2.5288 52 199 89
-12.3103 -3.5972 2.8706 52 199 89
-12.6202 -3.9449 2.5085 52 199 89
-12.6398 -3.9459 2.5448 52 199 89
-12.3765 -3.6016 2.7008 52 199 89
-12.3489 -3.6373 2.7397 52 199 89
-12.3579 -3.6706 2.6754 52 199 89
-12.2694 -3.7487 2.6968 52 199 89
-12.4280 -3.4966 2.6409 52 199 89
-12.4121 -3.5302 2.6531 52 199 89
-12.4108 -3.9131 2.3387 52 199 89
-12.3648 -3.4974 2.7860 52 199 89
-12.3772 -3.8966 2.4200 52 199 89
-12.3934 -3.5127 2.6887 52 199 89
-12.3330 -3.6281 2.7332 52 199 89
-12.3195 -3.7821 2.5648 52 199 89
-12.3736 -3.6400 2.5556 52 199 89
-12.4064 -3.5113 2.6442 52 199 89
-12.3676 -3.6477 2.6261 52 199 89
-12.2623 -3.6733 2.8425 52 199 89
-12.1951 -3.8430 2.8611 52 199 89
-12.6578 -3.8530 2.4321 52 199 89
-12.3741 -3.6152 2.6295 52 199 89
-12.2833 -3.7637 2.7112 52 199 89
-12.3246 -3.9600 2.0297 52 199 89
-12.4174 -3.4907 2.5754 52 199 89
-12.3163 -3.7014 2.6686 52 199 89
-12.7550 -3.8790 2.5532 52 199 89
-13.1328 -3.9658 -0.2508 52 199 89
-13.1898 -3.9555 -0.7676 52 199 89
-13.5709 -4.0331 -0.9709 52 199 89
-12.3812 -3.5980 -1.1295 52 199 89
-12.2585 -3.6283 -1.6883 52 199 89
-12.3708 -3.4564 -1.6893 52 199 89
-12.3083 -3.6160 -1.7448 52 199 89
-12.2912 -3.6553 -1.8505 52 199 89
-12.3103 -3.8271 -3.9799 52 199 89
-12.3116 -3.8268 -3.9994 52 199 89
-12.3739 -3.9025 2.6072 52 199 89
-12.3582 -3.8558 2.6428 52 199 89
-12.4258 -3.5227 2.8626 52 199 89
-13.2157 -3.9733 -0.5430 52 199 89
-12.3560 -3.6367 2.9606 52 199 89
-12.3649 -3.9337 2.5478 52 199 89
-12.3499 -3.6469 3.0488 52 199 89
-12.4125 -3.5306 3.0805 52 199 89
-12.7774 -3.8912 -2.5561 52 199 89
-12.2378 -3.8423 2.8739 52 199 89
-12.3071 -3.6265 2.6413 52 199 89
-12.5152 -3.9508 2.4972 52 199 89
-12.3507 -3.5786 2.7350 52 199 89
-12.4687 -3.8918 1.9323 52 199 89
-12.3361 -3.9839 1.8703 52 199 89
-12.6939 -3.9235 2.8022 52 199 89
-12.2556 -3.7592 2.7911 52 199 89
-12.3088 -3.8571 2.5875 52 199 89
-12.3913 -3.6821 2.7944 52 199 89
-12.2872 -3.6285 2.5625 52 199 89
-12.4112 -3.5265 2.8593 52 199 89
-12.4034 -3.5265 2.8797 52 199 89
-12.4593 -3.5650 2.7024 52 199 89
-12.3992 -3.4697 2.4644 52 199 89
-12.3636 -3.5507 2.9455 52 199 89
-12.3090 -3.6970 2.9493 52 199 89
-12.2966 -3.6128 2.7698 52 199 89
-12.3957 -3.5350 2.4901 52 199 89
-12.4236 -3.5362 2.7829 52 199 89
-12.3217 -3.7150 2.8758 52 199 89
-12.3453 -3.6365 2.5829 52 199 89
-12.3569 -3.5162 2.6828 52 199 89
-12.2822 -3.5355 2.8234 52 199 89
-12.4106 -3.5279 2.7936 52 199 89
-12.5337 -3.9447 2.4687 52 199 89
-12.3718 -3.5471 2.8238 52 199 89
-12.2308 -3.7078 3.0159 52 199 89
-12.3198 -3.8294 -3.9462 52 199 89
-12.3110 -3.6645 -1.8058 52 199 89
-12.2838 -3.5998 -1.7887 52 199 89
-12.2886 -3.6071 -1.7617 52 199 89
-12.3762 -3.4599 -1.6738 52 199 89
-12.2710 -3.6346 -1.6646 52 199 89
-12.5219 -3.9134 2.3593 52 199 89
-12.5725 -3.9554 2.4491 52 199 89
-12.5820 -3.9346 2.4423 52 199 89
-12.3783 -3.5972 -1.1257 52 199 89
-12.3243 -3.6216 -1.0811 52 199 89
-12.4214 -3.4917 2.6641 52 199 89
-12.4126 -3.5339 3.0772 52 199 89
-12.1437 -3.7130 3.2194 52 199 89
-12.3802 -3.5470 3.0352 52 199 89
-12.2702 -3.7209 3.1520 52 199 89
-12.4141 -3.5946 2.8809 52 199 89
-12.4343 -3.5283 2.8412 52 199 89
-12.2894 -3.8539 2.9050 52 199 89
-12.3938 -3.6258 2.8318 52 199 89
-12.3690 -3.5356 2.9649 52 199 89
-12.4256 -3.5293 2.7836 52 199 89
-12.3269 -3.6344 -2.0204 52 199 89
-12.3584 -3.9357 2.5040 52 199 89
-12.4148 -3.5074 2.7186 52 199 89
-12.3892 -3.5023 2.7777 52 199 89
-12.2699 -3.6814 2.9912 52 199 89
-12.2916 -3.7794 2.6086 52 199 89
-12.6080 -3.9258 2.3603 52 199 89
-12.6035 -3.8485 2.4159 52 199 89
-12.3614 -3.5480 2.7855 52 199 89
-12.2805 -3.8843 2.6812 52 199 89
-12.2982 -3.6995 2.6133 52 199 89
-12.3520 -3.6396 -0.9033 52 199 89
-12.4143 -3.5318 2.6503 52 199 89
-12.3605 -3.5540 2.5702 52 199 89
-12.2647 -3.7317 2.6413 52 199 89
-13.1915 -3.9633 -0.6758 52 199 89
-12.3278 -3.7985 2.5536 52 199 89
-12.9003 -3.9139 -0.2249 52 199 89
-12.4295 -3.6170 2.3262 52 199 89
-12.5328 -3.9389 2.1547 52 199 89
-12.3571 -3.4922 2.8109 52 199 89
-12.3110 -3.8704 2.5723 52 199 89
-12.3877 -3.8534 2.4102 52 199 89
-12.2666 -3.7678 2.7899 52 199 89
-12.2381 -3.7075 2.8944 52 199 89
-12.3900 -3.5448 2.7721 52 199 89
-12.3314 -3.6857 2.8000 52 199 89
-12.4343 -3.5411 2.6867 52 199 89
-12.3585 -3.9349 2.6946 52 199 89
-12.4172 -3.5808 2.8919 52 199 89
-12.6252 -3.9263 2.6334 52 199 89
-12.4446 -3.5795 2.7765 52 199 89
-12.4256 -3.5420 2.7223 52 199 89
-12.7069 -3.9008 2.3807 52 199 89
-12.3235 -3.8586 -3.9524 52 199 89
-12.3481 -3.6457 3.0571 52 199 89
-12.4045 -3.5486 2.8875 52 199 89
-12.3875 -3.9043 2.3381 52 199 89
-12.2701 -3.6988 -3.0335 52 199 89
-12.3678 -3.8577 2.6111 52 199 89
-12.2605 -3.6903 -1.8666 52 199 89
-12.3575 -3.6657 2.8973 52 199 89
-12.3368 -3.7519 2.8431 52 199 89
-12.3210 -3.9877 2.2263 52 199 89
-12.3315 -3.6367 -2.0084 52 199 89
-12.6600 -3.9651 2.6892 52 199 89
-12.2468 -3.6348 -1.8842 52 199 89
-12.3107 -3.6182 -1.7096 52 199 89
-12.2408 -3.6254 -1.7624 52 199 89
-12.3456 -3.7090 2.7502 52 199 89
-12.3750 -3.6381 -1.4379 52 199 89
-12.3394 -3.6349 -1.4539 52 199 89
-12.3669 -3.5914 -1.1381 52 199 89
-12.4007 -3.5660 2.7124 52 199 89
-13.2128 -3.9631 -0.8180 52 199 89
-12.2312 -3.8809 2.8492 52 199 89
-12.2814 -4.0269 -0.0213 52 199 89
-12.3537 -3.7565 2.6493 52 199 89
-12.3754 -3.9432 2.1623 52 199 89
-12.6221 -3.9645 2.5405 52 199 89
-12.0948 -3.9157 3.1238 52 199 89
-12.6087 -3.9417 2.4821 52 199 89
-12.3343 -4.0145 2.1292 52 199 89
-12.3421 -3.8535 2.2305 52 199 89
-12.2257 -3.9500 1.7067 52 199 89
-12.3681 -3.8050 2.4089 52 199 89
-12.3934 -3.6824 2.2957 52 199 89
-12.2377 -3.8110 2.8003 52 199 89
-12.3062 -3.8571 2.5908 52 199 89
-12.2011 -3.6533 2.9681 52 199 89
-12.3819 -3.4567 2.5106 52 199 89
-12.3324 -3.6349 2.6774 52 199 89
-12.3241 -3.5103 2.7803 52 199 89
-12.3676 -3.6366 2.5766 52 199 89
-12.3994 -3.5357 2.4799 52 199 89
-12.7309 -3.9615 2.4884 52 199 89
-12.3966 -3.5399 2.5726 52 199 89
-12.3631 -3.8140 2.4306 52 199 89
-12.3099 -3.7158 2.6148 52 199 89
-12.3980 -3.9306 2.5060 52 199 89
-12.5718 -3.9087 2.2873 52 199 89
-12.1637 -3.9361 1.7513 52 199 89
-12.1648 -3.9385 1.7307 52 199 89
-12.2914 -3.6968 2.6318 52 199 89
-12.2472 -3.7012 2.7102 52 199 89
-12.4134 -3.7835 2.2657 52 199 89
-12.3534 -3.6139 2.5011 52 199 89
-12.6859 -3.9383 2.5150 52 199 89
-12.2945 -3.6001 2.8582 52 199 89
-12.3260 -3.6379 2.9066 52 199 89
-12.4365 -3.8762 2.4226 52 199 89
-13.1166 -3.9453 0.2382 52 199 89
-12.3870 -3.5874 2.7130 52 199 89
-13.1605 -3.9680 -0.1951 52 199 89
-13.1474 -3.9587 -0.5057 52 199 89
-12.2997 -3.7216 2.8799 52 199 89
-12.3508 -3.6390 -0.9090 52 199 89
-12.4160 -3.5085 2.7206 52 199 89
-12.3882 -3.5447 2.7764 52 199 89
-12.4212 -3.6655 -2.7934 52 199 89
-12.3528 -3.7105 -3.2492 52 199 89
-12.4342 -3.6482 2.7044 52 199 89
-12.4063 -3.5497 2.8806 52 199 89
-12.6115 -3.9274 2.6976 52 199 89
-12.3894 -3.7674 2.7912 52 199 89
-12.4216 -3.5394 3.0644 52 199 89
-12.5915 -3.9573 2.6997 52 199 89
-12.3274 -3.6512 2.9933 52 199 89
-12.3800 -3.5848 2.9037 52 199 89
-12.3774 -3.6160 2.8842 52 199 89
-12.3753 -3.6828 2.8332 52 199 89
-12.3227 -3.6356 2.9267 52 199 89
-12.4243 -3.7463 2.5747 52 199 89
-12.4036 -3.5776 2.7598 52 199 89
-12.2135 -3.7387 3.0292 52 199 89
-12.4200 -3.9132 2.3853 52 199 89
-12.4645 -3.8950 2.2614 52 199 89
-12.2827 -3.7213 2.7750 52 199 89
-12.2149 -3.7390 2.9117 52 199 89
-12.2201 -3.5783 3.0048 52 199 89
-11.8483 -3.6495 3.8003 52 199 89
-12.4668 -3.8780 2.1840 52 199 89
-12.3587 -3.6364 2.6044 52 199 89
-12.3623 -3.5193 2.6721 52 199 89
-12.3313 -3.8024 2.5133 52 199 89
-12.4229 -3.8522 2.2677 52 199 89
-12.8140 -3.9236 2.6209 52 199 89
-12.3605 -3.6024 2.5820 52 199 89
-12.2303 -3.7887 2.6814 52 199 89
-12.2708 -3.9562 1.8657 52 199 89
-12.4035 -3.5492 2.4454 52 199 89
-12.3987 -3.6068 2.4193 52 199 89
-12.3857 -3.5527 2.4231 52 199 89
-12.3290 -3.6569 2.4646 52 199 89
-12.3460 -3.8642 2.2738 52 199 89
-12.3876 -3.6794 2.3050 52 199 89
-13.0868 -3.9609 0.0164 52 199 89
-12.1773 -3.3665 -1.0825 52 199 89
-12.3651 -3.6418 -1.0148 52 199 89
-12.3691 -3.5920 -1.1247 52 199 89
-13.0654 -3.9562 -1.5424 52 199 89
-12.3769 -3.6525 -1.3884 52 199 89
-12.2659 -3.6279 -1.5552 52 199 89
-12.3829 -3.6009 -1.4862 52 199 89
-12.2923 -3.6416 -1.5784 52 199 89
-12.2994 -3.6148 -1.6093 52 199 89
-12.3172 -3.6227 -1.6431 52 199 89
-12.2912 -3.6487 -1.6656 52 199 89
-12.2916 -3.6539 -1.7290 52 199 89
-13.3422 -4.0200 -2.1915 52 199 89
-12.4305 -3.6700 -2.7556 52 199 89
-12.2439 -3.6880 -3.3079 52 199 89
-12.3565 -3.7025 -3.1975 52 199 89
-12.3514 -3.7094 -3.2464 52 199 89
-12.3880 -3.6224 2.8513 52 199 89
-12.3788 -3.5470 2.9128 52 199 89
-12.2589 -3.9252 2.8534 52 199 89
-12.4014 -3.5552 2.8099 52 199 89
-12.2978 -3.8473 2.7810 52 199 89
-12.4047 -3.9298 2.4484 52 199 89
-12.2373 -3.6393 3.0856 52 199 89
-12.3878 -3.5408 2.7651 52 199 89
-12.3188 -3.7420 2.7619 52 199 89
-12.3934 -3.6493 2.6406 52 199 89
-12.2688 -3.6322 2.8735 52 199 89
-12.3504 -3.9855 2.0842 52 199 89
-12.3296 -3.5686 2.7401 52 199 89
-12.2904 -3.8127 2.6034 52 199 89
-12.1502 -3.7361 2.9555 52 199 89
-12.2282 -3.8386 2.6903 52 199 89
-12.6903 -3.9230 2.4421 52 199 89
-12.3527 -3.5107 2.6192 52 199 89
-12.4043 -3.5734 2.4595 52 199 89
-12.4035 -3.5365 2.4752 52 199 89
-12.3242 -3.5655 2.6167 52 199 89
-12.2788 -3.6340 2.6691 52 199 89
-12.3252 -3.6011 2.5626 52 199 89
-12.3188 -3.6381 2.5509 52 199 89
-12.4015 -3.8685 2.1986 52 199 89
-12.3421 -3.8501 2.2917 52 199 89
-12.3985 -3.6574 -0.9730 52 199 89
-12.2659 -3.6279 -1.5552 52 199 89
-12.3061 -3.6469 -1.5511 52 199 89
-12.2538 -3.6317 -1.7330 52 199 89
-12.3311 -3.6773 -1.7291 52 199 89
-12.3681 -3.6768 -1.9641 52 199 89
-12.2697 -3.5451 -3.0966 52 199 89
-12.2475 -3.6895 -3.1057 52 199 89
-12.4568 -3.6815 -2.7750 52 199 89
-12.3256 -3.6518 -3.3513 52 199 89
-12.4549 -3.8874 2.5134 52 199 89
-12.5952 -3.8986 2.6501 52 199 89
-12.3589 -3.5015 3.0532 52 199 89
-12.4527 -3.7095 2.6327 52 199 89
-12.3029 -3.5553 3.0237 52 199 89
-12.4366 -3.7580 2.5236 52 199 89
-12.4760 -3.8364 2.3356 52 199 89
-12.4087 -3.9179 2.3970 52 199 89
-12.3421 -3.5937 2.7349 52 199 89
-12.3746 -3.5291 2.6574 52 199 89
-12.1961 -3.7286 2.8909 52 199 89
-12.3131 -3.5854 2.7117 52 199 89
-12.4759 -3.8567 2.0662 52 199 89
-12.4022 -3.5527 2.4256 52 199 89
-12.1169 -3.9118 1.5524 52 199 89
-12.5595 -3.8027 0.4661 52 199 89
-12.3643 -3.5893 -1.1085 52 199 89
-12.2672 -3.6331 -1.2741 52 199 89
-12.3392 -3.6324 -1.4736 52 199 89
-12.2214 -3.6168 -1.8000 52 199 89
-12.3191 -3.6265 -1.9986 52 199 89
-12.2389 -3.6848 -3.1375 52 199 89
-12.7516 -3.9356 -2.8444 52 199 89
-12.1996 -3.6692 -3.4507 52 199 89
-12.3291 -3.6795 -3.1323 52 199 89
-12.3092 -3.6796 -3.4888 52 199 89
-12.4549 -3.8874 2.5134 52 199 89
-12.3270 -3.5224 3.0624 52 199 89
-12.3473 -3.8689 2.6745 52 199 89
-12.2834 -3.6610 2.9699 52 199 89
-12.4090 -3.5709 2.7115 52 199 89
-12.2794 -3.9314 2.7133 52 199 89
-12.3441 -3.6281 2.6726 52 199 89
-12.2558 -3.6749 2.8442 52 199 89
-12.2563 -3.9495 1.9267 52 199 89
-12.3804 -3.6226 2.5249 52 199 89
-12.4035 -3.6423 2.3931 52 199 89
-12.2892 -3.6224 2.6605 52 199 89
-12.4371 -3.7104 2.2658 52 199 89
-12.3308 -3.8113 2.4197 52 199 89
-12.4421 -3.5788 2.3204 52 199 89
-12.2507 -4.0225 -0.1452 52 199 89
-12.3709 -3.5779 -0.8844 52 199 89
-12.2752 -3.6940 -1.8237 52 199 89
-12.2663 -3.6748 -1.8879 52 199 89
-12.3246 -3.5759 -2.8981 52 199 89
-12.3607 -3.7615 -2.6571 52 199 89
-12.3382 -3.6849 -3.0996 52 199 89
-12.7687 -3.9514 -3.2370 52 199 89
-12.9721 -3.7559 -2.7883 52 199 89
-13.4323 -3.8140 -3.5215 52 199 89
-13.1712 -3.8024 -2.5846 52 199 89
-13.5935 -3.9853 -2.9375 52 199 89
-13.6140 -3.8941 -2.9028 52 199 89
-11.6280 -3.8771 3.9583 52 199 89
-13.7082 -4.1048 3.9306 52 199 89
-13.9243 -3.8480 3.4453 52 199 89
-11.7423 -3.8502 2.9843 52 199 89
-11.7148 -3.8433 3.0455 52 199 89
-13.8890 -4.0133 3.4959 52 199 89
-13.7492 -4.0988 3.8663 52 199 89
-11.6696 -3.9137 3.2465 52 199 89
-11.6440 -3.9085 3.3051 52 199 89
-13.8090 -4.0440 3.9143 52 199 89
-11.5787 -3.9031 3.4500 52 199 89
-13.7567 -4.1108 3.7945 52 199 89
-13.6828 -4.1288 3.3095 52 199 89
-13.9028 -3.9240 3.6213 52 199 89
-11.6491 -3.8899 3.6662 52 199 89
-13.8496 -3.9059 3.5622 52 199 89
-11.6493 -3.8869 3.6504 52 199 89
-13.8360 -4.0374 3.5522 52 199 89
-13.9115 -3.8967 3.9854 52 199 89
-13.7931 -4.0803 3.5088 52 199 89
-11.6365 -3.9057 3.3560 52 199 89
-13.8854 -3.9914 3.9053 52 199 89
-13.8499 -4.0055 3.6132 52 199 89
-13.8603 -4.0543 3.6430 52 199 89
-13.9142 -3.9293 3.8363 52 199 89
-11.7318 -3.8435 3.3005 52 199 89
-13.9733 -3.9319 3.8745 52 199 89
-13.9292 -3.9139 3.8116 52 199 89
-13.7712 -4.0987 3.4786 52 199 89
-13.9515 -3.8826 3.7955 52 199 89
-11.6645 -3.8546 3.8637 52 199 89
-13.9419 -3.9090 3.8749 52 199 89
-13.9793 -3.9252 3.7768 52 199 89
-13.8236 -4.0169 3.6705 52 199 89
-13.8508 -4.0519 3.6373 52 199 89
-11.6404 -3.8832 3.9532 52 199 89
-11.6943 -3.8726 3.6350 52 199 89
-13.5735 -3.9808 -2.9111 52 199 89
-13.4707 -3.8743 -2.7376 52 199 89
-13.9800 -3.8473 3.5092 52 199 89
-11.7396 -3.8495 2.9903 52 199 89
-13.8309 -4.0156 3.7346 52 199 89
-11.6167 -3.9080 3.3774 52 199 89
-13.8612 -3.9282 3.9037 52 199 89
-13.9162 -3.8950 3.7055 52 199 89
-13.8117 -4.0899 3.9078 52 199 89
-13.7814 -4.0378 3.8592 52 199 89
-14.1700 -3.5847 3.9263 52 199 89
-13.0465 -3.7542 -2.8814 52 199 89
-13.8598 -4.0078 3.4487 52 199 89
-13.7687 -4.0985 3.4764 52 199 89
-13.8748 -3.9742 3.7255 52 199 89
-13.5408 -4.0994 3.5572 52 199 89
-13.7237 -4.1282 3.9126 52 199 89
-13.7831 -4.1408 3.9219 52 199 89
-13.7345 -4.1077 3.8463 52 199 89
-13.8535 -3.9180 3.8900 52 199 89
-13.8291 -4.0333 3.6865 52 199 89
-13.9338 -3.9264 3.8115 52 199 89
-13.9375 -3.8994 3.7473 52 199 89
-13.7998 -3.9756 3.5370 52 199 89
-13.7719 -4.1004 3.4830 52 199 89
-11.6361 -3.9054 3.3490 52 199 89
-11.6190 -3.9077 3.3685 52 199 89
-13.9844 -3.8484 3.5154 52 199 89
-13.4942 -3.8475 -2.6949 52 199 89
-13.4738 -3.8300 -3.6369 52 199 89
-11.6805 -3.9072 3.8768 52 199 89
-11.6594 -3.8696 3.8071 52 199 89
-13.6993 -4.0756 3.6890 52 199 89
-13.7878 -4.0002 3.7679 52 199 89
-13.8001 -3.9438 3.7297 52 199 89
-13.9703 -3.9033 3.9806 52 199 89
-11.6379 -3.9082 3.4698 52 199 89
-13.9787 -3.9889 3.8578 52 199 89
-13.7928 -4.0247 3.5668 52 199 89
-11.5949 -3.9041 3.4366 52 199 89
-13.4905 -3.8466 -2.6972 52 199 89
-12.6256 -3.6654 -1.7582 52 199 89
-12.0957 -3.5730 -1.1606 52 199 89
-11.6452 -3.8890 3.8324 52 199 89
-13.9136 -3.9841 3.8575 52 199 89
-13.9729 -3.9172 3.9410 52 199 89
-13.8934 -3.9951 3.7024 52 199 89
-13.0553 -3.7818 -2.3730 52 199 89
-12.6119 -3.6531 -1.8793 52 199 89
-12.1142 -3.5641 -1.1795 52 199 89
-11.8212 -3.5385 -0.7985 52 199 89
-13.9957 -3.7136 3.9110 52 199 89
-13.8787 -3.9596 3.7187 52 199 89
-13.7543 -4.0814 3.4739 52 199 89
-13.9813 -3.9813 3.7822 52 199 89
-12.2285 -3.5740 -1.3401 52 199 89
-12.6468 -3.6822 -2.1187 52 199 89
-12.9395 -3.7554 -2.7533 52 199 89
-13.1808 -3.7843 -3.1462 52 199 89
-13.9560 -3.9195 3.8933 52 199 89
-12.7411 -3.6758 -1.9795 52 199 89
-12.5256 -3.6491 -1.7227 52 199 89
-12.5085 -3.6403 -1.7202 52 199 89
-12.0847 -3.5628 -1.1372 52 199 89
-13.3417 -3.8218 -3.4412 52 199 89
-13.7290 -4.0154 -3.1065 52 199 89
-11.9583 -3.3292 0.4773 52 199 89
-11.9279 -3.3597 0.4545 52 199 89
-11.9532 -3.3346 0.4804 52 199 89
-11.9667 -3.3199 0.4978 52 199 89
-11.8175 -3.4384 0.3296 52 199 89
-11.9558 -3.3317 0.4783 52 199 89
-11.9592 -3.3280 0.4879 52 199 89
-11.9296 -3.3589 0.4349 52 199 89
-11.8188 -3.4375 0.3317 52 199 89
-11.9845 -3.3000 0.5017 52 199 89
-11.9065 -3.3800 0.4153 52 199 89
-14.3235 -2.2781 2.7798 52 199 89
-12.0174 -3.3415 0.5145 52 199 89
-11.8147 -3.4398 0.3281 52 199 89
-11.9071 -3.3801 0.4242 52 199 89
-14.3746 -3.2290 2.6558 52 199 89
-14.0414 -3.1156 -3.9742 52 199 89
-14.4772 -2.6657 3.2052 52 199 89
-12.0315 -3.5925 0.3798 52 199 89
-11.4917 -3.7000 2.6749 52 199 89
-11.7519 -3.7848 2.1799 52 199 89
-11.6087 -3.7181 2.2487 52 199 89
-12.0166 -3.5947 0.3651 52 199 89
-12.0105 -3.5954 0.3630 52 199 89
-11.6294 -3.6990 2.0481 52 199 89
-11.3978 -3.6043 2.8190 52 199 89
-11.5030 -3.7593 2.5375 52 199 89
-11.2362 -3.6167 3.3218 52 199 89
-11.7559 -3.7343 2.3169 52 199 89
-12.2816 -3.9181 1.2350 52 199 89
-11.4338 -3.6376 2.8989 52 199 89
-11.7395 -3.6879 1.8522 52 199 89
-11.5223 -3.6888 2.6444 52 199 89
-11.2336 -3.6143 3.3120 52 199 89
-11.9206 -3.8183 1.9178 52 199 89
-11.0640 -3.5664 3.4778 52 199 89
-11.0491 -3.5117 3.0209 52 199 89
-11.3087 -3.6406 3.0357 52 199 89
-11.3082 -3.6003 2.6420 52 199 89
-12.3042 -3.8045 0.9971 52 199 89
-12.2536 -3.8624 1.1204 52 199 89
-12.2364 -3.8917 1.1271 52 199 89
-12.8285 -3.9930 1.0503 52 199 89
-12.3344 -3.7567 1.3006 52 199 89
-12.2754 -3.8283 1.0241 52 199 89
-12.2294 -3.9020 1.1722 52 199 89
-12.8837 -3.9108 1.0684 52 199 89
-12.8470 -3.9672 0.9898 52 199 89
-12.3242 -3.7610 0.8254 52 199 89
-12.2480 -3.8730 1.1174 52 199 89
-12.2457 -3.8753 1.1190 52 199 89
-12.3022 -3.7922 0.8576 52 199 89
-12.3357 -3.7542 1.0452 52 199 89
-12.3206 -3.7599 0.8484 52 199 89
-12.2387 -3.8842 1.3491 52 199 89
-12.8356 -3.9814 1.0637 52 199 89
-12.2520 -3.8650 1.1610 52 199 89
-12.8613 -3.9551 1.0029 52 199 89
-12.2683 -3.6880 0.4486 52 199 89
-12.8706 -3.9399 0.9325 52 199 89
-12.3236 -3.7572 0.8571 52 199 89
-12.3223 -3.7724 1.0497 52 199 89
-12.2211 -3.9043 0.9269 52 199 89
-12.8472 -3.9632 1.0348 52 199 89
-12.2464 -3.8743 1.1064 52 199 89
-12.2446 -3.8762 1.1080 52 199 89
-12.3122 -3.7738 0.8727 52 199 89
-12.2219 -3.9103 1.1238 52 199 89
-12.2734 -3.8441 1.2589 52 199 89
-12.8622 -3.9431 1.3283 52 199 89
-12.8350 -3.9811 1.0817 52 199 89
-12.2477 -3.8729 1.1051 52 199 89
-12.8486 -3.9355 1.3177 52 199 89
-12.2309 -3.9037 1.2848 52 199 89
-12.8641 -3.9387 1.3278 52 199 89
-12.2708 -3.8416 1.2534 52 199 89
-12.2236 -3.9077 1.1165 52 199 89
-12.2684 -3.8438 1.2623 52 199 89
-12.2426 -3.8767 0.9253 52 199 89
-12.2326 -3.8986 1.1935 52 199 89
-12.2480 -3.8749 1.1828 52 199 89
-12.2694 -3.8449 1.1629 52 199 89
-12.3026 -3.7892 0.8912 52 199 89
-12.3163 -3.7882 1.0410 52 199 89
-12.2052 -3.9314 0.9945 52 199 89
-12.2447 -3.8704 1.0991 52 199 89
-12.2798 -3.8246 1.0901 52 199 89
-12.2053 -3.9211 0.9618 52 199 89
-12.3163 -3.7850 1.2021 52 199 89
-12.8736 -3.9338 1.1355 52 199 89
-12.8361 -3.9867 0.9669 52 199 89
-12.3182 -3.7868 1.1825 52 199 89
-12.2233 -3.9076 1.1015 52 199 89
-12.2671 -3.7194 0.4665 52 199 89
-12.2261 -3.9098 1.2647 52 199 89
-12.8615 -3.9561 0.9816 52 199 89
-12.3226 -3.7719 1.1910 52 199 89
-12.2140 -3.9238 0.9613 52 199 89
-12.2160 -3.9142 0.9632 52 199 89
-12.2967 -3.8002 0.9180 52 199 89
-12.8609 -3.9549 1.0087 52 199 89
-12.3004 -3.7944 0.9157 52 199 89
-12.2881 -3.8000 0.8385 52 199 89
-12.2310 -3.8974 1.0986 52 199 89
-12.2119 -3.9193 0.9725 52 199 89
-12.8895 -3.9186 1.0834 52 199 89
-12.8628 -3.9525 0.9968 52 199 89
-12.2193 -3.9159 0.9703 52 199 89
-12.3446 -3.7407 0.9890 52 199 89
-12.2694 -3.6965 0.4408 52 199 89
-12.8681 -3.9523 1.0765 52 199 89
-12.2690 -3.8382 1.2070 52 199 89
-12.2685 -3.6876 0.4356 52 199 89
-12.2295 -3.8975 1.0454 52 199 89
-12.3199 -3.7820 1.1505 52 199 89
-12.2340 -3.8985 1.2401 52 199 89
-12.2061 -3.9297 0.9940 52 199 89
-12.2694 -3.8442 1.1912 52 199 89
-12.2689 -3.8459 1.1873 52 199 89
-12.8421 -3.9746 1.0042 52 199 89
-12.2438 -3.8759 1.0697 52 199 89
-12.2258 -3.9097 1.2530 52 199 89
-12.8516 -3.9659 1.1023 52 199 89
-12.8699 -3.9336 1.0166 52 199 89
-12.2821 -3.8310 1.1714 52 199 89
-12.2931 -3.8068 0.9494 52 199 89
-12.2857 -3.8211 1.0307 52 199 89
-12.8774 -3.9391 1.0292 52 199 89
-12.2075 -3.9282 1.0116 52 199 89
-12.2268 -3.9068 1.2103 52 199 89
-12.8437 -3.9701 1.0286 52 199 89
-12.2165 -3.9220 1.0175 52 199 89
-12.3170 -3.7762 1.0056 52 199 89
-12.2349 -3.8975 1.2483 52 199 89
-12.3092 -3.7918 1.1383 52 199 89
-12.2484 -3.8641 1.0019 52 199 89
-12.2848 -3.8226 1.0673 52 199 89
-12.2298 -3.8977 1.0633 52 199 89
-12.2034 -3.9257 1.0030 52 199 89
-12.3158 -3.7714 1.0373 52 199 89
-12.8370 -3.9778 1.0820 52 199 89
-12.3305 -3.7619 0.8583 52 199 89
-12.2210 -3.9139 1.1877 52 199 89
-12.3399 -3.7439 0.9435 52 199 89
-12.8871 -3.9280 1.0636 52 199 89
-12.8745 -3.9392 1.0612 52 199 89
-12.3491 -3.7441 1.0846 52 199 89
-12.3206 -3.7713 1.1151 52 199 89
-12.3205 -3.7745 1.1132 52 199 89
-12.8619 -3.9501 1.0388 52 199 89
-12.8540 -3.9647 1.0602 52 199 89
-12.2127 -3.9297 1.0527 52 199 89
-12.8307 -3.9898 1.0508 52 199 89
-12.2400 -3.8821 1.1722 52 199 89
-12.2214 -3.9152 1.0385 52 199 89
-12.2751 -3.8281 1.0065 52 199 89
-12.2534 -3.8604 1.0425 52 199 89
-12.2497 -3.8743 1.0372 52 199 89
-12.8193 -3.9934 1.0608 52 199 89
-12.2125 -3.9271 0.9803 52 199 89
-12.2805 -3.8210 1.0417 52 199 89
-12.2173 -3.9184 0.9625 52 199 89
-12.2496 -3.8130 0.5139 52 199 89
-12.2267 -3.9055 1.1743 52 199 89
-12.8625 -3.9504 1.0301 52 199 89
-12.2098 -3.9161 1.0144 52 199 89
-12.3445 -3.7466 1.0759 52 199 89
-12.3219 -3.7734 1.0938 52 199 89
-12.2731 -3.8369 1.1347 52 199 89
-12.8561 -3.9501 1.1890 52 199 89
-12.2751 -3.8228 0.9577 52 199 89
-12.8824 -3.9114 1.0955 52 199 89
-12.2552 -3.7949 0.5038 52 199 89
-12.2744 -3.8290 1.0253 52 199 89
-12.2494 -3.8139 0.5079 52 199 89
-12.2723 -3.8332 0.9559 52 199 89
-12.2846 -3.8179 1.0283 52 199 89
-12.3424 -3.7550 1.1005 52 199 89
-12.2277 -3.9033 1.1494 52 199 89
-12.2474 -3.8676 1.1579 52 199 89
-12.3118 -3.7842 1.0821 52 199 89
-12.8718 -3.9443 0.8536 52 199 89
-12.2646 -3.8380 0.8139 52 199 89
-12.8567 -3.9504 1.1680 52 199 89
-12.8899 -3.9037 1.1735 52 199 89
-12.2683 -3.6963 0.4583 52 199 89
-12.3242 -3.7716 1.0531 52 199 89
-12.8617 -3.9480 0.8538 52 199 89
-12.2696 -3.8352 0.9562 52 199 89
-12.2980 -3.7996 0.9254 52 199 89
-12.2333 -3.9002 1.2676 52 199 89
-12.2282 -3.8996 1.0585 52 199 89
-12.8556 -3.9408 1.2979 52 199 89
-12.8613 -3.9459 1.3134 52 199 89
-12.8250 -3.9968 1.0737 52 199 89
-12.3199 -3.7734 1.0442 52 199 89
-12.2222 -3.9091 1.1054 52 199 89
-12.3212 -3.7796 1.2233 52 199 89
-12.3262 -3.7656 0.8230 52 199 89
-12.8537 -3.9625 1.0963 52 199 89
-12.8623 -3.9523 1.0026 52 199 89
-12.2512 -3.8698 1.1197 52 199 89
-12.2175 -3.9191 0.9166 52 199 89
-12.8530 -3.9460 1.1002 52 199 89
-12.2757 -3.8310 0.9991 52 199 89
-12.8629 -3.9618 1.0920 52 199 89
-12.2711 -3.8320 1.0469 52 199 89
-12.8546 -3.9618 1.0812 52 199 89
-12.8611 -3.9509 1.0540 52 199 89
-12.2513 -3.8731 1.2331 52 199 89
-12.3172 -3.7816 1.2234 52 199 89
-12.2518 -3.8720 1.2177 52 199 89
-12.3399 -3.7466 0.9849 52 199 89
-12.2889 -3.8130 0.9974 52 199 89
-12.8573 -3.9294 1.2355 52 199 89
-12.2326 -3.8941 1.2548 52 199 89
-12.8839 -3.9029 1.1115 52 199 89
-12.2247 -3.9049 1.0793 52 199 89
-12.2430 -3.8787 1.1367 52 199 89
-12.3470 -3.7405 1.0003 52 199 89
-12.8332 -3.9651 1.1039 52 199 89
-12.2678 -3.6886 0.4637 52 199 89
-12.2278 -3.9059 1.2215 52 199 89
-12.2288 -3.9062 1.2716 52 199 89
-12.2137 -3.9211 1.0870 52 199 89
-12.2544 -3.8750 1.2321 52 199 89
-12.2335 -3.8983 1.2166 52 199 89
-12.2462 -3.8768 1.1875 52 199 89
-12.2675 -3.6878 0.4604 52 199 89
-12.3271 -3.7682 1.1635 52 199 89
-12.3392 -3.7481 0.9717 52 199 89
-12.8979 -3.9101 1.1500 52 199 89
-12.2815 -3.8231 0.9510 52 199 89
-12.2433 -3.8705 1.1284 52 199 89
-12.3215 -3.7730 1.0937 52 199 89
-12.8461 -3.9675 1.0549 52 199 89
-12.2743 -3.8304 1.0448 52 199 89
-12.8633 -3.9652 1.1266 52 199 89
-12.8561 -3.9589 1.1243 52 199 89
-12.8715 -3.9337 1.0181 52 199 89
-12.8661 -3.9416 0.8499 52 199 89
-12.2598 -3.8416 0.8210 52 199 89
-12.2638 -3.8387 0.8284 52 199 89
-12.3378 -3.7515 1.1013 52 199 89
-12.2475 -3.8737 1.1600 52 199 89
-12.2099 -3.9229 0.9823 52 199 89
-12.8690 -3.9365 1.0545 52 199 89
-12.2661 -3.8461 1.2049 52 199 89
-12.3257 -3.7622 0.8278 52 199 89
-12.2141 -3.9134 0.9419 52 199 89
-12.8704 -3.9358 1.0218 52 199 89
-12.2688 -3.6887 0.4348 52 199 89
-12.8675 -3.9372 1.0835 52 199 89
-12.3232 -3.7574 0.8402 52 199 89
-12.3039 -3.7898 0.8897 52 199 89
-12.3212 -3.7608 0.8483 52 199 89
-12.2183 -3.9178 0.9473 52 199 89
-12.3014 -3.7915 0.8996 52 199 89
-12.2439 -3.8738 1.0406 52 199 89
-12.2120 -3.9189 0.9664 52 199 89
-12.8616 -3.9758 1.0762 52 199 89
-12.2758 -3.8273 0.9569 52 199 89
-12.2994 -3.7974 0.9319 52 199 89
-12.2102 -3.9230 1.0005 52 199 89
-12.2989 -3.7932 0.9165 52 199 89
-12.3226 -3.7753 1.0446 52 199 89
-12.2688 -3.6887 0.4399 52 199 89
-12.3153 -3.7856 1.0507 52 199 89
-12.8624 -3.9501 1.0735 52 199 89
-12.2304 -3.8981 1.0991 52 199 89
-12.2222 -3.9091 1.1054 52 199 89
-12.2171 -3.9167 1.1090 52 199 89
-12.2666 -3.7207 0.4737 52 199 89
-12.3344 -3.7530 1.0174 52 199 89
-12.2230 -3.9079 1.0976 52 199 89
-12.2388 -3.9026 1.0868 52 199 89
-12.8331 -3.9651 1.1057 52 199 89
-12.2927 -3.7991 0.8243 52 199 89
-12.2177 -3.9245 1.0887 52 199 89
-12.2863 -3.8114 0.9991 52 199 89
-12.8484 -3.9659 1.1212 52 199 89
-12.8866 -3.9119 1.0703 52 199 89
-12.2297 -3.8979 1.0634 52 199 89
-12.2223 -3.8999 1.0845 52 199 89
-12.2706 -3.8443 1.2814 52 199 89
-12.2557 -3.7947 0.4857 52 199 89
-12.3006 -3.7910 0.8613 52 199 89
-12.2153 -3.9276 1.0647 52 199 89
-12.3236 -3.7744 1.2127 52 199 89
-12.3190 -3.7817 1.2083 52 199 89
-12.2695 -3.8445 1.2544 52 199 89
-12.2250 -3.8954 1.0533 52 199 89
-12.2310 -3.9037 1.2822 52 199 89
-12.2538 -3.8585 1.0600 52 199 89
-12.3236 -3.7712 1.0525 52 199 89
-12.2281 -3.8996 1.0574 52 199 89
-12.3164 -3.7855 1.2038 52 199 89
-12.8518 -3.9660 1.0878 52 199 89
-12.2700 -3.8385 1.2432 52 199 89
-12.2632 -3.8439 1.0283 52 199 89
-12.2349 -3.8981 1.2644 52 199 89
-12.2289 -3.9060 1.2697 52 199 89
-12.2926 -3.8078 1.0152 52 199 89
-12.3238 -3.7737 1.1846 52 199 89
-12.2723 -3.8420 1.2438 52 199 89
-12.2690 -3.8443 1.2282 52 199 89
-12.2665 -3.8463 1.2294 52 199 89
-12.2508 -3.8642 1.1642 52 199 89
-12.2258 -3.8980 0.9243 52 199 89
-12.3160 -3.7662 1.2041 52 199 89
-12.3451 -3.7496 1.1492 52 199 89
-12.8568 -3.9604 1.0882 52 199 89
-12.2297 -3.8963 1.2529 52 199 89
-12.8580 -3.9413 1.2810 52 199 89
-12.2311 -3.8991 1.1527 52 199 89
-12.3413 -3.7460 1.0606 52 199 89
-12.8858 -3.9116 1.0956 52 199 89
-12.2733 -3.8401 1.1999 52 199 89
-12.2780 -3.8237 0.9052 52 199 89
-12.8572 -3.9458 1.2529 52 199 89
-12.8629 -3.9321 1.2513 52 199 89
-12.3176 -3.7800 1.1525 52 199 89
-12.8613 -3.9559 1.0301 52 199 89
-12.3401 -3.7579 1.1175 52 199 89
-12.2146 -3.9243 0.9602 52 199 89
-12.2281 -3.9050 1.2128 52 199 89
-12.2479 -3.8538 -2.5336 52 199 89
-12.8433 -3.9751 0.9669 52 199 89
-12.2129 -3.9276 0.9722 52 199 89
-12.3209 -3.7742 1.1365 52 199 89
-12.3061 -3.7982 1.1460 52 199 89
-12.8580 -3.9584 1.0846 52 199 89
-12.3091 -3.7921 1.1377 52 199 89
-12.2453 -3.8767 1.1874 52 199 89
-12.8404 -3.9691 1.1219 52 199 89
-12.8547 -3.9523 0.9782 52 199 89
-12.8361 -3.9859 0.9804 52 199 89
-12.8597 -3.9479 1.1671 52 199 89
-12.2196 -3.9167 1.2013 52 199 89
-12.2266 -3.9060 1.1852 52 199 89
-12.2740 -3.8303 1.0301 52 199 89
-12.3443 -3.7490 1.1314 52 199 89
-12.8860 -3.9141 1.0708 52 199 89
-12.8424 -3.9747 0.9959 52 199 89
-12.2157 -3.8945 0.9126 52 199 89
-12.3382 -3.7526 0.9808 52 199 89
-12.2058 -3.9301 0.9918 52 199 89
-12.8621 -3.9562 1.0197 52 199 89
-12.2491 -3.8720 1.1584 52 199 89
-12.2334 -3.8968 1.1688 52 199 89
-12.2996 -3.7975 0.9385 52 199 89
-12.3395 -3.7495 1.0595 52 199 89
-12.3267 -3.7748 1.2120 52 199 89
-12.2345 -3.9011 1.1091 52 199 89
-12.3166 -3.7754 1.1002 52 199 89
-12.8253 -3.9965 1.0689 52 199 89
-12.2710 -3.8351 1.1381 52 199 89
-12.8575 -3.9508 1.1889 52 199 89
-12.2729 -3.8345 0.9572 52 199 89
-12.2564 -3.7918 0.5026 52 199 89
-12.3322 -3.7539 1.0782 52 199 89
-12.2977 -3.7988 0.9514 52 199 89
-12.2561 -3.7894 0.4981 52 199 89
-12.8809 -3.9344 1.0302 52 199 89
-12.8240 -3.9984 1.0685 52 199 89
-12.3449 -3.7423 1.0551 52 199 89
-12.3377 -3.7554 1.0557 52 199 89
-12.2146 -3.9174 1.0306 52 199 89
-12.2436 -3.8791 1.1324 52 199 89
-12.3466 -3.7427 0.9910 52 199 89
-12.8943 -3.9058 1.1795 52 199 89
-12.2938 -3.8014 0.9591 52 199 89
-12.3262 -3.7737 1.0535 52 199 89
-12.2457 -3.8745 1.1258 52 199 89
-12.2235 -3.9088 1.1407 52 199 89
-12.2221 -3.9107 1.1417 52 199 89
-12.2682 -3.6962 0.4565 52 199 89
-12.3407 -3.7496 0.9648 52 199 89
-12.2124 -3.9206 1.0284 52 199 89
-12.2259 -3.9050 1.1280 52 199 89
-12.2153 -3.9161 1.0229 52 199 89
-12.2516 -3.8661 0.9974 52 199 89
-12.2094 -3.9258 1.0337 52 199 89
-12.2160 -3.9247 1.0247 52 199 89
-12.2546 -3.7980 0.4906 52 199 89
-12.3386 -3.7456 0.9877 52 199 89
-12.2217 -3.9105 1.1238 52 199 89
-12.2485 -3.8225 0.5092 52 199 89
-12.2995 -3.7990 0.9732 52 199 89
-12.3190 -3.7832 1.2167 52 199 89
-12.8848 -3.9174 1.0786 52 199 89
-12.2544 -3.8595 1.0402 52 199 89
-12.3354 -3.7505 1.0303 52 199 89
-12.3042 -3.7955 0.9725 52 199 89
-12.3401 -3.7443 0.9475 52 199 89
-12.2526 -3.8665 1.0865 52 199 89
-12.2478 -3.8715 1.0949 52 199 89
-12.2329 -3.8952 1.1042 52 199 89
-12.8407 -3.9741 1.0464 52 199 89
-12.2839 -3.8101 0.8743 52 199 89
-12.8469 -3.9753 1.1311 52 199 89
-12.8680 -3.9313 1.1295 52 199 89
-12.2710 -3.8359 0.9557 52 199 89
-12.2689 -3.6900 0.4432 52 199 89
-12.2314 -3.8969 1.0983 52 199 89
-12.2551 -3.7944 0.5335 52 199 89
-12.2249 -3.9047 1.0816 52 199 89
-12.8729 -3.9488 0.8219 52 199 89
-12.3230 -3.7764 1.2046 52 199 89
-12.3169 -3.7898 1.2280 52 199 89
-12.2388 -3.8749 0.9334 52 199 89
-12.8717 -3.9171 1.0504 52 199 89
-12.8519 -3.9643 1.0586 52 199 89
-12.8492 -3.9692 1.0584 52 199 89
-12.2561 -3.8671 1.1418 52 199 89
-12.8599 -3.9539 0.9891 52 199 89
-12.2478 -3.8720 1.0204 52 199 89
-12.2701 -3.8257 1.0170 52 199 89
-12.3176 -3.7794 1.0882 52 199 89
-12.8555 -3.9626 0.9891 52 199 89
-12.2168 -3.9291 0.9691 52 199 89
-12.2691 -3.8309 0.9453 52 199 89
-12.2708 -3.8439 1.2754 52 199 89
-12.8411 -3.9869 0.9961 52 199 89
-12.2071 -3.9216 0.9904 52 199 89
-12.2247 -3.9023 1.1493 52 199 89
-12.2728 -3.8346 0.9559 52 199 89
-12.3372 -3.7506 0.9625 52 199 89
-12.2761 -3.8202 0.9585 52 199 89
-12.8490 -3.9721 1.0235 52 199 89
-12.3167 -3.7826 1.0686 52 199 89
-12.2743 -3.8278 0.9703 52 199 89
-12.2986 -3.8002 0.9543 52 199 89
-12.1987 -3.9209 1.0502 52 199 89
-12.3386 -3.7544 1.0471 52 199 89
-12.8136 -3.9892 1.0270 52 199 89
-12.2020 -3.9201 1.0527 52 199 89
-12.2107 -3.9181 1.0411 52 199 89
-12.2437 -3.8713 1.1243 52 199 89
-12.2212 -3.9066 1.1390 52 199 89
-12.3169 -3.7732 0.9957 52 199 89
-12.8431 -3.9773 1.0926 52 199 89
-12.8417 -3.9797 1.0924 52 199 89
-12.2277 -3.8959 1.0727 52 199 89
-12.2749 -3.8309 1.0428 52 199 89
-12.8497 -3.9649 1.1018 52 199 89
-12.3216 -3.7743 1.0501 52 199 89
-12.3127 -3.7830 1.0629 52 199 89
-12.2793 -3.8199 1.0458 52 199 89
-12.2695 -3.6892 0.4361 52 199 89
-12.2482 -3.8721 1.0419 52 199 89
-12.2189 -3.9096 1.1320 52 199 89
-12.8435 -3.9437 1.0912 52 199 89
-12.2681 -3.6883 0.4468 52 199 89
-12.2407 -3.8719 1.0443 52 199 89
-12.3175 -3.7793 1.1553 52 199 89
-12.3146 -3.7717 1.0589 52 199 89
-12.2208 -3.9065 1.1218 52 199 89
-12.8530 -3.9573 1.1191 52 199 89
-12.2770 -3.8338 1.0588 52 199 89
-12.2694 -3.6892 0.4422 52 199 89
-12.2670 -3.8449 1.1902 52 199 89
-12.2203 -3.9174 1.1072 52 199 89
-12.3197 -3.7731 1.1342 52 199 89
-12.3376 -3.7518 1.1134 52 199 89
-12.2497 -3.8122 0.5255 52 199 89
-12.8695 -3.9469 0.8227 52 199 89
-12.2921 -3.7916 0.8557 52 199 89
-12.3242 -3.7608 0.8316 52 199 89
-12.3230 -3.7734 1.1100 52 199 89
-12.3187 -3.7590 0.8480 52 199 89
-12.2157 -3.9169 0.9095 52 199 89
-12.2173 -3.9146 0.9219 52 199 89
-12.2117 -3.9128 0.9480 52 199 89
-12.2505 -3.8731 1.1561 52 199 89
-12.2417 -3.8826 1.1647 52 199 89
-12.3295 -3.7615 1.1109 52 199 89
-12.8637 -3.9537 0.8930 52 199 89
-12.2139 -3.9135 1.0478 52 199 89
-12.8389 -3.9965 0.9034 52 199 89
-12.2781 -3.8316 1.0020 52 199 89
-12.2817 -3.8230 0.9977 52 199 89
-12.2293 -3.8974 1.1803 52 199 89
-12.2701 -3.8482 1.0165 52 199 89
-12.2302 -3.9032 1.2833 52 199 89
-12.8684 -3.9392 0.9363 52 199 89
-12.8431 -3.9877 0.9349 52 199 89
-12.2183 -3.9029 0.9259 52 199 89
-12.3197 -3.7797 1.1969 52 199 89
-12.3151 -3.7910 1.2022 52 199 89
-12.2297 -3.8975 1.1973 52 199 89
-12.2697 -3.8377 1.2472 52 199 89
-12.2716 -3.8415 1.2439 52 199 89
-12.8848 -3.9111 1.0728 52 199 89
-12.8396 -3.9848 1.0659 52 199 89
-12.3164 -3.7852 1.1871 52 199 89
-12.8586 -3.9593 0.9542 52 199 89
-12.3223 -3.7681 1.1756 52 199 89
-12.2272 -3.8957 1.0468 52 199 89
-12.2671 -3.8374 1.0232 52 199 89
-12.2314 -3.8972 1.2479 52 199 89
-12.8649 -3.9454 1.2729 52 199 89
-12.2399 -3.8846 1.1664 52 199 89
-12.2310 -3.8953 1.1744 52 199 89
-12.8532 -3.9677 0.9802 52 199 89
-12.3488 -3.7475 1.1136 52 199 89
-12.2492 -3.8726 1.0928 52 199 89
-12.2525 -3.8665 1.0851 52 199 89
-12.3289 -3.7620 0.8915 52 199 89
-12.8448 -3.9720 1.1275 52 199 89
-12.3107 -3.7940 1.0416 52 199 89
-12.8641 -3.9539 1.1956 52 199 89
-12.3451 -3.7391 1.0207 52 199 89
-12.3343 -3.7552 1.0759 52 199 89
-12.8401 -3.9805 1.1183 52 199 89
-12.8664 -3.9385 1.1199 52 199 89
-12.3384 -3.7514 1.0331 52 199 89
-12.2686 -3.6836 0.4449 52 199 89
-12.2462 -3.8751 1.0739 52 199 89
-12.2685 -3.6906 0.4502 52 199 89
-12.2329 -3.8913 1.1207 52 199 89
-12.2350 -3.8985 1.1394 52 199 89
-12.3171 -3.7714 0.9857 52 199 89
-12.8880 -3.9048 1.0236 52 199 89
-12.8372 -3.9913 1.0217 52 199 89
-12.2051 -3.9284 1.0708 52 199 89
-12.2044 -3.9273 1.0184 52 199 89
-12.2684 -3.6916 0.4518 52 199 89
-12.2816 -3.8183 1.0391 52 199 89
-12.1488 -3.6843 0.3337 52 199 89
-12.2243 -3.9003 1.0754 52 199 89
-12.8839 -3.9108 1.0943 52 199 89
-12.2445 -3.8744 0.9885 52 199 89
-12.2716 -3.8359 0.9744 52 199 89
-12.2504 -3.8712 1.0872 52 199 89
-12.2338 -3.8907 1.1373 52 199 89
-12.3038 -3.7871 0.9537 52 199 89
-12.2214 -3.9168 1.1325 52 199 89
-12.2192 -3.9097 1.1492 52 199 89
-12.2530 -3.8620 1.1150 52 199 89
-12.3244 -3.7695 1.0608 52 199 89
-12.2163 -3.9161 1.2080 52 199 89
-12.2304 -3.9061 1.1905 52 199 89
-12.2271 -3.9012 1.2083 52 199 89
-12.3188 -3.7782 1.1366 52 199 89
-12.9032 -3.9167 1.2060 52 199 89
-12.2252 -3.8941 0.9164 52 199 89
-12.2410 -3.8758 0.9088 52 199 89
-12.3448 -3.7407 0.9949 52 199 89
-12.2415 -3.8853 1.2469 52 199 89
-12.2176 -3.9207 1.0288 52 199 89
-12.8702 -3.9428 0.8606 52 199 89
-12.2634 -3.8438 0.8187 52 199 89
-12.8406 -3.9587 1.0469 52 199 89
-12.2617 -3.8362 0.8246 52 199 89
-12.2479 -3.8718 1.0213 52 199 89
-12.8420 -3.9417 0.8464 52 199 89
-12.2962 -3.7892 0.8546 52 199 89
-12.2746 -3.8457 1.2603 52 199 89
-12.2160 -3.9181 0.9096 52 199 89
-12.3229 -3.7633 0.8469 52 199 89
-12.8428 -3.9879 0.9396 52 199 89
-12.2697 -3.8378 1.2446 52 199 89
-12.3273 -3.7776 1.1737 52 199 89
-12.2706 -3.8494 1.2251 52 199 89
-12.2190 -3.9157 0.9548 52 199 89
-12.2776 -3.8415 1.2006 52 199 89
-12.2660 -3.8416 0.8165 52 199 89
-12.8439 -3.9581 0.9749 52 199 89
-12.8416 -3.9625 0.9748 52 199 89
-12.8596 -3.9305 1.2480 52 199 89
-12.2227 -3.8880 0.9902 52 199 89
-12.2778 -3.8259 0.9525 52 199 89
-12.2440 -3.8814 1.2065 52 199 89
-12.8532 -3.9651 1.0179 52 199 89
-12.8542 -3.9443 1.2341 52 199 89
-12.8325 -3.9981 1.0251 52 199 89
-12.2528 -3.8804 1.1709 52 199 89
-12.2300 -3.8973 1.1988 52 199 89
-12.2315 -3.9066 1.1901 52 199 89
-12.2533 -3.8618 1.1718 52 199 89
-12.8415 -3.9802 1.0898 52 199 89
-12.3476 -3.7474 1.0817 52 199 89
-12.3189 -3.7733 0.9856 52 199 89
-12.2316 -3.8945 1.1765 52 199 89
-12.2749 -3.8324 1.0343 52 199 89
-12.8591 -3.9460 1.1006 52 199 89
-12.8495 -3.9655 1.1010 52 199 89
-12.3169 -3.7767 1.1043 52 199 89
-12.2839 -3.8200 1.0370 52 199 89
-12.2487 -3.8138 0.5122 52 199 89
-12.2423 -3.8819 1.1615 52 199 89
-12.2555 -3.7900 0.5044 52 199 89
-12.1502 -3.6641 0.3338 52 199 89
-12.3337 -3.7546 0.9981 52 199 89
-12.8176 -3.9956 1.0591 52 199 89
-12.2934 -3.8014 1.0140 52 199 89
-12.3165 -3.7820 1.0812 52 199 89
-12.2555 -3.8760 1.1171 52 199 89
-12.2298 -3.9071 1.1398 52 199 89
-12.8624 -3.9366 1.1152 52 199 89
-12.8526 -3.9578 1.1217 52 199 89
-12.2676 -3.6913 0.4529 52 199 89
-12.2675 -3.6899 0.4520 52 199 89
-12.3132 -3.7891 1.0617 52 199 89
-12.2215 -3.9176 1.0992 52 199 89
-12.2536 -3.8686 1.1091 52 199 89
-12.2346 -3.9000 1.1153 52 199 89
-12.2285 -3.9209 1.1177 52 199 89
-12.2257 -3.9113 1.0963 52 199 89
-12.2275 -3.9086 1.0897 52 199 89
-12.2708 -3.6848 0.4486 52 199 89
-12.3375 -3.7504 1.0360 52 199 89
-12.2678 -3.7517 0.4258 52 199 89
-12.2511 -3.8709 1.1013 52 199 89
-12.2185 -3.9100 1.1297 52 199 89
-12.3442 -3.7574 1.0164 52 199 89
-12.2754 -3.8327 1.0646 52 199 89
-12.8336 -3.9666 1.1134 52 199 89
-12.1508 -3.6624 0.3177 52 199 89
-12.3178 -3.7783 1.2090 52 199 89
-12.2043 -3.9322 1.0071 52 199 89
-12.2748 -3.8402 1.0507 52 199 89
-12.2708 -3.8327 0.9194 52 199 89
-12.3449 -3.7443 1.1234 52 199 89
-12.2384 -3.9003 1.2664 52 199 89
-12.2830 -3.8093 0.8826 52 199 89
-12.2692 -3.8341 0.9796 52 199 89
-12.2173 -3.9130 1.1057 52 199 89
-12.8334 -3.9806 0.9219 52 199 89
-12.3368 -3.7441 0.9993 52 199 89
-12.2726 -3.6878 0.4688 52 199 89
-12.3466 -3.7490 1.1472 52 199 89
-12.8277 -3.9908 0.8999 52 199 89
-12.2275 -3.8975 0.8897 52 199 89
-12.2853 -3.8117 0.8585 52 199 89
-12.3160 -3.7622 0.9183 52 199 89
-12.2563 -3.8686 1.2041 52 199 89
-12.2318 -3.8968 1.2492 52 199 89
-12.3354 -3.7524 1.2741 52 199 89
-12.3375 -3.7607 1.2634 52 199 89
-12.3173 -3.7905 1.2316 52 199 89
-12.3170 -3.7858 1.1863 52 199 89
-12.3062 -3.7951 1.1618 52 199 89
-12.2583 -3.8639 1.1044 52 199 89
-12.8395 -3.9812 1.1208 52 199 89
-12.3337 -3.7638 1.1148 52 199 89
-12.8656 -3.9553 1.1979 52 199 89
-12.2964 -3.8076 0.8970 52 199 89
-12.3230 -3.7873 1.2232 52 199 89
-12.2225 -3.9135 1.0361 52 199 89
-12.3140 -3.7736 0.8792 52 199 89
-12.6104 -3.8194 0.9239 52 199 89
-12.2806 -3.7009 -1.7604 52 199 89
-12.8351 -3.9777 0.9222 52 199 89
-12.2148 -3.9230 1.0436 52 199 89
-12.2844 -3.8110 1.0015 52 199 89
-12.3040 -3.7988 0.9916 52 199 89
-12.8567 -3.9385 1.3135 52 199 89
-12.2723 -3.8468 1.2366 52 199 89
-12.3417 -3.7564 1.1208 52 199 89
-12.2526 -3.8795 1.1928 52 199 89
-12.2639 -3.8402 0.8175 52 199 89
-12.8556 -3.9486 0.8575 52 199 89
-12.2661 -3.8372 0.8243 52 199 89
-12.2654 -3.8382 0.8566 52 199 89
-12.2445 -3.8763 1.1836 52 199 89
-12.2460 -3.8861 1.1746 52 199 89
-12.2352 -3.8993 1.1844 52 199 89
-12.2293 -3.8933 1.1855 52 199 89
-12.1503 -3.6761 0.3435 52 199 89
-12.3267 -3.7583 0.8422 52 199 89
-12.2148 -3.9177 0.9177 52 199 89
-12.8309 -3.9881 0.9303 52 199 89
-12.2366 -3.8785 1.1733 52 199 89
-12.2076 -3.9314 0.9530 52 199 89
-12.2076 -3.9141 0.9677 52 199 89
-12.8440 -3.9634 0.9697 52 199 89
-12.2456 -3.8740 1.1452 52 199 89
-12.3404 -3.7458 1.0626 52 199 89
-12.8618 -3.9614 0.9965 52 199 89
-12.8455 -3.9597 0.9822 52 199 89
-12.2176 -3.9159 0.9725 52 199 89
-12.2747 -3.8332 0.9411 52 199 89
-12.2210 -3.9170 1.1332 52 199 89
-12.8374 -3.9736 0.9941 52 199 89
-12.2790 -3.8218 0.9534 52 199 89
-12.2983 -3.8010 0.9368 52 199 89
-12.3211 -3.7766 1.0363 52 199 89
-12.2248 -3.9103 1.1056 52 199 89
-12.8533 -3.9669 1.1344 52 199 89
-12.2261 -3.9081 1.0922 52 199 89
-12.8422 -3.9564 1.1059 52 199 89
-12.8753 -3.9238 1.0566 52 199 89
-12.2613 -3.8777 1.0675 52 199 89
-12.2526 -3.8742 1.0142 52 199 89
-12.3357 -3.7563 1.3072 52 199 89
-12.2520 -3.8659 1.2135 52 199 89
-12.3184 -3.7831 1.2369 52 199 89
-12.3172 -3.7905 1.2336 52 199 89
-12.8617 -3.9215 0.9799 52 199 89
-12.8295 -3.9918 0.9048 52 199 89
-12.3011 -3.7930 0.9867 52 199 89
-12.2267 -3.9003 0.8974 52 199 89
-12.2168 -3.9196 1.0359 52 199 89
-12.8619 -3.9852 1.1187 52 199 89
-12.8607 -3.9546 1.1094 52 199 89
-12.2920 -3.8042 0.9065 52 199 89
-12.3162 -3.7857 1.0296 52 199 89
-12.2557 -3.8608 1.1526 52 199 89
-12.3117 -3.7802 0.8742 52 199 89
-12.2928 -3.8047 0.9551 52 199 89
-12.8352 -3.9686 1.1180 52 199 89
-12.3185 -3.7790 1.2120 52 199 89
-12.3118 -3.7872 1.2125 52 199 89
-12.2649 -3.8447 1.0939 52 199 89
-12.3253 -3.7684 1.0500 52 199 89
-12.3252 -3.7697 1.1673 52 199 89
-12.8373 -3.9779 0.9314 52 199 89
-12.2812 -3.8257 1.1897 52 199 89
-12.2533 -3.8530 1.0373 52 199 89
-12.2198 -3.9020 1.0926 52 199 89
-12.8648 -3.9308 1.2559 52 199 89
-12.2535 -3.8639 1.0626 52 199 89
-12.3148 -3.7808 1.0325 52 199 89
-12.8292 -3.9789 1.1173 52 199 89
-12.2293 -3.8973 1.2982 52 199 89
-12.2898 -3.8207 1.0541 52 199 89
-12.8585 -3.9517 1.1964 52 199 89
-12.2116 -3.9325 1.1389 52 199 89
-12.2391 -3.8928 1.1315 52 199 89
-12.2412 -3.8909 1.2093 52 199 89
-12.2845 -3.8313 1.1699 52 199 89
-12.2600 -3.8560 1.1201 52 199 89
-12.3333 -3.7593 1.2853 52 199 89
-12.3356 -3.7592 1.2358 52 199 89
-12.2726 -3.8446 1.2651 52 199 89
-12.8529 -3.9389 1.3053 52 199 89
-12.2907 -3.8214 1.2188 52 199 89
-12.3285 -3.7675 1.1485 52 199 89
-12.2915 -3.8089 1.1814 52 199 89
-12.2834 -3.8305 1.1783 52 199 89
-12.2453 -3.8808 1.2133 52 199 89
-12.3270 -3.7731 1.1340 52 199 89
-12.8704 -3.9526 1.2545 52 199 89
-12.2304 -3.8976 1.1975 52 199 89
-12.3153 -3.7770 1.1171 52 199 89
-12.2262 -3.9026 1.1860 52 199 89
-12.2433 -3.8817 1.1632 52 199 89
-12.2639 -3.8598 1.1201 52 199 89
-12.2344 -3.8911 1.1489 52 199 89
-12.2545 -3.8686 1.1149 52 199 89
-12.2420 -3.8683 1.1353 52 199 89
-12.2234 -3.9048 1.1431 52 199 89
-12.1498 -3.6745 0.3310 52 199 89
-12.1507 -3.6713 0.3302 52 199 89
-12.2335 -3.8908 1.1046 52 199 89
-12.2200 -3.9085 1.1155 52 199 89
-12.2031 -3.9143 1.1386 52 199 89
-12.3162 -3.7857 1.0307 52 199 89
-12.8503 -3.9606 1.1142 52 199 89
-12.8613 -3.9367 1.1129 52 199 89
-12.2707 -3.6961 0.4436 52 199 89
-12.2827 -3.8106 1.0067 52 199 89
-12.2456 -3.8616 1.0184 52 199 89
-12.2022 -3.9333 1.0434 52 199 89
-12.8354 -3.9908 1.0450 52 199 89
-12.2768 -3.8239 0.9780 52 199 89
-12.2725 -3.8267 0.9674 52 199 89
-12.1943 -3.9033 1.0388 52 199 89
-12.8479 -3.9726 1.0168 52 199 89
-12.2084 -3.9208 0.9945 52 199 89
-12.8328 -3.9976 0.9990 52 199 89
-12.2325 -3.8726 0.9538 52 199 89
-12.2135 -3.9318 0.9513 52 199 89
-12.8366 -3.9939 0.9695 52 199 89
-12.8390 -3.9923 0.9396 52 199 89
-12.2646 -3.8457 0.8215 52 199 89
-12.8494 -3.9372 1.2959 52 199 89
-12.2787 -3.8388 1.2223 52 199 89
-12.2662 -3.8484 1.2020 52 199 89
-12.3180 -3.7790 1.1231 52 199 89
-12.2326 -3.8981 1.1905 52 199 89
-12.2397 -3.8719 1.1771 52 199 89
-12.2456 -3.8819 1.1607 52 199 89
-12.2276 -3.9040 1.1767 52 199 89
-12.2249 -3.8876 1.1732 52 199 89
-12.2458 -3.8647 1.1346 52 199 89
-12.8547 -3.9390 1.1523 52 199 89
-12.2655 -3.8461 1.0959 52 199 89
-12.8263 -3.9954 1.0838 52 199 89
-12.2624 -3.8466 1.0096 52 199 89
-12.2747 -3.8232 0.9770 52 199 89
-12.2776 -3.8207 0.9561 52 199 89
-12.2378 -3.8847 0.9700 52 199 89
-12.2146 -3.9150 0.9871 52 199 89
-12.2426 -3.8788 0.9481 52 199 89
-12.2850 -3.8109 0.9098 52 199 89
-12.2615 -3.8442 0.8936 52 199 89
-12.1982 -3.9138 0.9345 52 199 89
-12.2687 -3.8378 0.8691 52 199 89
-12.2137 -3.9128 0.9059 52 199 89
-12.8618 -3.9384 0.8644 52 199 89
-12.2646 -3.8398 0.8186 52 199 89
-12.2524 -3.8541 -2.4234 52 199 89
-12.2669 -3.8417 1.2816 52 199 89
-12.3067 -3.7831 1.2311 52 199 89
-12.3045 -3.7912 1.1808 52 199 89
-12.2654 -3.8410 1.2155 52 199 89
-12.3251 -3.7757 1.1357 52 199 89
-12.2388 -3.9014 1.1813 52 199 89
-12.3254 -3.7712 1.0998 52 199 89
-12.2417 -3.8796 1.1706 52 199 89
-12.2167 -3.8983 1.2005 52 199 89
-12.2798 -3.8269 0.9731 52 199 89
-12.2474 -3.8750 0.9945 52 199 89
-12.2148 -3.9254 1.0149 52 199 89
-12.2485 -3.8823 0.9401 52 199 89
-12.2585 -3.8306 0.8905 52 199 89
-12.2047 -3.9084 0.9247 52 199 89
-12.8167 -2.8322 0.9874 52 199 89
-12.9594 -2.9467 0.9209 52 199 89
-13.1074 -3.0856 1.0628 52 199 89
-12.4204 -3.2935 0.4075 52 199 89
-12.9722 -2.9562 1.0038 52 199 89
-12.9654 -2.9465 0.9284 52 199 89
-12.4051 -3.2660 0.3478 52 199 89
-12.9366 -2.9183 0.8422 52 199 89
-12.4825 -3.4045 0.4429 52 199 89
-12.9580 -2.9441 1.0017 52 199 89
-12.9485 -2.9327 0.8444 52 199 89
-12.8704 -2.8699 1.0139 52 199 89
-12.4742 -3.3783 0.3587 52 199 89
-12.8203 -2.8326 0.7994 52 199 89
-13.1146 -3.1111 1.0447 52 199 89
-12.9821 -2.9585 1.0622 52 199 89
-13.1080 -3.0922 1.0399 52 199 89
-12.8805 -2.8751 0.9083 52 199 89
-12.9403 -2.9193 0.8616 52 199 89
-13.0004 -2.9839 1.0633 52 199 89
-13.1159 -3.0982 0.9316 52 199 89
-12.8563 -2.8553 0.8274 52 199 89
-12.8967 -2.8887 0.8469 52 199 89
-12.9894 -2.9716 0.9696 52 199 89
-13.0368 -3.0155 1.1042 52 199 89
-12.9767 -2.9582 1.0448 52 199 89
-12.9477 -2.9354 0.8804 52 199 89
-12.8179 -2.8358 0.9574 52 199 89
-12.4787 -3.4008 0.5141 52 199 89
-12.8346 -2.8285 0.8966 52 199 89
-12.3190 -3.4377 0.2588 52 199 89
-12.8651 -2.8635 1.1737 52 199 89
-12.9894 -2.9762 1.1692 52 199 89
-13.0010 -2.9905 1.1748 52 199 89
-13.0319 -3.0156 1.0590 52 199 89
-12.8910 -2.8789 0.8605 52 199 89
-13.1122 -3.0963 0.9467 52 199 89
-12.9414 -2.9256 0.9467 52 199 89
-12.8585 -2.8664 1.1521 52 199 89
-12.8902 -2.8912 0.8594 52 199 89
-12.4880 -3.4218 0.4982 52 199 89
-13.0350 -3.0152 1.2293 52 199 89
-13.0577 -3.0203 0.9429 52 199 89
-12.9852 -2.9752 1.2188 52 199 89
-12.8519 -2.8389 0.8621 52 199 89
-13.0320 -3.0064 1.0585 52 199 89
-12.9685 -2.9527 1.0238 52 199 89
-13.0438 -3.0246 0.9416 52 199 89
-12.8317 -2.8357 0.8647 52 199 89
-12.4731 -3.3834 0.4257 52 199 89
-12.4719 -3.3824 0.4249 52 199 89
-12.8873 -2.8839 0.8776 52 199 89
-13.0827 -3.0640 1.2281 52 199 89
-12.8688 -2.8665 0.6301 52 199 89
-13.0411 -3.0145 0.9519 52 199 89
-13.0304 -3.0186 1.0401 52 199 89
-13.0903 -3.0710 0.7393 52 199 89
-12.8758 -2.8762 0.9679 52 199 89
-12.8457 -2.8521 0.9495 52 199 89
-12.8503 -2.8543 0.9469 52 199 89
-12.8001 -2.8235 0.8393 52 199 89
-12.4344 -3.3178 0.4115 52 199 89
-12.8067 -2.8211 0.8455 52 199 89
-12.4190 -3.2933 0.4101 52 199 89
-12.9518 -2.9444 0.9962 52 199 89
-13.0521 -3.0333 1.1060 52 199 89
-12.8836 -2.8786 0.9281 52 199 89
-13.0332 -3.0127 0.9779 52 199 89
-12.9878 -2.9702 1.2363 52 199 89
-12.4136 -3.2862 0.4206 52 199 89
-12.8611 -2.8562 0.7153 52 199 89
-12.4680 -3.3720 0.3922 52 199 89
-12.9561 -2.9418 0.7479 52 199 89
-12.9715 -2.9613 1.1359 52 199 89
-12.9658 -2.9416 1.1384 52 199 89
-12.9664 -2.9665 1.2157 52 199 89
-12.4763 -3.3790 0.3270 52 199 89
-12.4884 -3.4230 0.4931 52 199 89
-13.0490 -3.0198 1.1044 52 199 89
-12.8245 -2.8301 0.9895 52 199 89
-12.4674 -3.3735 0.4013 52 199 89
-12.4815 -3.3883 0.3384 52 199 89
-12.4758 -3.3928 0.4373 52 199 89
-12.4737 -3.3908 0.4598 52 199 89
-12.9477 -2.9273 0.8014 52 199 89
-12.4899 -3.4227 0.4592 52 199 89
-12.4893 -3.4200 0.4610 52 199 89
-12.4754 -3.3933 0.4592 52 199 89
-13.0475 -3.0286 1.1476 52 199 89
-12.4182 -3.2938 0.4463 52 199 89
-12.9437 -2.9241 0.8180 52 199 89
-12.9440 -2.9332 0.8190 52 199 89
-12.3192 -3.4398 0.2896 52 199 89
-12.9928 -2.9743 1.1104 52 199 89
-12.3190 -3.4388 0.2954 52 199 89
-12.9475 -2.9379 0.8205 52 199 89
-12.4922 -3.4276 0.4487 52 199 89
-12.9399 -2.9289 0.8263 52 199 89
-12.9514 -2.9262 0.8326 52 199 89
-13.1106 -3.0878 1.0908 52 199 89
-12.9578 -2.9442 0.8330 52 199 89
-12.4357 -3.3185 0.4200 52 199 89
-13.0438 -3.0269 1.1159 52 199 89
-12.3243 -3.4503 0.2833 52 199 89
-12.8568 -2.8490 0.8114 52 199 89
-13.0861 -3.0807 1.1124 52 199 89
-12.8873 -2.8828 0.9483 52 199 89
-12.9753 -2.9579 1.1473 52 199 89
-12.9363 -2.9301 0.8821 52 199 89
-12.8395 -2.8537 0.8505 52 199 89
-12.8051 -2.8202 0.9247 52 199 89
-12.9780 -2.9597 1.1240 52 199 89
-12.9425 -2.9376 0.9655 52 199 89
-12.4012 -3.2648 0.3837 52 199 89
-13.1049 -3.0832 1.3552 52 199 89
-12.9157 -2.9091 0.9796 52 199 89
-12.9699 -2.9530 1.0091 52 199 89
-12.8078 -2.8202 0.9955 52 199 89
-12.8141 -2.8380 1.0211 52 199 89
-12.9396 -2.9256 0.7959 52 199 89
-12.4758 -3.3919 0.4551 52 199 89
-13.0778 -3.0717 1.2997 52 199 89
-12.4810 -3.3977 0.4003 52 199 89
-12.9813 -2.9590 1.1621 52 199 89
-12.9686 -2.9549 1.2107 52 199 89
-12.9981 -2.9760 1.2190 52 199 89
-12.9215 -2.9098 1.0092 52 199 89
-13.0328 -3.0106 1.0609 52 199 89
-12.8272 -2.8290 0.9532 52 199 89
-13.0316 -3.0112 1.1648 52 199 89
-12.9531 -2.9436 0.8886 52 199 89
-12.8803 -2.8729 0.8782 52 199 89
-12.8792 -2.8749 0.8309 52 199 89
-12.4772 -3.3907 0.4582 52 199 89
-12.9077 -2.9030 0.7379 52 199 89
-12.8810 -2.8833 0.9140 52 199 89
-12.9485 -2.9329 0.8468 52 199 89
-12.4574 -3.3515 0.3786 52 199 89
-12.8379 -2.8417 0.8547 52 199 89
-12.8575 -2.8482 0.8116 52 199 89
-12.9501 -2.9457 0.7405 52 199 89
-12.9416 -2.9331 0.8303 52 199 89
-12.9337 -2.9422 0.8131 52 199 89
-12.4338 -3.3182 0.4315 52 199 89
-13.0493 -3.0236 1.1267 52 199 89
-12.9563 -2.9460 0.7671 52 199 89
-12.8537 -2.8611 0.8364 52 199 89
-12.8968 -2.8899 0.8442 52 199 89
-12.8876 -2.8826 0.8390 52 199 89
-13.0520 -3.0333 1.1072 52 199 89
-13.0245 -3.0138 1.1405 52 199 89
-12.9060 -2.9014 0.7892 52 199 89
-12.8933 -2.8965 0.8616 52 199 89
-12.4802 -3.3980 0.4096 52 199 89
-12.4728 -3.3853 0.4746 52 199 89
-13.1122 -3.0894 1.0411 52 199 89
-13.0834 -3.0712 1.3449 52 199 89
-13.0490 -3.0072 0.9629 52 199 89
-12.8873 -2.8828 0.9489 52 199 89
-12.8980 -2.8848 0.9724 52 199 89
-12.8916 -2.8950 0.9631 52 199 89
-12.9529 -2.9440 0.9966 52 199 89
-12.8465 -2.8515 0.9493 52 199 89
-12.4713 -3.3837 0.4708 52 199 89
-13.1063 -3.0877 1.0791 52 199 89
-12.4721 -3.3825 0.4254 52 199 89
-12.4726 -3.3839 0.4253 52 199 89
-12.9798 -2.9734 0.9766 52 199 89
-13.1176 -3.0901 0.9941 52 199 89
-12.9459 -2.9220 0.8740 52 199 89
-12.8569 -2.8683 1.1260 52 199 89
-13.1081 -3.0843 0.8987 52 199 89
-12.9652 -2.9420 1.1326 52 199 89
-12.9375 -2.9288 0.9399 52 199 89
-12.9664 -2.9578 1.0412 52 199 89
-12.4627 -3.3569 0.3522 52 199 89
-13.0342 -3.0172 1.1310 52 199 89
-12.9927 -2.9744 1.1121 52 199 89
-12.4887 -3.4219 0.4621 52 199 89
-12.8769 -2.8794 0.7950 52 199 89
-13.0410 -3.0166 1.1300 52 199 89
-12.4814 -3.4037 0.4368 52 199 89
-12.9528 -2.9454 1.1117 52 199 89
-12.4140 -3.2739 0.3302 52 199 89
-12.4757 -3.3931 0.4608 52 199 89
-12.8193 -2.8365 0.9964 52 199 89
-12.9609 -2.9404 0.9673 52 199 89
-12.4669 -3.3722 0.3970 52 199 89
-12.9755 -2.9704 1.2171 52 199 89
-12.4745 -3.3889 0.4553 52 199 89
-13.0627 -3.0434 0.9804 52 199 89
-12.9404 -2.9269 0.8869 52 199 89
-13.0910 -3.0789 1.2371 52 199 89
-13.0475 -3.0203 1.0841 52 199 89
-12.9946 -2.9844 1.0459 52 199 89
-13.1028 -3.0603 1.3555 52 199 89
-12.4755 -3.3922 0.4550 52 199 89
-12.3185 -3.4394 0.3030 52 199 89
-12.9849 -2.9705 0.7858 52 199 89
-12.8220 -2.8355 0.9439 52 199 89
-12.9835 -2.9741 1.0322 52 199 89
-12.8564 -2.8463 0.8246 52 199 89
-12.9874 -2.9733 1.0554 52 199 89
-12.9532 -2.9438 0.8887 52 199 89
-12.4741 -3.3875 0.4525 52 199 89
-12.4742 -3.3890 0.4670 52 199 89
-13.0962 -3.0876 0.9436 52 199 89
-12.4736 -3.3825 0.4116 52 199 89
-12.3197 -3.4378 0.2737 52 199 89
-12.9686 -2.9593 1.1252 52 199 89
-12.8766 -2.8740 0.8254 52 199 89
-12.8119 -2.8317 0.8543 52 199 89
-12.8112 -2.8239 0.8204 52 199 89
-12.9908 -2.9782 1.1617 52 199 89
-12.9147 -2.8869 0.8292 52 199 89
-13.1018 -3.0886 0.8997 52 199 89
-12.8960 -2.8848 0.8273 52 199 89
-12.8896 -2.8911 0.8514 52 199 89
-13.1086 -3.0974 0.9380 52 199 89
-12.4794 -3.4032 0.5012 52 199 89
-12.9571 -2.9409 0.7515 52 199 89
-12.4338 -3.3100 0.3252 52 199 89
-12.4731 -3.3819 0.3283 52 199 89
-12.9070 -2.9005 0.7872 52 199 89
-12.8367 -2.8436 0.8531 52 199 89
-12.8383 -2.8540 0.8483 52 199 89
-12.9614 -2.9431 0.8398 52 199 89
-12.9154 -2.9063 0.8898 52 199 89
-12.8852 -2.8844 0.9289 52 199 89
-13.0752 -3.0703 1.2005 52 199 89
-12.9879 -2.9658 0.9897 52 199 89
-12.4598 -3.3563 0.4081 52 199 89
-12.4692 -3.3738 0.4091 52 199 89
-12.9055 -2.8931 0.9612 52 199 89
-13.1108 -3.0965 1.0467 52 199 89
-13.0254 -3.0150 1.1551 52 199 89
-12.4898 -3.4211 0.4631 52 199 89
-12.8453 -2.8533 0.9482 52 199 89
-12.4913 -3.4197 0.4437 52 199 89
-12.8820 -2.8884 0.7673 52 199 89
-13.0571 -3.0293 1.1597 52 199 89
-12.9766 -2.9656 1.0665 52 199 89
-12.8197 -2.8344 0.9364 52 199 89
-12.9563 -2.9513 1.0978 52 199 89
-12.4634 -3.3563 0.3508 52 199 89
-12.8188 -2.8336 0.8029 52 199 89
-12.9608 -2.9452 0.8658 52 199 89
-12.4792 -3.3985 0.4367 52 199 89
-12.4169 -3.2912 0.4353 52 199 89
-12.8915 -2.8781 0.7812 52 199 89
-12.9952 -2.9782 1.2152 52 199 89
-12.4349 -3.3167 0.3945 52 199 89
-12.4906 -3.4286 0.4750 52 199 89
-12.9102 -2.8999 0.7453 52 199 89
-12.4801 -3.3934 0.3420 52 199 89
-12.4636 -3.3536 0.3294 52 199 89
-12.9872 -2.9761 0.7516 52 199 89
-13.0136 -2.9964 1.2259 52 199 89
-12.8480 -2.8555 0.8110 52 199 89
-12.8702 -2.8661 0.6359 52 199 89
-12.8877 -2.8811 0.8351 52 199 89
-13.1007 -3.0737 0.7710 52 199 89
-13.0871 -3.0656 1.2809 52 199 89
-12.8574 -2.8540 0.8608 52 199 89
-12.9139 -2.9067 0.8858 52 199 89
-13.1059 -3.0716 1.2708 52 199 89
-12.9009 -2.8897 0.8164 52 199 89
-12.9550 -2.9497 0.8315 52 199 89
-12.8529 -2.8576 0.8039 52 199 89
-12.9239 -2.9119 0.8335 52 199 89
-12.9868 -2.9667 0.9874 52 199 89
-12.8612 -2.8711 1.0883 52 199 89
-12.3197 -3.4413 0.3013 52 199 89
-12.4711 -3.3772 0.3867 52 199 89
-12.9877 -2.9702 0.9980 52 199 89
-12.9859 -2.9712 1.0287 52 199 89
-12.4916 -3.4305 0.4576 52 199 89
-12.4797 -3.4011 0.4598 52 199 89
-12.4754 -3.3884 0.4260 52 199 89
-12.9193 -2.9150 0.9198 52 199 89
-12.4770 -3.3909 0.4542 52 199 89
-12.4801 -3.3996 0.4306 52 199 89
-12.4169 -3.2912 0.4364 52 199 89
-12.4748 -3.3879 0.4430 52 199 89
-12.4691 -3.3836 0.4354 52 199 89
-12.4748 -3.3871 0.4345 52 199 89
-12.9678 -2.9419 1.1054 52 199 89
-13.0535 -3.0253 1.1810 52 199 89
-12.8939 -2.8927 0.9266 52 199 89
-12.8196 -2.8369 1.0050 52 199 89
-12.9511 -2.9282 0.9802 52 199 89
-12.9518 -2.9517 1.0372 52 199 89
-12.4700 -3.3738 0.4039 52 199 89
-12.9268 -2.9019 0.7467 52 199 89
-12.8749 -2.8726 0.8380 52 199 89
-12.9965 -2.9772 1.2160 52 199 89
-12.4807 -3.3929 0.3422 52 199 89
-12.4736 -3.3897 0.5057 52 199 89
-12.9867 -2.9608 0.7981 52 199 89
-12.3188 -3.4359 0.2635 52 199 89
-12.8988 -2.8912 1.0056 52 199 89
-12.9318 -2.9207 0.8373 52 199 89
-12.8807 -2.8622 0.9359 52 199 89
-12.9907 -2.9625 0.7567 52 199 89
-12.4823 -3.4070 0.4857 52 199 89
-12.4200 -3.2966 0.4726 52 199 89
-12.9740 -2.9622 0.9780 52 199 89
-12.9353 -2.9331 0.9243 52 199 89
-12.9973 -2.9700 0.9543 52 199 89
-12.4721 -3.3762 0.3944 52 199 89
-12.8778 -2.8797 0.9118 52 199 89
-13.0778 -3.0656 1.0056 52 199 89
-12.8710 -2.8460 1.2045 52 199 89
-12.4776 -3.4002 0.4740 52 199 89
-13.0823 -3.0660 0.7617 52 199 89
-12.4735 -3.3794 0.3185 52 199 89
-12.9782 -2.9593 0.7825 52 199 89
-12.4896 -3.4189 0.4525 52 199 89
-13.0510 -3.0257 1.1319 52 199 89
-12.4170 -3.2908 0.4384 52 199 89
-12.4696 -3.3832 0.4369 52 199 89
-12.8535 -2.8575 0.7981 52 199 89
-12.8933 -2.8971 0.8119 52 199 89
-12.4148 -3.2785 0.3470 52 199 89
-12.9250 -2.9135 0.8383 52 199 89
-12.4799 -3.3979 0.4357 52 199 89
-12.8939 -2.8871 0.8531 52 199 89
-12.8563 -2.8553 0.8606 52 199 89
-12.9137 -2.9068 0.8889 52 199 89
-12.8905 -2.8872 0.8885 52 199 89
-12.9412 -2.9389 0.9082 52 199 89
-12.9913 -2.9637 0.9945 52 199 89
-12.9382 -2.9407 0.9627 52 199 89
-12.9685 -2.9674 0.9737 52 199 89
-12.4732 -3.3786 0.3893 52 199 89
-13.0216 -3.0141 1.0107 52 199 89
-13.0853 -3.0718 1.0457 52 199 89
-13.0513 -3.0232 0.9470 52 199 89
-12.9971 -2.9844 1.0449 52 199 89
-12.8927 -2.8975 1.0009 52 199 89
-12.9214 -2.9255 1.0105 52 199 89
-12.4929 -3.4114 0.4844 52 199 89
-12.9396 -2.9135 0.8495 52 199 89
-12.8608 -2.8566 0.7219 52 199 89
-12.9965 -2.9871 1.0695 52 199 89
-12.9239 -2.9046 0.7495 52 199 89
-12.4664 -3.3527 0.3324 52 199 89
-13.1046 -3.0804 1.1560 52 199 89
-12.9317 -2.9163 0.7912 52 199 89
-12.9982 -2.9646 1.2641 52 199 89
-12.4059 -3.2762 0.4629 52 199 89
-12.4893 -3.4291 0.4984 52 199 89
-12.9158 -2.9197 1.1181 52 199 89
-12.9388 -2.9380 1.1050 52 199 89
-12.4791 -3.3920 0.3621 52 199 89
-12.9418 -2.9361 0.8376 52 199 89
-12.4675 -3.3653 0.3654 52 199 89
-12.8929 -2.8888 0.8506 52 199 89
-12.8736 -2.8626 1.1016 52 199 89
-12.9833 -2.9740 1.0310 52 199 89
-12.9839 -2.9708 1.0014 52 199 89
-12.4775 -3.3964 0.4790 52 199 89
-12.3118 -3.4263 0.3006 52 199 89
-12.9940 -2.9823 1.1471 52 199 89
-12.9215 -2.9149 0.8583 52 199 89
-12.9905 -2.9757 0.9429 52 199 89
-13.0874 -3.0591 0.9882 52 199 89
-12.9288 -2.9216 0.8468 52 199 89
-13.0211 -2.9645 0.8830 52 199 89
-12.8665 -2.8881 0.8896 52 199 89
-12.4670 -3.3611 0.3326 52 199 89
-12.9483 -2.9175 0.8318 52 199 89
-12.4826 -3.4045 0.4529 52 199 89
-12.8484 -2.8534 0.9531 52 199 89
-13.1044 -3.0805 1.1586 52 199 89
-13.0115 -3.0041 0.8029 52 199 89
-12.9368 -2.9163 1.1261 52 199 89
-13.0239 -3.0289 0.8001 52 199 89
-12.8599 -2.8587 0.7271 52 199 89
-13.0823 -3.0726 1.2285 52 199 89
-12.3245 -3.4499 0.3044 52 199 89
-13.0306 -3.0046 1.1578 52 199 89
-13.0794 -3.0294 1.1113 52 199 89
-12.8948 -2.8770 0.9768 52 199 89
-12.8841 -2.8848 0.9282 52 199 89
-12.9125 -2.8852 0.9059 52 199 89
-12.8844 -2.8811 0.8749 52 199 89
-12.8622 -2.8493 0.8663 52 199 89
-12.4731 -3.3833 0.3738 52 199 89
-12.4865 -3.4000 0.3687 52 199 89
-13.0324 -3.0106 0.9005 52 199 89
-12.4757 -3.3813 0.3577 52 199 89
-12.9264 -2.9140 0.8346 52 199 89
-12.8629 -2.8970 0.7992 52 199 89
-12.9666 -2.9609 0.8309 52 199 89
-12.9016 -2.8895 0.8128 52 199 89
-12.9322 -2.9170 0.8011 52 199 89
-12.8603 -2.8578 0.7533 52 199 89
-12.4276 -3.2983 0.3227 52 199 89
-12.9533 -2.9381 0.7557 52 199 89
-13.0949 -3.0742 0.7785 52 199 89
-12.9239 -2.9018 0.7243 52 199 89
-12.8756 -2.8564 0.5994 52 199 89
-13.1065 -3.1233 -3.4573 52 199 89
-12.8701 -2.8655 1.0955 52 199 89
-12.3191 -3.4381 0.2748 52 199 89
-12.4045 -3.2708 0.4176 52 199 89
-12.4186 -3.2925 0.4117 52 199 89
-12.8771 -2.8810 0.9434 52 199 89
-12.4721 -3.3828 0.3649 52 199 89
-12.4224 -3.2887 0.3234 52 199 89
-12.9204 -2.9000 0.7409 52 199 89
-12.4296 -3.9259 0.3752 52 199 89
-12.4307 -3.9269 0.3893 52 199 89
-12.4349 -3.7192 0.2080 52 199 89
-12.4748 -3.9270 0.4045 52 199 89
-12.4772 -3.9190 0.3962 52 199 89
-12.4299 -3.9241 0.3733 52 199 89
-12.4785 -3.8853 0.3473 52 199 89
-12.4299 -3.9190 0.4048 52 199 89
-12.4768 -3.9175 0.4032 52 199 89
-12.4779 -3.8880 0.3818 52 199 89
-12.4291 -3.9223 0.4002 52 199 89
-12.4737 -3.9263 0.4009 52 199 89
-12.4294 -3.9162 0.3948 52 199 89
-12.4298 -3.9182 0.3928 52 199 89
-12.4819 -3.8738 0.3412 52 199 89
-12.4301 -3.9246 0.3804 52 199 89
-12.4801 -3.8433 0.3025 52 199 89
-12.4294 -3.9215 0.3766 52 199 89
-12.4298 -3.9180 0.3935 52 199 89
-12.4500 -3.7451 0.2390 52 199 89
-12.4751 -3.9177 0.3965 52 199 89
-12.4785 -3.8782 0.3662 52 199 89
-12.4331 -3.7172 0.2057 52 199 89
-12.4814 -3.8466 0.2969 52 199 89
-12.4720 -3.8214 0.3243 52 199 89
-12.4783 -3.8877 0.3549 52 199 89
-12.4782 -3.9303 0.4162 52 199 89
-12.4880 -3.8744 0.3695 52 199 89
-12.4581 -3.7508 0.2389 52 199 89
-12.4519 -3.7462 0.2264 52 199 89
-12.7631 -3.8760 0.3676 52 199 89
-13.0782 -3.9540 0.6459 52 199 89
-13.0703 -3.9729 0.6856 52 199 89
-13.0727 -3.9832 0.6594 52 199 89
-12.0913 -3.8377 0.7108 52 199 89
-12.0822 -3.8579 0.7057 52 199 89
-12.7659 -3.8636 0.3885 52 199 89
-12.0891 -3.8510 0.7761 52 199 89
-12.0902 -3.8431 0.7520 52 199 89
-12.7646 -3.8692 0.3891 52 199 89
-12.0850 -3.8563 0.7601 52 199 89
-12.0935 -3.8384 0.8041 52 199 89
-12.7677 -3.8638 0.3721 52 199 89
-12.0886 -3.8459 0.7358 52 199 89
-13.0697 -4.0125 0.6095 52 199 89
-12.0662 -3.8966 0.7053 52 199 89
-12.7599 -3.8792 0.3811 52 199 89
-13.0783 -3.9575 0.6589 52 199 89
-12.0688 -3.8874 0.6630 52 199 89
-13.0728 -4.0000 0.5968 52 199 89
-12.0698 -3.8736 0.6697 52 199 89
-12.7646 -3.8675 0.3652 52 199 89
-12.0868 -3.8527 0.7229 52 199 89
-13.0674 -3.9946 0.6403 52 199 89
-12.7606 -3.8755 0.3907 52 199 89
-12.0997 -3.8258 0.7604 52 199 89
-13.0638 -4.0103 0.6049 52 199 89
-13.0617 -4.0332 0.6349 52 199 89
-13.0610 -4.0354 0.6280 52 199 89
-13.0670 -4.0190 0.5886 52 199 89
-13.0737 -3.9892 0.6450 52 199 89
-13.0742 -3.9851 0.6565 52 199 89
-13.0761 -3.9823 0.6901 52 199 89
-12.7640 -3.8700 0.3853 52 199 89
-12.7622 -3.8809 0.3710 52 199 89
-13.0702 -4.0378 0.6492 52 199 89
-13.0604 -4.0192 0.6382 52 199 89
-13.0687 -4.0201 0.6025 52 199 89
-12.3692 -3.7509 0.1771 52 199 89
-12.1519 -3.5661 0.4602 52 199 89
-12.1776 -3.5494 0.3363 52 199 89
-12.1071 -3.5682 0.6463 52 199 89
-12.1640 -3.5556 0.4711 52 199 89
-12.1501 -3.5572 0.4814 52 199 89
-12.3831 -3.7472 0.2024 52 199 89
-12.1567 -3.5632 0.4753 52 199 89
-12.1743 -3.5540 0.3963 52 199 89
-12.1773 -3.5555 0.3941 52 199 89
-12.1718 -3.5540 0.4197 52 199 89
-12.3621 -3.7536 0.1775 52 199 89
-12.1887 -3.5485 0.5115 52 199 89
-12.3658 -3.7135 0.1558 52 199 89
-12.3706 -3.7506 0.1828 52 199 89
-12.1082 -3.5677 0.5791 52 199 89
-12.1084 -3.5764 0.6091 52 199 89
-12.3318 -3.7613 0.1452 52 199 89
-12.3671 -3.7762 0.2289 52 199 89
-12.3742 -3.7496 0.1581 52 199 89
-12.3763 -3.7497 0.1665 52 199 89
-12.1766 -3.5573 0.3875 52 199 89
-12.3834 -3.7475 0.2024 52 199 89
-12.1512 -3.5654 0.4586 52 199 89
-12.1503 -3.5623 0.4427 52 199 89
-12.1110 -3.5700 0.5498 52 199 89
-12.1076 -3.5672 0.6464 52 199 89
-12.2860 -3.7704 0.2881 52 199 89
-12.1778 -3.5510 0.3403 52 199 89
-12.1063 -3.5723 0.5845 52 199 89
-12.1839 -3.5560 0.3370 52 199 89
-12.1742 -3.5444 0.3793 52 199 89
-12.4179 -3.8171 0.1452 52 199 89
-12.2018 -3.5356 0.3701 52 199 89
-12.2016 -3.5439 0.3664 52 199 89
-12.1799 -3.5533 0.3745 52 199 89
-12.1909 -3.5505 0.6391 52 199 89
-12.1912 -3.5411 0.6386 52 199 89
-12.1112 -3.5708 0.6448 52 199 89
-12.3710 -3.7515 0.2426 52 199 89
-12.3448 -3.7613 0.2325 52 199 89
-12.3314 -3.7645 0.2367 52 199 89
-12.1795 -3.5527 0.3377 52 199 89
-12.1074 -3.5775 0.6104 52 199 89
-12.3778 -3.7466 0.1392 52 199 89
-12.1297 -3.5619 0.3454 52 199 89
-12.1930 -3.5534 0.5182 52 199 89
-12.1996 -3.5439 0.3786 52 199 89
-12.1121 -3.5715 0.6443 52 199 89
-12.1835 -3.5548 0.3958 52 199 89
-12.1265 -3.5592 0.3506 52 199 89
-12.1734 -3.5510 0.4177 52 199 89
-12.1356 -3.5582 0.3593 52 199 89
-11.8066 -3.5289 1.3387 52 199 89
-11.5635 -3.4738 1.8602 52 199 89
-11.7775 -3.5245 1.4541 52 199 89
-11.8761 -3.5443 1.3436 52 199 89
-11.8345 -3.5358 1.4141 52 199 89
-11.7486 -3.5121 1.5654 52 199 89
-11.7797 -1.9119 3.3946 52 199 89
-11.8250 -1.8648 3.9296 52 199 89
-11.7969 -1.8433 3.9802 52 199 89
-11.8378 -1.8497 3.3282 52 199 89
-11.7878 -1.7838 -0.4539 52 199 89
-11.7962 -1.8365 3.4811 52 199 89
-11.8574 -1.8425 3.6812 52 199 89
-12.0517 -1.7395 -0.7810 52 199 89
-11.8057 -1.8594 3.3557 52 199 89
-12.0472 -1.7724 -1.4281 52 199 89
-11.8582 -1.7931 0.0429 52 199 89
-12.0435 -1.7441 -1.3614 52 199 89
-11.7683 -1.8792 3.3898 52 199 89
-11.8869 -1.8040 -0.1509 52 199 89
-12.0660 -1.7566 -0.3536 52 199 89
-12.0945 -1.7507 -0.3531 52 199 89
-11.9265 -1.7731 -0.3265 52 199 89
-11.8847 -1.8068 3.8713 52 199 89
-11.9421 -1.7621 -0.2566 52 199 89
-11.9675 -1.7887 3.9217 52 199 89
-11.7696 -1.7731 -0.2366 52 199 89
-11.7841 -1.9044 3.4269 52 199 89
-11.7821 -1.7947 -0.4377 52 199 89
-11.8038 -1.9063 3.4569 52 199 89
-12.0795 -1.7365 -0.8629 52 199 89
-11.8614 -1.7843 -0.3112 52 199 89
-11.9879 -1.7828 3.7690 52 199 89
-11.7683 -1.7700 -0.1718 52 199 89
-11.8295 -1.8458 3.3488 52 199 89
-11.8098 -1.7769 -0.8826 52 199 89
-11.8594 -1.8546 3.2772 52 199 89
-11.7970 -1.8904 3.4855 52 199 89
-11.8889 -1.8130 3.8543 52 199 89
-11.7863 -1.7866 -0.4027 52 199 89
-11.9650 -1.7899 -0.5087 52 199 89
-12.0814 -1.7466 -0.7850 52 199 89
-11.9423 -1.7592 -0.2746 52 199 89
-11.9227 -1.7617 -0.3254 52 199 89
-11.7983 -1.8745 3.3587 52 199 89
-11.8055 -1.8583 3.3631 52 199 89
-12.0020 -1.7504 3.7902 52 199 89
-11.8681 -1.8401 3.8944 52 199 89
-11.9937 -1.8078 3.7279 52 199 89
-11.8549 -1.7657 -0.3249 52 199 89
-11.8000 -1.8156 -0.4650 52 199 89
-11.8204 -1.9210 3.3817 52 199 89
-12.0802 -1.7431 -0.7877 52 199 89
-12.0560 -1.7513 -2.4662 52 199 89
-12.0591 -1.7567 -0.6922 52 199 89
-11.7860 -1.7795 -0.4627 52 199 89
-11.9456 -1.7501 -0.4682 52 199 89
-11.8141 -1.9013 3.4236 52 199 89
-12.0426 -1.7406 -1.6008 52 199 89
-11.9984 -1.7796 3.6571 52 199 89
-11.8852 -1.7947 -0.1058 52 199 89
-12.0604 -1.7486 -0.4030 52 199 89
-12.0716 -1.7382 -0.3597 52 199 89
-12.0965 -1.7621 -0.3650 52 199 89
-11.9202 -1.7545 -0.3301 52 199 89
-11.8583 -1.7735 -0.3112 52 199 89
-11.7775 -1.7943 -0.1768 52 199 89
-11.8595 -1.8468 3.6581 52 199 89
-11.8394 -1.8717 3.2948 52 199 89
-11.8029 -1.8549 3.3641 52 199 89
-11.7905 -1.8771 3.5112 52 199 89
-11.8998 -1.8439 3.7897 52 199 89
-11.8849 -1.8192 3.8086 52 199 89
-11.7795 -1.7833 -0.4291 52 199 89
-11.8481 -1.7737 0.0280 52 199 89
-11.8779 -1.7771 -0.1546 52 199 89
-11.9329 -1.7685 -0.1843 52 199 89
-11.7856 -1.8054 -0.2386 52 199 89
-12.0937 -1.7463 -0.3527 52 199 89
-11.8245 -1.8669 3.9278 52 199 89
-12.0739 -1.7593 -0.3752 52 199 89
-11.7954 -1.8527 3.9312 52 199 89
-11.9557 -1.7555 -0.5229 52 199 89
-11.9127 -1.7502 -0.5885 52 199 89
-11.8527 -1.8491 3.3023 52 199 89
-11.8103 -1.8794 3.3377 52 199 89
-11.8513 -1.8243 3.7077 52 199 89
-12.1149 -1.7359 -1.9898 52 199 89
-11.8633 -1.7918 -0.3029 52 199 89
-12.0067 -1.8124 3.5985 52 199 89
-12.1113 -1.7484 -1.9409 52 199 89
-11.9610 -1.7641 -0.5142 52 199 89
-11.9180 -1.7729 -0.5343 52 199 89
-12.0651 -1.7688 -0.6910 52 199 89
-11.8684 -1.8618 3.6265 52 199 89
-11.8417 -1.8590 3.3760 52 199 89
-11.8488 -1.8336 3.3504 52 199 89
-11.8494 -1.7751 0.0537 52 199 89
-11.9389 -1.7820 -0.1683 52 199 89
-11.8820 -1.7818 -0.1666 52 199 89
-11.8623 -1.7805 -0.2867 52 199 89
-11.9243 -1.7698 -0.3235 52 199 89
-12.0611 -1.7456 -0.3918 52 199 89
-12.0024 -1.7952 3.6486 52 199 89
-11.9026 -1.8439 -0.0589 52 199 89
-11.9852 -1.8183 -2.8700 52 199 89
-11.9630 -1.7491 -2.9598 52 199 89
-12.0576 -1.7360 -1.3206 52 199 89
-11.8560 -1.8251 3.6949 52 199 89
-12.0613 -1.7830 -0.8061 52 199 89
-11.9172 -1.7689 -0.4971 52 199 89
-11.9525 -1.7611 -0.4394 52 199 89
-12.1687 -1.7382 3.5134 52 199 89
-11.9252 -1.7822 -0.3579 52 199 89
-12.0855 -1.7400 -0.3724 52 199 89
-12.1057 -1.7737 -0.3433 52 199 89
-11.9426 -1.7966 -0.1728 52 199 89
-11.9962 -1.7539 -2.0003 52 199 89
-11.8935 -1.8166 -0.0489 52 199 89
-11.8499 -1.7730 0.0547 52 199 89
-11.8869 -1.8346 3.7984 52 199 89
-11.8540 -1.7957 0.0231 52 199 89
-11.9326 -1.7623 -0.1941 52 199 89
-11.8839 -1.7889 -0.2128 52 199 89
-12.0820 -1.7372 -0.3642 52 199 89
-11.8979 -1.7582 -0.3703 52 199 89
-11.9960 -1.7530 -2.0102 52 199 89
-11.9716 -1.7873 -0.5635 52 199 89
-12.0800 -1.7585 -1.7212 52 199 89
-12.0618 -1.7514 -1.3030 52 199 89
-11.8893 -1.8001 -0.2935 52 199 89
-12.0591 -1.7673 -2.5411 52 199 89
-11.9438 -1.7801 -0.2090 52 199 89
-12.0904 -1.7623 -0.3565 52 199 89
-12.0686 -1.7520 -0.4290 52 199 89
-11.9143 -1.7688 -0.4146 52 199 89
-12.2768 -1.8913 0.6294 52 199 89
-12.3928 -1.6342 1.4065 52 199 89
-12.3068 -1.6737 2.2857 52 199 89
-12.4363 -1.6467 1.0339 52 199 89
-12.3498 -1.6295 0.5378 52 199 89
-12.2971 -1.6556 2.3238 52 199 89
-12.4379 -1.5864 0.9792 52 199 89
-12.2558 -1.6457 0.9195 52 199 89
-12.4486 -1.5780 0.9125 52 199 89
-12.4330 -1.6486 2.6713 52 199 89
-12.3181 -1.6722 2.6213 52 199 89
-12.3069 -1.6554 2.6600 52 199 89
-12.4276 -1.6353 0.6382 52 199 89
-12.4052 -1.6417 2.7621 52 199 89
-12.4069 -1.6388 2.7314 52 199 89
-12.4241 -1.6448 2.0172 52 199 89
-12.4315 -1.6528 2.0104 52 199 89
-12.4560 -1.5923 0.4691 52 199 89
-12.4611 -1.6102 0.4193 52 199 89
-12.4501 -1.6466 1.7733 52 199 89
-12.4449 -1.6479 1.7530 52 199 89
-12.3706 -1.6400 1.7517 52 199 89
-12.4573 -1.6330 3.2471 52 199 89
-12.3744 -1.6500 1.4782 52 199 89
-12.4223 -1.6218 3.2191 52 199 89
-12.3962 -1.6294 1.3575 52 199 89
-12.4015 -1.5540 -0.0380 52 199 89
-12.4038 -1.6523 2.9227 52 199 89
-12.3174 -1.6603 2.8837 52 199 89
-12.4223 -1.6343 2.9299 52 199 89
-12.3113 -1.6668 2.7931 52 199 89
-12.4090 -1.6532 2.9936 52 199 89
-12.4415 -1.6465 2.8277 52 199 89
-12.4120 -1.6348 2.7208 52 199 89
-12.3221 -1.6270 2.6917 52 199 89
-12.3106 -1.6577 2.6490 52 199 89
-12.4158 -1.6548 2.6044 52 199 89
-12.2894 -1.6444 2.5917 52 199 89
-12.3062 -1.6462 2.5145 52 199 89
-12.3676 -1.6505 2.4730 52 199 89
-12.3767 -1.6674 2.3828 52 199 89
-12.3191 -1.6331 2.4030 52 199 89
-12.4378 -1.6227 2.3775 52 199 89
-12.4329 -1.6583 2.3397 52 199 89
-12.3912 -1.6314 3.5146 52 199 89
-12.4380 -1.6262 2.3283 52 199 89
-12.3684 -1.6673 2.1794 52 199 89
-12.4259 -1.6458 2.0520 52 199 89
-12.4311 -1.6424 2.0395 52 199 89
-12.3568 -1.6360 2.0010 52 199 89
-12.3224 -1.6328 1.9780 52 199 89
-12.2812 -1.6470 1.9609 52 199 89
-12.2745 -1.6477 1.8705 52 199 89
-12.2675 -1.6612 1.8635 52 199 89
-12.4697 -1.6173 1.9149 52 199 89
-12.5067 -1.6214 1.8206 52 199 89
-12.3787 -1.6692 1.7516 52 199 89
-12.2680 -1.6494 1.7006 52 199 89
-12.2779 -1.6672 1.6684 52 199 89
-12.2762 -1.7027 1.6427 52 199 89
-12.4224 -1.6311 1.6478 52 199 89
-12.3299 -1.6414 1.5462 52 199 89
-12.2905 -1.6392 1.5302 52 199 89
-12.3406 -1.6537 1.5115 52 199 89
-12.2717 -1.6549 1.5017 52 199 89
-12.5408 -1.6905 1.0549 52 199 89
-12.2842 -1.6815 1.4404 52 199 89
-12.3804 -1.6202 1.4239 52 199 89
-12.2558 -1.6441 1.3423 52 199 89
-12.3840 -1.6745 1.3205 52 199 89
-12.5625 -1.5862 1.3718 52 199 89
-12.5554 -1.6141 1.3315 52 199 89
-12.3486 -1.6411 1.3030 52 199 89
-12.4467 -1.6216 0.9613 52 199 89
-12.5540 -1.6396 1.2768 52 199 89
-12.3859 -1.5737 1.3061 52 199 89
-12.2445 -1.6488 1.2310 52 199 89
-12.4224 -1.6505 2.7097 52 199 89
-12.3850 -1.6591 1.7541 52 199 89
-12.4896 -1.6011 1.7546 52 199 89
-12.4756 -1.5789 0.0172 52 199 89
-12.5919 -1.6316 1.3176 52 199 89
-12.2766 -1.6327 2.1350 52 199 89
-12.3697 -1.6813 2.1560 52 199 89
-12.3719 -1.6906 1.3987 52 199 89
-12.2694 -1.6754 1.8352 52 199 89
-12.3526 -1.6200 0.4110 52 199 89
-12.4034 -1.5577 -0.0398 52 199 89
-12.4703 -1.6040 0.0545 52 199 89
-12.3322 -1.6609 1.5401 52 199 89
-12.3474 -1.5967 0.5470 52 199 89
-12.2521 -1.5993 1.4769 52 199 89
-12.4050 -1.6331 2.7801 52 199 89
-12.3094 -1.6496 2.8224 52 199 89
-12.3817 -1.6178 1.4172 52 199 89
-12.4220 -1.6637 2.8873 52 199 89
-12.4073 -1.6424 2.9589 52 199 89
-12.5548 -1.6326 1.3143 52 199 89
-12.5225 -1.6383 1.3032 52 199 89
-12.3496 -1.6400 1.2969 52 199 89
-12.3072 -1.6745 2.5020 52 199 89
-12.4239 -1.6446 3.1738 52 199 89
-12.4572 -1.6222 3.2548 52 199 89
-12.3753 -1.6725 2.3880 52 199 89
-12.4362 -1.6457 1.0363 52 199 89
-12.2538 -1.6376 0.9289 52 199 89
-12.4467 -1.5826 0.9207 52 199 89
-12.4341 -1.6268 2.3677 52 199 89
-12.4384 -1.6304 2.3249 52 199 89
-12.3920 -1.6117 1.4243 52 199 89
-12.5546 -1.5977 1.2957 52 199 89
-12.2767 -1.6683 1.8444 52 199 89
-12.3975 -1.5740 0.4735 52 199 89
-12.3764 -1.6427 1.7790 52 199 89
-12.4467 -1.6603 1.7256 52 199 89
-12.3119 -1.6845 2.7179 52 199 89
-12.4275 -1.6107 0.6425 52 199 89
-12.4216 -1.6342 1.6376 52 199 89
-12.5333 -1.5893 1.7375 52 199 89
-12.3749 -1.6606 1.4870 52 199 89
-12.2828 -1.6712 1.4468 52 199 89
-12.3375 -1.6505 1.5609 52 199 89
-12.3148 -1.6420 2.9099 52 199 89
-12.4176 -1.6431 1.0218 52 199 89
-12.3212 -1.6458 2.3869 52 199 89
-12.4159 -1.6693 2.9188 52 199 89
-12.4220 -1.6661 2.5484 52 199 89
-12.2847 -1.6707 1.9376 52 199 89
-12.4699 -1.6190 1.9113 52 199 89
-12.3418 -1.6513 1.5085 52 199 89
-12.4508 -1.6211 1.7965 52 199 89
-12.4895 -1.6033 1.7578 52 199 89
-12.4405 -1.6174 2.8790 52 199 89
-12.4960 -1.6757 2.6697 52 199 89
-12.4177 -1.6414 1.5983 52 199 89
-12.4240 -1.6326 2.8402 52 199 89
-12.4159 -1.6576 2.5882 52 199 89
-12.4531 -1.6002 0.6512 52 199 89
-12.3483 -1.6578 2.3788 52 199 89
-12.4533 -1.6297 1.7030 52 199 89
-12.2783 -1.6409 2.1169 52 199 89
-12.4403 -1.6293 1.7022 52 199 89
-12.4211 -1.6677 2.8808 52 199 89
-12.4070 -1.6846 2.8627 52 199 89
-12.4639 -1.6106 0.4041 52 199 89
-12.3514 -1.6383 1.2963 52 199 89
-12.5221 -1.6319 1.3251 52 199 89
-12.5534 -1.6172 1.3296 52 199 89
-12.4028 -1.5995 0.3058 52 199 89
-12.3141 -1.6298 2.8438 52 199 89
-12.5384 -1.6592 1.3212 52 199 89
-12.4263 -1.6686 2.7926 52 199 89
-12.3684 -1.6314 1.3820 52 199 89
-12.4770 -1.5892 0.0701 52 199 89
-12.4140 -1.6698 2.6862 52 199 89
-12.4614 -1.5928 0.0411 52 199 89
-12.3252 -1.6514 2.6617 52 199 89
-12.3114 -1.6631 2.6407 52 199 89
-12.3077 -1.6757 2.6339 52 199 89
-12.3345 -1.6424 2.6520 52 199 89
-12.4968 -1.6292 2.6925 52 199 89
-12.3832 -1.6238 1.4170 52 199 89
-12.4163 -1.6617 2.5719 52 199 89
-12.2909 -1.6445 2.5731 52 199 89
-12.3799 -1.6776 2.4389 52 199 89
-12.3690 -1.6462 2.4782 52 199 89
-12.2781 -1.6377 1.4973 52 199 89
-12.4511 -1.6351 2.4391 52 199 89
-12.3474 -1.6571 2.3815 52 199 89
-12.3218 -1.6372 2.4005 52 199 89
-12.3040 -1.6588 2.3296 52 199 89
-12.2782 -1.6965 1.4676 52 199 89
-12.4485 -1.6281 2.2926 52 199 89
-12.3426 -1.6576 1.5075 52 199 89
-12.3334 -1.6672 1.5473 52 199 89
-12.4308 -1.6227 2.0359 52 199 89
-12.3363 -1.6395 1.5787 52 199 89
-12.4234 -1.6448 1.6263 52 199 89
-12.2787 -1.6166 1.9911 52 199 89
-12.3716 -1.6481 1.7003 52 199 89
-12.2706 -1.6650 1.6874 52 199 89
-12.2715 -1.6168 1.7450 52 199 89
-12.5098 -1.6109 1.8208 52 199 89
-12.4459 -1.6398 1.7387 52 199 89
-12.4507 -1.6314 1.7864 52 199 89
-12.3045 -1.6334 2.7585 52 199 89
-12.4410 -1.5641 -0.0257 52 199 89
-12.3930 -1.6181 1.4238 52 199 89
-12.4001 -1.6018 0.4740 52 199 89
-12.4536 -1.5687 0.4800 52 199 89
-12.3497 -1.6011 0.5047 52 199 89
-12.4486 -1.5868 0.6185 52 199 89
-12.4182 -1.6235 1.0379 52 199 89
-12.4333 -1.6480 1.0389 52 199 89
-12.4558 -1.6651 3.1745 52 199 89
-12.4259 -1.6406 3.1811 52 199 89
-12.5826 -1.6092 1.2368 52 199 89
-12.4084 -1.6393 2.9726 52 199 89
-12.3904 -1.6124 1.2981 52 199 89
-12.4411 -1.6227 2.8668 52 199 89
-12.4406 -1.6318 1.7063 52 199 89
-12.4536 -1.6335 1.7038 52 199 89
-12.3881 -1.6183 3.8028 52 199 89
-12.4709 -1.6381 1.8919 52 199 89
-12.5469 -1.6031 1.8873 52 199 89
-12.5124 -1.6078 1.8113 52 199 89
-12.3764 -1.6428 1.7754 52 199 89
-12.3734 -1.6413 1.7150 52 199 89
-12.2920 -1.6551 1.6823 52 199 89
-12.3330 -1.6603 1.5358 52 199 89
-12.2940 -1.6439 1.5412 52 199 89
-12.3746 -1.6767 1.5009 52 199 89
-12.3414 -1.6524 1.5142 52 199 89
-12.3858 -1.6617 1.3647 52 199 89
-12.5208 -1.6299 1.3261 52 199 89
-12.5611 -1.6322 1.3177 52 199 89
-12.3915 -1.6535 1.2810 52 199 89
-12.3521 -1.6308 1.2893 52 199 89
-12.5805 -1.6167 1.2548 52 199 89
-12.4065 -1.6629 2.6283 52 199 89
-12.4299 -1.5966 1.0863 52 199 89
-12.4479 -1.5941 0.9118 52 199 89
-12.4125 -1.6645 2.7188 52 199 89
-12.3149 -1.6485 2.8660 52 199 89
-12.4060 -1.6319 2.9504 52 199 89
-12.4210 -1.6586 2.8974 52 199 89
-12.4019 -1.5924 0.2914 52 199 89
-12.4604 -1.6016 0.0167 52 199 89
-12.4046 -1.5739 -0.0210 52 199 89
-12.5324 -1.5766 1.3040 52 199 89
-12.3061 -1.6487 2.7413 52 199 89
-12.4272 -1.6785 2.7853 52 199 89
-12.4638 -1.5712 0.4016 52 199 89
-12.4481 -1.6202 2.2970 52 199 89
-12.3981 -1.5548 0.4909 52 199 89
-12.4541 -1.5768 0.4777 52 199 89
-12.4510 -1.5797 0.6664 52 199 89
-12.3438 -1.6437 2.3930 52 199 89
-12.4204 -1.5983 1.6572 52 199 89
-12.3026 -1.6386 2.3732 52 199 89
-12.4359 -1.6292 2.3446 52 199 89
-12.3681 -1.6630 2.1927 52 199 89
-12.4089 -1.6466 1.5192 52 199 89
-12.3668 -1.6263 1.3883 52 199 89
-12.5929 -1.6174 1.2883 52 199 89
-12.3252 -1.6266 2.6876 52 199 89
-12.4301 -1.6646 2.5992 52 199 89
-12.3826 -1.6513 3.9971 52 199 89
-12.3879 -1.6318 3.7629 52 199 89
-12.4152 -1.6530 2.5532 52 199 89
-12.3174 -1.6849 1.5557 52 199 89
-12.4149 -1.6659 2.7326 52 199 89
-12.4945 -1.6131 2.7408 52 199 89
-12.3762 -1.6731 2.4208 52 199 89
-12.4542 -1.6289 2.4647 52 199 89
-12.5165 -1.6162 1.8042 52 199 89
-12.3790 -1.6456 1.7795 52 199 89
-12.3570 -1.6383 1.6156 52 199 89
-12.4252 -1.6550 1.6165 52 199 89
-12.3903 -1.6722 1.3576 52 199 89
-12.5407 -1.6579 1.3467 52 199 89
-12.5210 -1.5929 1.3724 52 199 89
-12.5634 -1.6404 1.3091 52 199 89
-12.4285 -1.6133 3.2455 52 199 89
-12.3937 -1.6762 1.2708 52 199 89
-12.3536 -1.6349 1.3051 52 199 89
-12.5934 -1.6364 1.2812 52 199 89
-12.5820 -1.5914 1.2916 52 199 89
-12.3112 -1.6877 1.6141 52 199 89
-12.4321 -1.6227 1.0891 52 199 89
-12.4468 -1.5597 0.9393 52 199 89
-12.4395 -1.5732 -0.0031 52 199 89
-12.3547 -1.6560 0.4705 52 199 89
-12.4654 -1.5723 0.4014 52 199 89
-12.4620 -1.5669 0.0388 52 199 89
-12.4538 -1.6583 3.2135 52 199 89
-12.4065 -1.6039 0.2897 52 199 89
-12.4116 -1.6776 2.8952 52 199 89
-12.3145 -1.6321 2.9007 52 199 89
-12.3473 -1.5829 0.3603 52 199 89
-12.3174 -1.7300 1.6430 52 199 89
-12.4541 -1.5803 0.4735 52 199 89
-12.4020 -1.5591 0.5286 52 199 89
-12.4430 -1.6219 1.1663 52 199 89
-12.5555 -1.5827 1.3111 52 199 89
-12.3644 -1.6362 1.4537 52 199 89
-12.3955 -1.6060 1.5040 52 199 89
-12.3885 -1.6142 1.5702 52 199 89
-12.4285 -1.6194 3.3471 52 199 89
-12.4291 -1.6642 2.8488 52 199 89
-12.4141 -1.6432 2.5633 52 199 89
-12.4285 -1.6396 2.6464 52 199 89
-12.4078 -1.6640 2.6240 52 199 89
-12.3072 -1.6804 2.5714 52 199 89
-12.3688 -1.6562 1.8395 52 199 89
-12.4431 -1.6431 1.5578 52 199 89
-12.4109 -1.6566 2.9136 52 199 89
-12.3539 -1.6163 1.3300 52 199 89
-12.3881 -1.5972 1.3969 52 199 89
-12.4064 -1.6447 2.6658 52 199 89
-12.5491 -1.6588 1.3625 52 199 89
-12.3985 -1.6668 1.4761 52 199 89
-12.7200 -1.6131 3.6549 52 199 89
-12.4095 -1.5795 0.0033 52 199 89
-12.4803 -1.6269 0.0995 52 199 89
-12.4054 -1.5962 0.2723 52 199 89
-12.3485 -1.5866 0.5142 52 199 89
-12.3617 -1.6958 1.5719 52 199 89
-12.4323 -1.6290 1.1150 52 199 89
-12.4454 -1.6257 1.1644 52 199 89
-12.4324 -1.6590 3.1797 52 199 89
-12.3775 -1.6661 2.4307 52 199 89
-12.4498 -1.6100 0.9058 52 199 89
-12.4718 -1.5837 0.8553 52 199 89
-12.5625 -1.6550 1.3241 52 199 89
-12.4112 -1.6624 1.5264 52 199 89
-12.3860 -1.6672 3.9802 52 199 89
-12.4189 -1.5905 1.5903 52 199 89
-12.4406 -1.6353 1.5785 52 199 89
-12.4148 -1.6327 2.5521 52 199 89
-12.4579 -1.6732 2.4217 52 199 89
-12.4408 -1.5659 0.0089 52 199 89
-12.4284 -1.6965 1.5796 52 199 89
-12.3176 -1.6527 2.8473 52 199 89
-12.4330 -1.7083 2.5607 52 199 89
-12.3669 -1.6246 1.8822 52 199 89
-12.3992 -1.7115 3.9539 52 199 89
-12.5382 -1.5803 1.8879 52 199 89
-12.3590 -1.6476 1.2771 52 199 89
-12.3893 -1.6319 1.3483 52 199 89
-12.3988 -1.6164 1.4961 52 199 89
-12.4780 -1.5923 0.1167 52 199 89
-12.3644 -1.6530 1.4319 52 199 89
-12.4048 -1.6297 2.6694 52 199 89
-12.4095 -1.6078 2.9631 52 199 89
-12.4157 -1.6788 2.7498 52 199 89
-12.4086 -1.5588 0.2486 52 199 89
-12.4461 -1.5581 0.8907 52 199 89
-12.3846 -1.6464 1.5475 52 199 89
-12.5785 -1.6311 1.3095 52 199 89
-12.5623 -1.6326 1.3049 52 199 89
-12.4246 -1.5824 1.1475 52 199 89
-12.4563 -1.6429 0.9561 52 199 89
-12.4308 -1.6625 2.6211 52 199 89
-12.4464 -1.6727 1.1207 52 199 89
-12.4089 -1.5738 0.5197 52 199 89
-12.4300 -1.5999 3.3886 52 199 89
-12.4118 -1.6454 2.9207 52 199 89
-12.4113 -1.6075 0.0348 52 199 89
-12.4623 -1.5872 0.0442 52 199 89
-12.3987 -1.5946 1.5306 52 199 89
-12.5448 -1.6149 1.4491 52 199 89
-12.3946 -1.6869 1.3281 52 199 89
-12.5778 -1.6045 1.3339 52 199 89
-12.5647 -1.6058 1.3301 52 199 89
-12.4366 -1.6034 0.1686 52 199 89
-12.4115 -1.6177 0.2268 52 199 89
-12.4880 -1.5927 0.3090 52 199 89
-12.7220 -1.6135 3.6571 52 199 89
-12.4118 -1.6346 0.5426 52 199 89
-12.8943 -2.6310 -0.2148 52 199 89
-13.0330 -2.3814 -0.3338 52 199 89
-13.1612 -2.0526 -0.2797 52 199 89
-12.7792 -2.8618 -0.0757 52 199 89
-13.3116 -1.8130 -0.6896 52 199 89
-11.5352 -1.9734 0.5531 52 199 89
-11.6186 -2.1028 0.5220 52 199 89
-11.7275 -2.1893 0.2290 52 199 89
-11.7373 -2.2846 0.4812 52 199 89
-12.6220 -2.4485 0.0055 52 199 89
-12.7678 -1.6752 0.6248 52 199 89
-12.7129 -1.7054 0.2292 52 199 89
-12.5470 -2.8701 0.1475 52 199 89
-12.7224 -1.9846 0.4998 52 199 89
-12.9048 -1.3566 1.4368 52 199 89
-11.6408 -1.9136 3.3440 52 199 89
-12.0667 -1.6133 2.5077 52 199 89
-12.4226 -1.8427 1.0685 52 199 89
-12.3598 -2.1733 -1.5575 52 199 89
-12.0010 -1.3352 0.5375 52 199 89
-12.0017 -1.2151 1.2726 52 199 89
-12.0689 -1.2902 0.5465 52 199 89
-12.0855 -1.2290 2.0406 52 199 89
-12.0544 -1.2150 1.2032 52 199 89
-12.0039 -1.1479 3.4530 52 199 89
-12.0666 -1.2580 0.5872 52 199 89
-12.3661 -1.8006 1.4002 52 199 89
-12.0339 -1.3037 1.0865 52 199 89
-12.0034 -1.1387 3.3692 52 199 89
-11.9951 -1.1176 3.4151 52 199 89
-12.0638 -1.2442 1.1238 52 199 89
-12.0656 -1.2381 1.1272 52 199 89
-12.3665 -1.7854 1.5055 52 199 89
-12.1923 -1.5926 -0.2922 52 199 89
-12.4173 -1.8462 1.4084 52 199 89
-12.4375 -1.8658 1.3911 52 199 89
-12.3803 -1.9578 -0.7005 52 199 89
-12.4013 -1.7799 1.7760 52 199 89
-12.0057 -1.3532 0.6727 52 199 89
-11.9944 -1.4598 -0.0459 52 199 89
-11.9748 -1.5687 -0.0967 52 199 89
-12.1445 -1.4338 -0.0753 52 199 89
-11.7618 -1.5540 -3.4093 52 199 89
-12.4181 -1.9547 -0.6385 52 199 89
-12.0033 -1.3207 0.7617 52 199 89
-11.9725 -1.6786 -0.4744 52 199 89
-11.7607 -1.5527 -3.5071 52 199 89
-12.3982 -2.1459 -1.7208 52 199 89
-11.7737 -1.5213 -3.6384 52 199 89
-11.9797 -1.6998 -0.5168 52 199 89
-12.1099 -1.4316 0.1229 52 199 89
-11.9596 -1.6012 0.1249 52 199 89
-11.9655 -1.6068 0.1372 52 199 89
-12.0021 -1.4421 0.1592 52 199 89
-12.1180 -1.4457 0.1951 52 199 89
-12.0981 -1.4022 0.2449 52 199 89
-11.8793 -1.5478 0.2343 52 199 89
-11.8389 -1.4718 -3.8367 52 199 89
-12.0000 -1.3255 0.3649 52 199 89
-12.0182 -1.3567 0.3929 52 199 89
-12.0417 -1.3317 0.4088 52 199 89
-12.0390 -1.2990 0.4287 52 199 89
-12.1319 -1.4033 0.3935 52 199 89
-12.2039 -1.6626 -0.7116 52 199 89
-12.3140 -1.9148 -0.9182 52 199 89
-11.8291 -1.4508 -3.9499 52 199 89
-11.7714 -1.6022 -3.6102 52 199 89
-12.1895 -1.4306 0.4101 52 199 89
-12.1477 -1.3489 0.4545 52 199 89
-11.8262 -1.4513 -3.9791 52 199 89
-12.0693 -1.3006 0.5045 52 199 89
-12.3986 -1.7901 1.7607 52 199 89
-12.1386 -1.3383 0.4950 52 199 89
-12.1427 -1.3200 0.4990 52 199 89
-11.9236 -1.3176 0.8526 52 199 89
-12.2078 -1.4666 0.4476 52 199 89
-12.0869 -1.1868 1.4033 52 199 89
-12.0049 -1.2854 1.2828 52 199 89
-12.0976 -1.2276 1.6213 52 199 89
-12.0601 -1.2490 0.9539 52 199 89
-12.0973 -1.2173 1.2994 52 199 89
-12.0961 -1.1574 1.6071 52 199 89
-12.3584 -1.9541 -0.8497 52 199 89
-12.4320 -1.8472 1.0425 52 199 89
-12.3738 -1.7752 1.5442 52 199 89
-12.3750 -1.7859 1.4961 52 199 89
-12.1505 -1.4147 0.9312 52 199 89
-11.9796 -1.1377 3.1307 52 199 89
-11.9516 -1.0592 3.2458 52 199 89
-12.3563 -2.1744 -1.5182 52 199 89
-12.3842 -1.9559 -0.7256 52 199 89
-12.3324 -2.1740 -1.5338 52 199 89
-12.0577 -1.2869 0.4787 52 199 89
-12.0359 -1.3050 0.3996 52 199 89
-12.0865 -1.2340 2.2029 52 199 89
-12.0354 -1.2370 1.3699 52 199 89
-12.1238 -1.4324 0.2977 52 199 89
-12.0796 -1.2911 0.5605 52 199 89
-11.8948 -1.2127 2.8800 52 199 89
-12.3512 -1.6518 2.0515 52 199 89
-11.9575 -1.6375 0.1748 52 199 89
-11.9327 -1.2349 2.0224 52 199 89
-12.1661 -1.4515 0.9656 52 199 89
-12.3529 -2.1803 -1.5143 52 199 89
-11.7440 -1.5396 -3.5357 52 199 89
-12.1981 -1.6637 -0.7291 52 199 89
-12.3501 -2.1751 -1.6008 52 199 89
-11.9786 -1.1336 3.0517 52 199 89
-11.8830 -1.1850 3.3705 52 199 89
-11.7587 -1.5544 -3.3597 52 199 89
-11.8283 -1.4888 -3.8694 52 199 89
-12.0457 -1.2546 1.1140 52 199 89
-12.0323 -1.2905 0.7524 52 199 89
-11.9444 -1.5757 0.3085 52 199 89
-12.1237 -1.3438 0.7189 52 199 89
-12.3316 -2.1722 -1.7087 52 199 89
-12.4208 -1.8467 1.1399 52 199 89
-12.1311 -1.3282 0.8446 52 199 89
-11.9995 -1.3070 0.8930 52 199 89
-12.2865 -1.5451 2.2950 52 199 89
-12.3263 -1.9392 -1.0279 52 199 89
-12.3299 -1.9417 -1.1409 52 199 89
-12.3146 -1.9222 -0.8699 52 199 89
-12.1190 -1.3100 0.9389 52 199 89
-11.7820 -1.5547 -3.8803 52 199 89
-12.1942 -1.3781 2.5387 52 199 89
-12.3230 -1.8125 1.2230 52 199 89
-11.7442 -1.5187 -3.5039 52 199 89
-12.1005 -1.3719 0.1316 52 199 89
-12.4033 -1.8346 1.1289 52 199 89
-12.1245 -1.2981 1.6774 52 199 89
-11.7724 -1.5290 -3.7816 52 199 89
-11.9810 -1.5849 -0.2495 52 199 89
-12.3348 -2.1838 -1.4959 52 199 89
-12.1029 -1.2881 1.4983 52 199 89
-12.0049 -1.2054 1.5460 52 199 89
-12.2112 -1.4897 0.4339 52 199 89
-12.0669 -1.2884 0.5003 52 199 89
-12.3197 -1.9294 -0.8973 52 199 89
-11.8895 -1.5755 -0.2006 52 199 89
-11.8809 -1.5437 -0.1796 52 199 89
-11.9316 -1.2706 0.9690 52 199 89
-12.3989 -1.8215 1.7113 52 199 89
-12.0588 -1.2406 0.9611 52 199 89
-12.0133 -1.3377 0.4034 52 199 89
-12.0024 -1.4651 0.3517 52 199 89
-12.3355 -2.1765 -1.5864 52 199 89
-11.9863 -1.4617 0.3539 52 199 89
-12.2087 -1.6902 -0.6913 52 199 89
-11.9763 -1.3928 0.3334 52 199 89
-12.1467 -1.4492 -0.0707 52 199 89
-11.9855 -1.3013 0.6955 52 199 89
-12.0140 -1.4650 -0.0657 52 199 89
-12.0117 -1.3794 0.6639 52 199 89
-11.9738 -1.6826 -0.5225 52 199 89
-12.0185 -1.4683 0.2441 52 199 89
-12.1034 -1.4206 0.2327 52 199 89
-12.0946 -1.4246 0.2421 52 199 89
-12.4170 -1.8390 1.4202 52 199 89
-11.9446 -1.3144 0.7309 52 199 89
-12.3631 -1.7052 1.6295 52 199 89
-12.4064 -1.8413 1.4154 52 199 89
-11.7614 -1.5567 -3.5303 52 199 89
-11.7898 -1.5441 -3.9532 52 199 89
-11.9475 -1.5664 0.1309 52 199 89
-12.3681 -1.7813 1.4323 52 199 89
-12.3261 -1.7918 1.3905 52 199 89
-11.7972 -1.5408 -3.8760 52 199 89
-11.8003 -1.5396 -3.8447 52 199 89
-12.4011 -1.8335 1.1820 52 199 89
-12.3232 -1.8434 1.2379 52 199 89
-12.4000 -1.8165 1.2306 52 199 89
-11.7946 -1.5207 -3.8682 52 199 89
-12.2763 -1.6072 -0.0417 52 199 89
-11.9713 -1.6504 -0.3779 52 199 89
-12.3717 -1.7885 1.3081 52 199 89
-12.3823 -1.9583 -0.7487 52 199 89
-12.1823 -1.4730 0.5304 52 199 89
-12.0789 -1.3192 0.5634 52 199 89
-12.0935 -1.2278 2.5313 52 199 89
-11.9941 -1.3327 0.5488 52 199 89
-12.4184 -2.0005 -0.7876 52 199 89
-12.3946 -2.0284 -0.9720 52 199 89
-12.3315 -1.8214 1.1871 52 199 89
-12.1959 -1.4376 0.4314 52 199 89
-12.1907 -1.4364 0.4235 52 199 89
-12.0071 -1.1728 3.3056 52 199 89
-12.1883 -1.4175 0.4119 52 199 89
-12.1017 -1.8946 -1.2527 52 199 89
-12.3807 -1.9627 -0.6944 52 199 89
-12.0355 -1.3017 0.3987 52 199 89
-12.3139 -1.9093 -0.9261 52 199 89
-12.0076 -1.3568 0.3676 52 199 89
-12.0925 -1.4000 0.3220 52 199 89
-11.9938 -1.4515 -0.0578 52 199 89
-11.9702 -1.5997 0.1740 52 199 89
-11.9766 -1.1211 3.0843 52 199 89
-11.9702 -1.5719 0.1464 52 199 89
-12.0426 -1.3104 0.4391 52 199 89
-12.1098 -1.2670 1.5338 52 199 89
-11.8728 -1.2911 1.0214 52 199 89
-12.2858 -1.5480 2.2804 52 199 89
-12.1233 -1.2997 0.7294 52 199 89
-12.0081 -1.3388 0.7488 52 199 89
-11.7739 -1.5567 -3.4421 52 199 89
-12.0637 -1.2560 1.1791 52 199 89
-12.0691 -1.2374 1.1901 52 199 89
-12.3954 -1.7957 1.1830 52 199 89
-12.1215 -1.4195 0.2995 52 199 89
-12.1855 -1.6180 -0.3863 52 199 89
-11.9980 -1.1427 3.0393 52 199 89
-12.0154 -1.2170 3.3022 52 199 89
-11.9255 -1.1665 3.1612 52 199 89
-12.2243 -1.4107 2.5470 52 199 89
-12.1053 -1.2305 0.8171 52 199 89
-12.3401 -2.1769 -1.5527 52 199 89
-12.3751 -1.7891 1.3356 52 199 89
-11.8790 -1.3096 0.8652 52 199 89
-11.9724 -1.1534 3.0697 52 199 89
-12.3300 -2.1815 -1.5114 52 199 89
-12.0182 -1.2293 0.7785 52 199 89
-12.3563 -2.1737 -1.5201 52 199 89
-12.0542 -1.2724 0.7734 52 199 89
-12.0523 -1.2880 1.0922 52 199 89
-12.0719 -1.2417 2.8609 52 199 89
-12.0869 -1.2325 2.2350 52 199 89
-11.7966 -1.5856 -3.7879 52 199 89
-12.3354 -1.6486 2.0062 52 199 89
-11.7977 -1.4549 -3.8503 52 199 89
-12.3530 -2.1791 -1.5181 52 199 89
-12.3667 -1.8090 1.2640 52 199 89
-11.8558 -1.5453 -3.7274 52 199 89
-12.4210 -1.8538 1.1480 52 199 89
-11.7375 -1.5238 -3.5786 52 199 89
-11.8025 -1.4025 1.3032 52 199 89
-12.0080 -1.2414 1.3892 52 199 89
-12.0392 -1.2789 0.3817 52 199 89
-12.0904 -1.2119 1.9952 52 199 89
-12.4274 -1.8466 1.0642 52 199 89
-11.8045 -1.5587 -3.8191 52 199 89
-11.7684 -1.5960 -3.6239 52 199 89
-12.0054 -1.2284 1.4073 52 199 89
-11.8149 -1.5691 -3.7127 52 199 89
-11.7748 -1.5315 -3.7600 52 199 89
-12.3808 -1.9616 -0.6945 52 199 89
-12.0009 -1.2659 1.2855 52 199 89
-12.0958 -1.2023 1.2988 52 199 89
-12.3195 -1.9238 -0.8962 52 199 89
-12.3155 -1.9212 -0.9125 52 199 89
-12.2058 -1.4311 0.4469 52 199 89
-12.3156 -1.9347 -0.9226 52 199 89
-12.1693 -1.6716 -0.7645 52 199 89
-12.3709 -2.1999 -1.6697 52 199 89
-12.0561 -1.2194 1.1882 52 199 89
-12.0811 -1.3673 0.2337 52 199 89
-12.0225 -1.2430 1.1465 52 199 89
-12.1980 -1.6590 -0.7375 52 199 89
-12.2061 -1.6679 -0.7137 52 199 89
-12.0155 -1.2880 1.0807 52 199 89
-12.1171 -1.4529 0.0693 52 199 89
-12.2166 -1.7016 -0.6893 52 199 89
-12.0753 -1.3217 0.3380 52 199 89
-12.3949 -2.0279 -0.9672 52 199 89
-11.8606 -1.3139 0.9986 52 199 89
-11.9645 -1.6535 -0.5415 52 199 89
-11.7620 -1.5588 -3.5345 52 199 89
-11.9629 -1.6487 -0.4909 52 199 89
-12.0657 -1.2754 0.9337 52 199 89
-12.0101 -1.4245 0.3209 52 199 89
-12.3206 -1.9351 -1.0534 52 199 89
-12.3799 -1.9682 -0.7112 52 199 89
-12.1143 -1.4317 0.2507 52 199 89
-11.8728 -1.2891 0.8773 52 199 89
-12.0556 -1.2796 0.4403 52 199 89
-12.1161 -1.6125 -0.3516 52 199 89
-12.1743 -1.5384 -0.2010 52 199 89
-11.8744 -1.5267 -0.1903 52 199 89
-12.0027 -1.3413 0.6721 52 199 89
-12.3814 -1.7653 1.7746 52 199 89
-11.9928 -1.4510 0.3101 52 199 89
-11.9713 -1.5654 -0.0698 52 199 89
-12.1458 -1.4522 -0.0685 52 199 89
-12.0691 -1.2714 0.5876 52 199 89
-11.9984 -1.3328 0.5549 52 199 89
-12.1423 -1.3301 0.5178 52 199 89
-12.0027 -1.3588 0.3897 52 199 89
-12.1365 -1.3209 0.4772 52 199 89
-11.7590 -1.5479 -3.4854 52 199 89
-11.8453 -1.2208 2.6565 52 199 89
-12.0696 -1.2737 1.0166 52 199 89
-12.0880 -1.1968 2.5877 52 199 89
-12.3702 -1.8065 1.2876 52 199 89
-12.3530 -2.1718 -1.6483 52 199 89
-12.3733 -1.7731 1.5383 52 199 89
-12.4034 -1.8262 1.4198 52 199 89
-12.3687 -1.8004 1.4570 52 199 89
-12.3682 -1.7854 1.4292 52 199 89
-12.3268 -1.8040 1.3751 52 199 89
-12.3233 -1.7946 1.3381 52 199 89
-12.3718 -1.7693 1.3308 52 199 89
-12.3996 -1.8374 1.2079 52 199 89
-12.4022 -1.8398 1.1224 52 199 89
-12.4224 -1.8447 1.0843 52 199 89
-12.4187 -1.8392 1.0844 52 199 89
-11.9903 -1.4768 0.3254 52 199 89
-12.0947 -1.2210 1.5940 52 199 89
-12.0881 -1.1975 1.5755 52 199 89
-12.0126 -1.2187 1.5415 52 199 89
-11.7896 -1.5410 -3.9542 52 199 89
-11.7956 -1.5794 -3.8098 52 199 89
-12.0922 -1.2656 2.1960 52 199 89
-12.1197 -1.4071 0.3029 52 199 89
-12.1898 -1.3594 1.2195 52 199 89
-11.7579 -1.5771 -3.9539 52 199 89
-12.1959 -1.6545 -0.4447 52 199 89
-11.8852 -1.3325 0.9416 52 199 89
-12.1721 -1.3074 2.6141 52 199 89
-12.3730 -1.8097 1.3113 52 199 89
-12.1576 -1.4095 0.8522 52 199 89
-12.1192 -1.3955 -0.0369 52 199 89
-12.4086 -1.8153 1.5092 52 199 89
-12.2116 -2.1529 -1.3445 52 199 89
-12.1436 -1.3246 0.4435 52 199 89
-11.9290 -1.1789 3.1419 52 199 89
-12.0800 -1.3518 0.1169 52 199 89
-12.0329 -1.2959 0.7551 52 199 89
-11.8162 -1.4975 -3.7198 52 199 89
-11.9954 -1.1369 3.0611 52 199 89
-12.3415 -1.6667 2.0213 52 199 89
-12.3453 -2.1763 -1.6606 52 199 89
-11.9818 -1.1890 3.0019 52 199 89
-12.1530 -1.4153 0.3209 52 199 89
-12.1114 -1.2758 0.7492 52 199 89
-11.9867 -1.0785 3.5830 52 199 89
-11.9967 -1.4571 -0.0559 52 199 89
-12.3766 -1.7376 1.7753 52 199 89
-11.9297 -1.1900 3.1772 52 199 89
-12.0629 -1.2622 0.9470 52 199 89
-12.3788 -1.7719 1.2583 52 199 89
-11.7709 -1.5179 -3.6499 52 199 89
-12.0292 -1.2440 0.4293 52 199 89
-12.0161 -1.3408 0.4219 52 199 89
-12.0804 -1.3548 0.1418 52 199 89
-12.0717 -1.3029 0.3697 52 199 89
-11.7494 -1.5332 -3.6082 52 199 89
-12.4003 -1.8203 1.2314 52 199 89
-12.0001 -1.4603 0.3044 52 199 89
-11.9959 -1.6370 -0.2089 52 199 89
-12.1794 -1.5574 -0.1544 52 199 89
-12.1974 -1.6534 -0.7347 52 199 89
-12.3139 -1.9224 -0.5892 52 199 89
-11.8784 -1.5488 0.2210 52 199 89
-12.3738 -1.7698 1.5442 52 199 89
-12.2073 -1.4395 0.4393 52 199 89
-12.0137 -1.3336 0.5348 52 199 89
-12.1040 -1.3986 0.1536 52 199 89
-11.9967 -1.3301 0.5746 52 199 89
-12.4065 -1.8503 1.3971 52 199 89
-12.3432 -2.0765 -1.0874 52 199 89
-11.9313 -1.3308 0.8457 52 199 89
-11.9498 -1.3123 0.8510 52 199 89
-12.0636 -1.2896 0.3456 52 199 89
-11.9391 -1.3033 0.9360 52 199 89
-12.0754 -1.3560 0.2835 52 199 89
-12.1392 -1.4197 -0.0593 52 199 89
-12.0881 -1.3701 0.2253 52 199 89
-12.0063 -1.2504 1.1154 52 199 89
-12.1129 -1.4177 0.2735 52 199 89
-12.1669 -1.6791 -0.7409 52 199 89
-12.0682 -1.2753 1.1626 52 199 89
-12.3198 -1.9345 -0.8815 52 199 89
-12.0686 -1.2508 1.1906 52 199 89
-11.9926 -1.2274 1.3065 52 199 89
-11.8347 -1.4638 1.2342 52 199 89
-12.3199 -1.9667 -1.0064 52 199 89
-11.7416 -1.5113 -3.5233 52 199 89
-12.0893 -1.2059 1.5635 52 199 89
-11.7885 -1.5965 -3.3184 52 199 89
-12.4172 -1.8415 1.4216 52 199 89
-12.4034 -1.8262 1.4144 52 199 89
-12.4019 -1.8427 1.1235 52 199 89
-11.9763 -1.6756 -0.3752 52 199 89
-11.8693 -1.2818 0.9614 52 199 89
-12.1322 -1.4073 0.3879 52 199 89
-12.0861 -1.3354 0.5583 52 199 89
-12.3329 -2.1701 -1.5562 52 199 89
-12.3257 -1.9348 -1.0387 52 199 89
-11.9484 -1.5716 0.1352 52 199 89
-12.3761 -1.7928 1.3396 52 199 89
-11.9122 -1.2683 2.7845 52 199 89
-11.7714 -1.5968 -3.9237 52 199 89
-12.1637 -1.4254 0.9569 52 199 89
-12.3760 -1.7217 1.6934 52 199 89
-12.3494 -2.1729 -1.6183 52 199 89
-12.1580 -1.4197 0.4274 52 199 89
-12.2304 -1.4606 2.2811 52 199 89
-11.8146 -1.4931 -3.7323 52 199 89
-11.9852 -1.2100 2.9575 52 199 89
-12.1393 -1.3530 0.9551 52 199 89
-11.9952 -1.2816 0.7874 52 199 89
-12.2829 -1.5505 2.0754 52 199 89
-12.0191 -1.1998 1.3911 52 199 89
-12.2111 -2.1499 -1.3509 52 199 89
-12.1258 -1.4369 0.3061 52 199 89
-11.9318 -1.1908 2.1067 52 199 89
-12.3769 -1.7613 1.5950 52 199 89
-12.1536 -1.3798 0.8873 52 199 89
-12.0200 -1.2845 0.4476 52 199 89
-12.0896 -1.2498 2.2273 52 199 89
-12.0139 -1.2251 1.3451 52 199 89
-12.0158 -1.2101 1.1638 52 199 89
-12.2252 -1.7177 -0.5437 52 199 89
-12.1732 -1.3176 2.5972 52 199 89
-12.3766 -1.7504 1.7677 52 199 89
-11.7780 -1.5564 -3.8510 52 199 89
-12.1908 -1.4359 0.4202 52 199 89
-11.9201 -1.1491 3.1909 52 199 89
-12.1344 -1.4088 0.3882 52 199 89
-12.0447 -1.3086 0.4165 52 199 89
-12.0067 -1.3582 0.3922 52 199 89
-12.0069 -1.4256 0.3234 52 199 89
-12.0105 -1.4798 0.2870 52 199 89
-12.3205 -1.9314 -0.8668 52 199 89
-12.3108 -1.9054 -0.8967 52 199 89
-11.9007 -1.6031 0.2158 52 199 89
-12.1937 -1.7297 -0.7059 52 199 89
-12.0498 -1.2608 0.4579 52 199 89
-11.9548 -1.6176 0.1581 52 199 89
-12.0618 -1.3284 0.1748 52 199 89
-11.9414 -1.5488 0.1402 52 199 89
-12.3207 -1.9695 -0.9823 52 199 89
-11.8906 -1.5993 0.1096 52 199 89
-12.2191 -1.5132 0.4269 52 199 89
-11.8713 -1.1271 3.0540 52 199 89
-12.0832 -1.3847 0.2267 52 199 89
-12.3759 -1.7329 1.6931 52 199 89
-12.0037 -1.3574 0.5775 52 199 89
-12.0617 -1.2874 0.3214 52 199 89
-12.3671 -1.7792 1.4499 52 199 89
-12.3280 -1.8192 1.3502 52 199 89
-11.7464 -1.5213 -3.4932 52 199 89
-12.3760 -1.8165 1.3173 52 199 89
-12.4006 -1.8175 1.2476 52 199 89
-12.4025 -1.8175 1.1570 52 199 89
-12.1345 -1.3280 1.6506 52 199 89
-12.2114 -1.6726 -0.6856 52 199 89
-11.9129 -1.2062 0.8482 52 199 89
-12.0001 -1.2936 0.7978 52 199 89
-11.7975 -1.5397 -3.8284 52 199 89
-12.0686 -1.3047 0.6221 52 199 89
-11.9984 -1.7461 -0.4668 52 199 89
-12.2100 -1.7081 -0.4726 52 199 89
-11.7906 -1.5579 -3.6540 52 199 89
-11.8411 -1.4805 -3.8095 52 199 89
-11.8832 -1.3350 1.0255 52 199 89
-11.8800 -1.3637 0.9756 52 199 89
-11.7541 -1.4777 -3.7575 52 199 89
-12.0603 -1.2497 0.9639 52 199 89
-11.7558 -1.5471 -3.5659 52 199 89
-11.9456 -1.3181 0.9349 52 199 89
-11.8777 -1.1363 3.4486 52 199 89
-12.3930 -1.8070 1.2525 52 199 89
-12.3745 -1.7610 1.5667 52 199 89
-12.0956 -1.1449 1.0118 52 199 89
-12.0949 -1.2473 1.3298 52 199 89
-12.3123 -1.8623 -0.4618 52 199 89
-12.1857 -1.5777 -0.1549 52 199 89
-11.9956 -1.6594 0.1543 52 199 89
-12.4006 -1.8181 1.3676 52 199 89
-12.1316 -1.4535 0.3227 52 199 89
-11.9760 -1.5676 -0.1122 52 199 89
-12.0317 -1.1939 2.9065 52 199 89
-12.2154 -1.4425 0.2453 52 199 89
-12.0092 -1.3427 0.8825 52 199 89
-11.9655 -1.5540 0.1385 52 199 89
-12.2292 -1.7456 -0.5236 52 199 89
-12.1438 -1.4124 0.4482 52 199 89
-12.0361 -1.2145 1.1726 52 199 89
-12.2279 -1.4142 2.3644 52 199 89
-12.1732 -1.7034 -0.5322 52 199 89
-12.1830 -1.6690 -0.7464 52 199 89
-12.1615 -1.4779 -0.1775 52 199 89
-11.8614 -1.0749 3.5772 52 199 89
-12.3282 -2.2450 -1.3986 52 199 89
-12.3734 -1.7764 1.5355 52 199 89
-11.8747 -1.1337 3.0609 52 199 89
-11.7638 -1.5566 -3.3840 52 199 89
-12.3831 -1.7908 1.7229 52 199 89
-12.1313 -1.3875 -0.0342 52 199 89
-12.0811 -1.2192 2.5257 52 199 89
-12.1218 -1.6388 -0.4887 52 199 89
-12.3671 -1.8023 1.4279 52 199 89
-12.3280 -1.8137 1.3570 52 199 89
-12.3733 -1.7752 1.2840 52 199 89
-12.3806 -1.7815 1.2625 52 199 89
-12.3658 -1.7661 1.2711 52 199 89
-12.1131 -1.5878 -0.4202 52 199 89
-12.1467 -1.2897 1.7004 52 199 89
-11.9240 -1.5304 0.1569 52 199 89
-11.7776 -1.5298 -3.5962 52 199 89
-12.1113 -1.2370 1.2736 52 199 89
-12.0619 -1.2217 1.1844 52 199 89
-12.1566 -1.3505 1.0154 52 199 89
-11.9567 -1.6219 -0.3943 52 199 89
-11.8611 -1.3090 1.0120 52 199 89
-11.8166 -1.5855 -3.7905 52 199 89
-11.9973 -1.4900 0.3388 52 199 89
-11.8013 -1.5824 -3.7775 52 199 89
-12.0395 -1.2951 0.4452 52 199 89
-12.0677 -1.3554 0.4540 52 199 89
-11.7926 -1.5631 -3.6387 52 199 89
-12.1848 -1.6309 -0.3407 52 199 89
-12.1748 -2.0134 -1.1627 52 199 89
-12.3902 -1.7932 1.2712 52 199 89
-11.9596 -1.2257 0.5090 52 199 89
-11.9795 -1.5843 -0.1844 52 199 89
-12.0774 -1.2962 0.5884 52 199 89
-11.9713 -1.6349 0.1516 52 199 89
-12.1322 -1.3916 0.3794 52 199 89
-12.3765 -1.7078 1.7368 52 199 89
-11.9424 -1.5995 -0.2760 52 199 89
-12.1262 -1.4156 0.3372 52 199 89
-12.1124 -1.3039 1.1597 52 199 89
-12.0113 -1.2069 1.3723 52 199 89
-12.2011 -1.6902 -0.2901 52 199 89
-12.0746 -1.3173 0.9469 52 199 89
-11.9683 -1.3842 0.3574 52 199 89
-12.3152 -2.1432 -1.4160 52 199 89
-11.8595 -1.5002 0.2038 52 199 89
-12.3202 -1.9394 -0.8269 52 199 89
-12.2308 -1.7353 -0.5832 52 199 89
-12.1563 -1.4525 0.0198 52 199 89
-11.8838 -1.1663 3.0158 52 199 89
-12.0958 -1.2395 2.4889 52 199 89
-12.3671 -1.7884 1.4563 52 199 89
-11.8743 -0.9888 2.3076 52 199 89
-12.1144 -1.3145 1.4737 52 199 89
-11.9900 -1.1071 1.6861 52 199 89
-11.9334 -1.5747 -0.2933 52 199 89
-11.9742 -1.1251 1.3427 52 199 89
-11.7895 -1.5248 -3.9993 52 199 89
-12.1104 -1.2921 1.1571 52 199 89
-11.7993 -1.5464 -3.8184 52 199 89
-11.9753 -1.6788 -0.3676 52 199 89
-12.1918 -1.6380 -0.4684 52 199 89
-11.9672 -1.2131 0.6802 52 199 89
-12.2118 -1.4285 0.4404 52 199 89
-11.8802 -1.1374 3.4723 52 199 89
-12.3646 -1.7983 1.2332 52 199 89
-12.3758 -1.7979 1.3517 52 199 89
-12.0956 -1.3085 0.2725 52 199 89
-12.0258 -1.1291 0.3660 52 199 89
-12.0926 -1.3587 0.3489 52 199 89
-11.8611 -1.5221 -3.7983 52 199 89
-12.1819 -1.6198 -0.3325 52 199 89
-12.1354 -1.5668 0.0087 52 199 89
-12.2707 -2.2243 -1.6485 52 199 89
-12.0670 -1.2327 1.1654 52 199 89
-12.2417 -1.7012 -0.5034 52 199 89
-12.3823 -1.9664 -0.7186 52 199 89
-12.0399 -1.3179 0.6738 52 199 89
-11.8505 -1.5088 1.1984 52 199 89
-12.3559 -2.1734 -1.7208 52 199 89
-12.1511 -1.5905 -0.0646 52 199 89
-11.8459 -1.0129 3.7215 52 199 89
-11.8104 -1.4642 -3.7787 52 199 89
-12.3554 -2.1868 -1.4897 52 199 89
-12.1402 -1.2748 1.7217 52 199 89
-11.9225 -1.3603 -0.2382 52 199 89
-12.0045 -1.2560 1.2819 52 199 89
-11.9673 -1.6412 -0.5343 52 199 89
-11.9886 -1.3033 0.6655 52 199 89
-11.9967 -1.2246 0.5302 52 199 89
-12.0462 -1.2912 0.4571 52 199 89
-12.1107 -1.1657 2.0040 52 199 89
-12.1450 -1.4218 1.1803 52 199 89
-12.0090 -1.2518 1.3890 52 199 89
-12.1918 -1.6380 -0.4684 52 199 89
-12.0010 -1.3086 1.3979 52 199 89
-11.8491 -1.5420 -3.8413 52 199 89
-12.0502 -1.2598 0.3591 52 199 89
-12.2133 -1.4966 0.1575 52 199 89
-11.9697 -1.5946 0.1105 52 199 89
-12.6974 -0.8072 -0.0343 52 199 89
-12.7048 -0.9841 -0.1022 52 199 89
-12.8018 -1.1399 -0.0304 52 199 89
-12.4997 -0.8949 -0.0104 52 199 89
-12.7909 -1.1984 -0.0006 52 199 89
-12.6762 -1.2267 -0.9845 52 199 89
-12.7805 -1.4504 1.7073 52 199 89
-12.8133 -1.3918 1.7635 52 199 89
-12.7085 -0.8835 0.0309 52 199 89
-12.8067 -0.9943 0.0804 52 199 89
-12.2652 -0.8141 0.1179 52 199 89
-12.8112 -1.1475 0.1036 52 199 89
-12.7048 -1.6688 -0.8033 52 199 89
-12.7371 -1.6650 -1.5969 52 199 89
-12.3665 -0.8685 0.1721 52 199 89
-12.4010 -0.9043 0.1664 52 199 89
-12.7753 -0.9362 0.1655 52 199 89
-12.3787 -0.8912 0.1885 52 199 89
-12.3743 -0.9294 0.2037 52 199 89
-12.3945 -0.8385 0.2313 52 199 89
-12.3824 -0.9083 0.2527 52 199 89
-12.3526 -0.9040 0.2683 52 199 89
-12.6653 -2.0122 -2.1735 52 199 89
-12.7726 -1.7470 -0.9862 52 199 89
-12.7342 -1.6620 -1.5910 52 199 89
-12.6380 -2.0111 -2.1550 52 199 89
-12.7901 -1.7244 -1.1237 52 199 89
-12.7148 -1.6279 -1.2196 52 199 89
-12.8061 -1.0442 -0.2213 52 199 89
-12.7779 -1.7363 -1.1289 52 199 89
-12.7563 -1.3765 -0.5739 52 199 89
-12.7378 -1.6890 -1.6023 52 199 89
-12.7653 -1.3574 -0.7504 52 199 89
-12.6290 -1.9980 -2.1476 52 199 89
-12.7320 -1.6433 -1.4624 52 199 89
-12.4615 -0.7531 0.4665 52 199 89
-12.9262 -1.0077 3.2941 52 199 89
-12.3575 -0.9057 0.4532 52 199 89
-12.6361 -2.0043 -2.0906 52 199 89
-12.7138 -1.6419 -1.2974 52 199 89
-12.6740 -1.1712 -0.6235 52 199 89
-12.6215 -1.9976 -2.0906 52 199 89
-12.7653 -1.4171 -0.5205 52 199 89
-12.6240 -2.0041 -2.0598 52 199 89
-12.7191 -1.6308 -1.2899 52 199 89
-12.7455 -1.7322 -1.2350 52 199 89
-12.7578 -0.8322 0.6521 52 199 89
-12.6818 -2.0324 -2.3232 52 199 89
-12.7542 -1.7025 -1.3006 52 199 89
-12.7749 -1.3157 -0.5733 52 199 89
-12.7117 -1.0396 -0.3665 52 199 89
-12.7715 -0.8065 0.6974 52 199 89
-12.7065 -1.0798 -0.3536 52 199 89
-12.3381 -0.8732 0.6950 52 199 89
-12.7569 -0.8669 0.7104 52 199 89
-12.6774 -1.0884 -0.2151 52 199 89
-12.7172 -1.6396 -1.4138 52 199 89
-12.3584 -1.0980 -0.7621 52 199 89
-12.7709 -1.1454 -0.1785 52 199 89
-12.7556 -1.2719 -0.1508 52 199 89
-12.8179 -1.3103 1.9602 52 199 89
-12.8485 -1.2222 -0.1853 52 199 89
-12.7354 -1.1882 -0.5787 52 199 89
-12.7190 -1.6308 -1.2378 52 199 89
-12.7764 -1.7511 -1.0096 52 199 89
-12.7791 -1.1584 0.0879 52 199 89
-12.7691 -1.7193 -1.2233 52 199 89
-12.4070 -0.8303 -0.3113 52 199 89
-12.7640 -1.3428 -0.6406 52 199 89
-12.7068 -1.2790 -0.4625 52 199 89
-12.6369 -2.0093 -2.0690 52 199 89
-12.6378 -2.0197 -2.0247 52 199 89
-12.6371 -2.0168 -2.0322 52 199 89
-12.7369 -1.6653 -1.5963 52 199 89
-12.6658 -1.1735 -0.5201 52 199 89
-12.7381 -1.6856 -1.6031 52 199 89
-12.2795 -0.7773 -0.2657 52 199 89
-12.7810 -1.0968 -0.1955 52 199 89
-12.6979 -0.8810 -0.1777 52 199 89
-12.4073 -0.8122 -0.3921 52 199 89
-12.4039 -0.8770 -0.1580 52 199 89
-12.7618 -1.2335 -0.1298 52 199 89
-12.7705 -1.3368 -0.5620 52 199 89
-12.3963 -0.7625 -0.1433 52 199 89
-12.7029 -0.8468 -0.1173 52 199 89
-12.7040 -0.9952 -0.0954 52 199 89
-12.8115 -1.0970 -0.0308 52 199 89
-12.4728 -0.7294 -0.0136 52 199 89
-12.2630 -0.7797 0.0951 52 199 89
-12.7946 -1.2140 0.0909 52 199 89
-12.8031 -1.0107 0.0828 52 199 89
-12.3990 -0.8468 0.1762 52 199 89
-12.3765 -0.8495 0.2156 52 199 89
-12.3891 -0.8739 0.2349 52 199 89
-12.4071 -0.8882 0.9460 52 199 89
-12.9291 -0.7792 3.7961 52 199 89
-12.7622 -1.6809 -1.3252 52 199 89
-12.2745 -0.7975 0.3304 52 199 89
-12.7453 -0.7856 0.8786 52 199 89
-12.7299 -1.6560 -1.5963 52 199 89
-12.4619 -0.7413 0.4647 52 199 89
-12.7262 -1.6306 -1.2701 52 199 89
-12.8293 -0.8147 0.7587 52 199 89
-12.7207 -1.3745 -0.7428 52 199 89
-12.7763 -0.7774 0.7059 52 199 89
-12.7096 -1.6506 -1.1847 52 199 89
-12.3450 -0.9290 -0.4252 52 199 89
-12.6644 -2.0039 -2.3422 52 199 89
-12.8383 -1.5254 1.6362 52 199 89
-12.8143 -1.3283 1.8511 52 199 89
-12.8270 -1.2974 1.8746 52 199 89
-12.8112 -1.4162 1.7106 52 199 89
-12.6383 -2.0101 -2.1580 52 199 89
-12.7269 -1.2193 -0.5691 52 199 89
-12.6427 -2.0163 -2.0682 52 199 89
-12.6991 -0.8741 -0.1110 52 199 89
-12.8687 -1.4232 1.8594 52 199 89
-12.5969 -0.9247 -0.5428 52 199 89
-12.3998 -0.8884 -0.1111 52 199 89
-12.8819 -1.3829 1.8575 52 199 89
-12.8606 -1.4300 1.7937 52 199 89
-12.4045 -0.8712 -0.1848 52 199 89
-12.6217 -1.2141 -1.0469 52 199 89
-12.6658 -2.0085 -2.1857 52 199 89
-12.6032 -2.0323 -2.0214 52 199 89
-12.7333 -1.7022 -1.5688 52 199 89
-12.2664 -0.7146 0.3334 52 199 89
-12.7308 -1.6969 -1.5618 52 199 89
-12.7238 -0.8016 1.4848 52 199 89
-12.3506 -0.8842 0.2626 52 199 89
-12.7217 -1.6457 -1.2355 52 199 89
-12.3774 -0.8454 0.2059 52 199 89
-12.8179 -0.9358 0.1566 52 199 89
-12.5940 -0.9949 -0.5882 52 199 89
-12.8345 -1.0483 0.0775 52 199 89
-12.6255 -1.1837 -0.7563 52 199 89
-12.6809 -1.1606 -0.7038 52 199 89
-12.8338 -1.2771 1.9078 52 199 89
-12.6444 -2.0077 -2.0722 52 199 89
-12.6906 -1.0110 -0.2428 52 199 89
-12.6607 -2.0082 -2.1453 52 199 89
-12.7012 -1.0213 -0.0833 52 199 89
-12.3989 -0.8401 -0.0345 52 199 89
-12.6653 -2.0011 -2.3477 52 199 89
-12.7852 -1.7203 -1.1471 52 199 89
-12.7696 -1.3212 -0.6602 52 199 89
-12.6555 -2.0176 -2.1663 52 199 89
-12.7284 -1.6638 -1.5806 52 199 89
-12.7749 -1.1218 -0.1861 52 199 89
-12.6748 -1.1796 -1.0324 52 199 89
-12.6454 -2.0079 -2.0919 52 199 89
-12.7256 -1.6913 -1.5414 52 199 89
-12.3430 -0.9158 -0.4411 52 199 89
-12.7485 -1.4033 -0.7125 52 199 89
-12.7353 -0.8355 0.1588 52 199 89
-12.7224 -1.6998 -1.5846 52 199 89
-12.7282 -1.3101 -0.6837 52 199 89
-12.6358 -2.0075 -2.0904 52 199 89
-12.6385 -1.3109 -0.9791 52 199 89
-12.6350 -2.0083 -2.1174 52 199 89
-12.7161 -1.6433 -1.2227 52 199 89
-12.7095 -1.6382 -1.5100 52 199 89
-12.7356 -1.6593 -1.6435 52 199 89
-12.7231 -1.6700 -1.4349 52 199 89
-12.7393 -1.6595 -1.6437 52 199 89
-12.6737 -0.8322 -0.0195 52 199 89
-12.7469 -1.7244 -1.2517 52 199 89
-12.6679 -2.0030 -2.1982 52 199 89
-12.7569 -1.7055 -1.1905 52 199 89
-12.6406 -2.0030 -2.1658 52 199 89
-12.6973 -0.7578 -0.1187 52 199 89
-12.6430 -2.0030 -2.1667 52 199 89
-12.7897 -1.1136 -0.1473 52 199 89
-12.6993 -0.9855 -0.2170 52 199 89
-12.6630 -2.0027 -2.1616 52 199 89
-12.6468 -2.0027 -2.1447 52 199 89
-12.6041 -2.0288 -2.0350 52 199 89
-12.6413 -1.9903 -2.1538 52 199 89
-12.6470 -2.0023 -2.1098 52 199 89
-12.3657 -0.9051 0.1923 52 199 89
-12.3971 -0.8805 0.1935 52 199 89
-12.7786 -0.9028 0.1859 52 199 89
-12.6243 -1.1961 -0.7530 52 199 89
-12.7391 -1.2526 -0.7106 52 199 89
-12.7680 -1.3337 -0.6055 52 199 89
-12.6433 -2.0020 -2.0853 52 199 89
-12.3825 -0.8663 0.2504 52 199 89
-12.2673 -0.7234 0.3272 52 199 89
-12.7536 -0.8616 0.6686 52 199 89
-12.8280 -1.2634 1.9732 52 199 89
-12.6673 -1.9938 -2.3706 52 199 89
-12.7212 -1.6768 -1.4776 52 199 89
-12.6593 -2.0025 -2.1488 52 199 89
-12.7422 -1.1683 -0.5486 52 199 89
-12.6664 -2.0037 -2.2559 52 199 89
-12.4543 -1.4542 -1.8181 52 199 89
-12.6695 -2.0019 -2.1054 52 199 89
-12.7230 -1.6834 -1.5204 52 199 89
-12.5652 -2.0937 -2.3230 52 199 89
-12.7788 -1.7417 -1.1201 52 199 89
-12.8315 -0.7751 0.7809 52 199 89
-12.8019 -1.0004 0.1202 52 199 89
-12.8221 -1.3266 2.0830 52 199 89
-12.2737 -0.7155 -0.2791 52 199 89
-12.8017 -1.3783 1.9259 52 199 89
-12.7052 -1.6653 -0.5507 52 199 89
-12.6229 -1.2055 -0.7447 52 199 89
-12.8464 -1.2099 1.9850 52 199 89
-12.7771 -1.3809 -0.4847 52 199 89
-12.6859 -0.9702 -0.1157 52 199 89
-12.6472 -2.0000 -2.1162 52 199 89
-12.3615 -0.9747 -0.6786 52 199 89
-12.5762 -1.1408 -0.6831 52 199 89
-12.6401 -2.0132 -2.0491 52 199 89
-12.7209 -1.6002 -0.8276 52 199 89
-12.3518 -0.8991 0.2314 52 199 89
-12.6602 -2.0126 -2.1858 52 199 89
-12.1896 -0.8596 -0.1788 52 199 89
-12.6662 -2.0015 -2.2622 52 199 89
-12.6695 -2.0007 -2.1934 52 199 89
-12.5488 -0.8536 0.6439 52 199 89
-12.6471 -2.0003 -2.1441 52 199 89
-12.6561 -2.0135 -2.1100 52 199 89
-12.7510 -1.7117 -1.2740 52 199 89
-12.4071 -0.8608 -0.1910 52 199 89
-12.4424 -0.8631 -0.2968 52 199 89
-12.7342 -1.6789 -1.6005 52 199 89
-12.7617 -1.4661 -0.4298 52 199 89
-12.6636 -2.0131 -2.0708 52 199 89
-12.6895 -1.0178 -0.2478 52 199 89
-12.6710 -0.7537 0.4475 52 199 89
-12.7114 -1.8393 -1.4866 52 199 89
-12.7120 -1.3802 -0.6147 52 199 89
-12.7405 -1.3081 -0.7570 52 199 89
-12.6952 -0.7535 0.6329 52 199 89
-12.7318 -1.3004 -0.7617 52 199 89
-12.3869 -0.9627 0.2622 52 199 89
-12.7996 -0.8582 0.3468 52 199 89
-12.8115 -0.8103 0.5924 52 199 89
-12.6386 -2.0165 -2.0990 52 199 89
-12.6586 -0.7735 0.5063 52 199 89
-12.6422 -2.0162 -2.0669 52 199 89
-12.7672 -0.9531 0.2128 52 199 89
-12.6698 -1.1417 -0.4726 52 199 89
-12.7071 -1.8534 -1.4536 52 199 89
-12.7893 -1.2432 0.0411 52 199 89
-12.6278 -1.2089 -1.0179 52 199 89
-12.7082 -0.8132 0.0512 52 199 89
-12.6715 -1.2055 -1.0229 52 199 89
-12.8259 -1.4995 1.6647 52 199 89
-12.7082 -1.0294 -0.3108 52 199 89
-12.4079 -0.9140 -0.2868 52 199 89
-12.7125 -1.6627 -1.4284 52 199 89
-12.1825 -0.8068 -0.2514 52 199 89
-12.6730 -1.2522 -0.6798 52 199 89
-12.2766 -0.7375 -0.2230 52 199 89
-12.1838 -0.8163 -0.1659 52 199 89
-12.6906 -0.9333 -0.1620 52 199 89
-12.7156 -1.6411 -1.3027 52 199 89
-12.6602 -2.0126 -2.1858 52 199 89
-12.6668 -2.0069 -2.1684 52 199 89
-12.7327 -1.1578 -0.5761 52 199 89
-12.7679 -1.1536 -0.1020 52 199 89
-12.6544 -2.0164 -2.1041 52 199 89
-12.7604 -1.3962 -1.0266 52 199 89
-12.7112 -1.7137 -1.3624 52 199 89
-12.1703 -0.7724 0.0866 52 199 89
-12.9297 -1.0071 3.0079 52 199 89
-12.7214 -1.2498 -0.6466 52 199 89
-12.6632 -1.0030 0.1668 52 199 89
-12.5080 -1.9315 -2.0391 52 199 89
-12.6893 -1.0941 -0.4123 52 199 89
-12.4449 -0.8676 -0.2869 52 199 89
-12.7181 -1.6520 -1.3666 52 199 89
-12.6548 -0.7531 0.3464 52 199 89
-12.8100 -1.1516 0.0143 52 199 89
-12.6448 -1.9992 -2.0975 52 199 89
-12.6006 -2.0376 -1.9595 52 199 89
-12.8850 -1.0813 2.1091 52 199 89
-12.6384 -1.9235 -1.9592 52 199 89
-12.8480 -1.2415 2.2005 52 199 89
-12.8065 -1.3566 1.8743 52 199 89
-12.7164 -1.6692 -1.7002 52 199 89
-12.7199 -1.6420 -1.4661 52 199 89
-12.6919 -1.0477 -0.7373 52 199 89
-12.1879 -0.8560 -0.2403 52 199 89
-12.7174 -1.6649 -1.1948 52 199 89
-12.7256 -1.6111 -0.9062 52 199 89
-12.6785 -1.3406 -0.8013 52 199 89
-12.6561 -0.9966 -0.6624 52 199 89
-12.8132 -0.8233 0.5511 52 199 89
-12.7436 -1.4624 -0.9165 52 199 89
-12.6482 -2.0095 -2.1114 52 199 89
-12.7499 -0.7902 -0.3639 52 199 89
-12.6236 -1.2228 -0.7793 52 199 89
-12.6998 -0.9965 -0.1801 52 199 89
-12.7251 -1.6141 -1.8497 52 199 89
-12.3984 -0.8820 0.1801 52 199 89
-12.4939 -1.8752 -2.0570 52 199 89
-12.8070 -0.9039 0.0176 52 199 89
-12.7353 -1.6422 -1.5607 52 199 89
-12.6538 -1.1972 -0.7969 52 199 89
-12.4047 -0.9633 -0.0764 52 199 89
-12.1749 -0.7964 0.0745 52 199 89
-12.7982 -1.2003 -0.5450 52 199 89
-12.7744 -1.4707 1.7339 52 199 89
-12.8579 -1.2099 2.2452 52 199 89
-12.2575 -0.7856 -0.0827 52 199 89
-12.7007 -0.8295 2.3140 52 199 89
-12.7414 -1.5423 -0.6997 52 199 89
-12.4206 -0.9320 0.9920 52 199 89
-12.6756 -1.1498 -0.1311 52 199 89
-12.6578 -1.1842 -0.7932 52 199 89
-12.6961 -0.8208 0.5418 52 199 89
-12.8030 -0.8032 0.4248 52 199 89
-12.8080 -0.8714 0.5364 52 199 89
-12.7872 -0.9714 0.7435 52 199 89
-12.7232 -0.7661 0.3000 52 199 89
-12.3660 -0.8335 0.2250 52 199 89
-12.7774 -1.2439 0.0796 52 199 89
-12.7126 -0.7926 1.3282 52 199 89
-12.7556 -1.1983 -0.0720 52 199 89
-12.7734 -1.1868 -0.1236 52 199 89
-11.5446 -1.1225 0.7035 52 199 89
-11.4729 -1.1244 0.9340 52 199 89
-11.9441 -1.3980 -0.2655 52 199 89
-11.3539 -1.1261 1.2451 52 199 89
-11.3544 -1.1299 1.1903 52 199 89
-11.5931 -1.4224 -0.2009 52 199 89
-11.5937 -1.4331 -0.1749 52 199 89
-11.5061 -1.0412 1.1684 52 199 89
-11.4405 -1.1232 1.0765 52 199 89
-11.5790 -1.2820 -0.0962 52 199 89
-11.5320 -1.0684 0.5383 52 199 89
-11.6367 -1.0051 2.5304 52 199 89
-11.5712 -1.2570 0.3358 52 199 89
-11.4302 -1.0082 3.8746 52 199 89
-11.6864 -1.1673 0.3185 52 199 89
-11.5660 -1.2000 0.3039 52 199 89
-11.5976 -1.2623 0.2941 52 199 89
-11.8996 -1.3171 2.8656 52 199 89
-11.7836 -1.1606 3.2565 52 199 89
-11.6030 -1.0062 1.4893 52 199 89
-11.8896 -1.2968 0.0337 52 199 89
-11.5828 -1.2329 0.2705 52 199 89
-11.4922 -0.9719 3.8271 52 199 89
-11.8849 -1.2908 2.8734 52 199 89
-11.7403 -1.0961 2.0590 52 199 89
-11.6220 -1.0541 3.5011 52 199 89
-11.7350 -1.1679 1.9007 52 199 89
-11.5536 -1.0685 0.7419 52 199 89
-11.6395 -1.0114 1.9796 52 199 89
-11.4915 -0.9214 2.1393 52 199 89
-11.9816 -1.3843 2.5440 52 199 89
-12.1178 -1.7823 -1.2096 52 199 89
-11.7920 -1.1857 3.2313 52 199 89
-11.6302 -0.9945 1.7784 52 199 89
-11.5313 -1.0104 1.7652 52 199 89
-11.5691 -1.0305 1.7055 52 199 89
-11.5844 -1.0612 3.3890 52 199 89
-11.5774 -1.0652 0.5881 52 199 89
-11.9083 -1.5138 -0.9626 52 199 89
-11.5061 -1.0129 1.6967 52 199 89
-11.8126 -1.1804 2.9882 52 199 89
-11.5269 -1.0626 0.7285 52 199 89
-11.6175 -1.0372 1.5085 52 199 89
-11.5807 -0.9860 1.5498 52 199 89
-11.9646 -1.3769 2.4390 52 199 89
-11.5874 -0.9729 1.4865 52 199 89
-11.7998 -1.2244 0.6467 52 199 89
-11.5468 -1.0370 1.4593 52 199 89
-11.5841 -0.9815 1.4721 52 199 89
-11.6014 -0.9955 0.7805 52 199 89
-11.5380 -1.0628 1.3860 52 199 89
-11.2964 -0.9996 1.4412 52 199 89
-11.4746 -1.4284 -0.3397 52 199 89
-12.0210 -1.5094 -0.6221 52 199 89
-11.6584 -1.0766 2.5597 52 199 89
-11.6916 -1.0906 0.9744 52 199 89
-11.6069 -0.9871 3.6804 52 199 89
-11.6306 -1.0114 0.9067 52 199 89
-11.8685 -1.2880 0.2986 52 199 89
-11.9200 -1.3490 2.8030 52 199 89
-11.7121 -1.1070 1.9702 52 199 89
-11.5698 -1.0059 1.4433 52 199 89
-11.4974 -0.9819 3.7048 52 199 89
-12.0155 -1.4461 2.4117 52 199 89
-11.6802 -1.0202 3.4551 52 199 89
-11.6370 -1.0601 3.5182 52 199 89
-11.5995 -1.0178 1.0467 52 199 89
-11.5011 -1.0032 3.9557 52 199 89
-11.5019 -1.0157 3.9376 52 199 89
-11.6543 -1.0637 2.7091 52 199 89
-11.9559 -1.3846 2.4502 52 199 89
-12.0355 -1.5538 -0.6392 52 199 89
-11.6190 -1.2355 0.2114 52 199 89
-11.7002 -1.0909 0.7608 52 199 89
-11.6379 -1.0354 2.7829 52 199 89
-11.6669 -1.0841 2.3429 52 199 89
-11.5955 -1.0035 0.7931 52 199 89
-11.5399 -1.0165 3.9985 52 199 89
-11.5046 -1.0179 3.6270 52 199 89
-11.7373 -1.1327 0.6115 52 199 89
-11.5885 -1.0025 1.4135 52 199 89
-11.3463 -1.0635 1.3452 52 199 89
-11.8636 -1.2984 0.4947 52 199 89
-11.5319 -1.0567 1.3915 52 199 89
-11.5809 -1.3964 -0.3884 52 199 89
-11.4842 -1.4422 -0.3334 52 199 89
-11.5319 -0.9832 0.5854 52 199 89
-11.5508 -1.1051 0.5279 52 199 89
-11.3147 -1.0565 1.3494 52 199 89
-11.7340 -1.1877 0.4686 52 199 89
-12.0440 -1.4887 2.4126 52 199 89
-11.7303 -1.1615 1.9497 52 199 89
-11.5466 -1.1247 0.4759 52 199 89
-11.6393 -0.9996 2.0467 52 199 89
-11.6457 -1.1316 0.4008 52 199 89
-11.6985 -1.0922 1.8091 52 199 89
-11.6864 -1.1673 0.3185 52 199 89
-11.8844 -1.2784 0.0423 52 199 89
-11.5397 -1.0245 1.7611 52 199 89
-11.5710 -1.0343 1.7045 52 199 89
-11.4981 -0.9973 1.7176 52 199 89
-11.5767 -1.4303 0.1339 52 199 89
-11.5855 -0.9916 1.5380 52 199 89
-11.6934 -1.0851 1.8570 52 199 89
-11.5589 -1.0494 1.4209 52 199 89
-11.3913 -1.0395 3.5987 52 199 89
-11.6308 -1.0237 2.4732 52 199 89
-11.4382 -1.0631 1.2563 52 199 89
-11.3404 -1.1091 1.1973 52 199 89
-11.5338 -1.0932 1.1303 52 199 89
-11.5025 -1.0011 3.7189 52 199 89
-11.2804 -0.9738 3.4569 52 199 89
-11.4399 -1.1192 1.0884 52 199 89
-11.8816 -1.2839 2.6597 52 199 89
-11.5445 -1.1090 0.9689 52 199 89
-11.7106 -1.1155 0.9134 52 199 89
-11.5140 -1.0853 0.9023 52 199 89
-11.6516 -1.0602 2.4554 52 199 89
-12.0334 -1.5501 -0.5737 52 199 89
-11.5328 -1.3200 0.7566 52 199 89
-11.6835 -1.0287 3.4322 52 199 89
-11.6351 -1.0695 0.7436 52 199 89
-11.9734 -1.3908 2.4334 52 199 89
-11.4319 -1.0201 3.9219 52 199 89
-11.6042 -1.0037 0.6865 52 199 89
-11.3290 -1.2780 1.5702 52 199 89
-11.2577 -1.1943 1.6878 52 199 89
-11.5866 -1.0440 1.4109 52 199 89
-11.5546 -1.0366 0.9858 52 199 89
-12.0158 -1.4462 2.4041 52 199 89
-11.4985 -0.9845 3.8033 52 199 89
-11.7866 -1.2293 1.1928 52 199 89
-11.6246 -1.0605 0.6573 52 199 89
-11.8084 -1.1701 1.4518 52 199 89
-11.5833 -1.1301 0.7092 52 199 89
-11.7135 -1.1133 1.0574 52 199 89
-11.5993 -1.0522 3.6152 52 199 89
-11.6525 -1.0389 2.5297 52 199 89
-11.5063 -1.0381 1.2318 52 199 89
-11.6788 -1.0611 0.9936 52 199 89
-12.0343 -1.5485 -0.6438 52 199 89
-11.8237 -1.2105 1.3253 52 199 89
-11.4609 -1.0011 3.9768 52 199 89
-11.5363 -1.0776 1.3284 52 199 89
-11.5141 -1.0270 3.8922 52 199 89
-11.8685 -1.2889 0.2855 52 199 89
-11.6449 -1.0172 2.4617 52 199 89
-11.7362 -1.2222 -0.0437 52 199 89
-11.9376 -1.3766 -0.1082 52 199 89
-11.5021 -0.9396 2.0550 52 199 89
-11.5948 -1.5088 -0.8069 52 199 89
-11.8677 -1.5243 -0.7342 52 199 89
-11.7006 -1.2114 0.2870 52 199 89
-11.5444 -1.0226 1.7670 52 199 89
-11.6317 -0.9960 1.7852 52 199 89
-11.6773 -1.0817 1.6595 52 199 89
-11.6342 -1.0015 1.6884 52 199 89
-11.6492 -1.1372 0.3961 52 199 89
-11.5830 -0.9870 0.6616 52 199 89
-11.5761 -0.9618 0.6334 52 199 89
-11.4847 -1.1458 0.9273 52 199 89
-11.5142 -1.0268 1.6695 52 199 89
-11.7180 -1.1311 2.0025 52 199 89
-11.5127 -0.9925 1.6671 52 199 89
-11.5919 -1.0386 0.5957 52 199 89
-11.5958 -1.0033 1.4697 52 199 89
-11.5627 -1.2019 -0.1101 52 199 89
-11.6902 -1.1733 0.1604 52 199 89
-11.5385 -1.2242 0.4276 52 199 89
-11.5629 -1.2363 0.4052 52 199 89
-11.5700 -1.2659 0.3681 52 199 89
-11.4746 -1.4227 -0.3130 52 199 89
-11.5824 -0.9861 1.5367 52 199 89
-11.5477 -0.9866 1.7584 52 199 89
-11.5305 -1.0057 1.7746 52 199 89
-11.6109 -1.0241 1.5271 52 199 89
-11.5907 -1.0834 1.3963 52 199 89
-11.6424 -1.0865 1.3396 52 199 89
-11.5889 -1.0052 1.4095 52 199 89
-11.7429 -1.1354 0.5745 52 199 89
-11.8716 -1.3055 0.4314 52 199 89
-11.8446 -1.3808 -0.2986 52 199 89
-11.5483 -1.1155 0.9726 52 199 89
-11.8420 -1.3790 -0.2607 52 199 89
-11.7829 -1.2871 -0.1469 52 199 89
-11.5747 -1.2362 -0.0843 52 199 89
-11.5186 -1.0945 0.8974 52 199 89
-11.9186 -1.5180 -0.9522 52 199 89
-11.5900 -0.9909 0.7990 52 199 89
-11.5113 -1.0057 3.6548 52 199 89
-11.5308 -1.0684 0.7189 52 199 89
-11.2803 -1.0010 1.4030 52 199 89
-12.0364 -1.5437 -0.7368 52 199 89
-11.4624 -1.0656 3.7382 52 199 89
-11.5876 -1.4981 -0.7408 52 199 89
-11.7378 -1.2383 0.3494 52 199 89
-11.4005 -1.1691 3.0616 52 199 89
-11.6498 -1.0366 3.0973 52 199 89
-11.8787 -1.2702 2.6825 52 199 89
-11.8620 -1.5114 -0.6280 52 199 89
-11.5081 -1.0099 3.6959 52 199 89
-11.5392 -1.2171 -0.0672 52 199 89
-11.5559 -1.1431 0.4834 52 199 89
-11.8234 -1.2370 0.4798 52 199 89
-11.5042 -1.0584 0.5473 52 199 89
-11.5516 -1.0212 0.5729 52 199 89
-11.4723 -0.9579 3.8294 52 199 89
-11.8124 -1.1805 2.9905 52 199 89
-11.7751 -1.2235 0.3852 52 199 89
-11.6388 -1.0347 2.7501 52 199 89
-11.5242 -1.0453 3.8449 52 199 89
-11.8585 -1.3775 -0.4254 52 199 89
-11.5376 -1.0712 1.1576 52 199 89
-11.5941 -1.0485 3.6377 52 199 89
-12.0403 -1.4697 2.4493 52 199 89
-11.6330 -1.0447 0.7131 52 199 89
-11.6574 -1.1441 0.1590 52 199 89
-11.6046 -1.0652 0.9856 52 199 89
-11.5725 -1.0728 0.9723 52 199 89
-11.6504 -0.9979 1.5749 52 199 89
-11.8903 -1.2916 2.9097 52 199 89
-11.8088 -1.1711 1.4543 52 199 89
-11.5090 -0.9855 1.8113 52 199 89
-11.5102 -1.0243 1.5845 52 199 89
-11.5411 -1.0371 0.6175 52 199 89
-11.6052 -1.0117 3.6650 52 199 89
-11.7189 -1.0944 1.6055 52 199 89
-11.6049 -1.0599 0.2449 52 199 89
-11.3236 -1.0347 1.2993 52 199 89
-11.6334 -1.1430 0.2533 52 199 89
-11.5499 -1.0252 1.4516 52 199 89
-11.5923 -1.4277 -0.1598 52 199 89
-11.5861 -0.9950 1.5239 52 199 89
-11.5907 -0.9842 1.5677 52 199 89
-11.7498 -1.1306 2.0175 52 199 89
-11.7209 -1.1347 1.9837 52 199 89
-11.6487 -1.0159 1.6024 52 199 89
-11.8137 -1.1840 1.3922 52 199 89
-11.5339 -1.0617 1.6344 52 199 89
-11.6162 -1.3002 -0.0917 52 199 89
-11.7688 -1.2280 -0.0399 52 199 89
-11.5025 -0.9772 1.7116 52 199 89
-11.6369 -0.9964 2.0048 52 199 89
-11.5810 -1.0743 1.6840 52 199 89
-11.6670 -1.0571 1.7066 52 199 89
-11.5572 -1.2419 0.3547 52 199 89
-11.6684 -1.0194 1.9432 52 199 89
-11.6689 -1.1686 0.4551 52 199 89
-11.9274 -1.3462 -0.2281 52 199 89
-11.5727 -0.9997 0.6192 52 199 89
-11.4484 -1.0656 1.0651 52 199 89
-11.5411 -1.1277 0.7072 52 199 89
-11.8815 -1.2668 0.0560 52 199 89
-11.4521 -1.0884 0.9694 52 199 89
-11.5731 -1.2341 -0.0758 52 199 89
-11.3542 -1.1390 1.1035 52 199 89
-11.4090 -1.0613 1.1272 52 199 89
-11.4430 -1.0733 1.2266 52 199 89
-11.7410 -1.2421 0.3743 52 199 89
-11.3822 -1.1251 1.1989 52 199 89
-11.5586 -1.1370 1.1089 52 199 89
-11.6556 -1.0717 2.6884 52 199 89
-11.6548 -1.0091 1.5668 52 199 89
-11.5470 -1.0383 1.4966 52 199 89
-11.4618 -1.0714 3.8068 52 199 89
-11.9092 -1.5206 -0.6162 52 199 89
-11.5334 -1.0851 0.9930 52 199 89
-11.9863 -1.4019 2.5600 52 199 89
-11.6970 -1.0856 0.9420 52 199 89
-11.5889 -1.0073 1.4034 52 199 89
-11.5378 -1.0014 1.0117 52 199 89
-11.9593 -1.5267 -0.5536 52 199 89
-11.8121 -1.1798 1.4476 52 199 89
-11.7389 -1.2316 -0.0347 52 199 89
-11.6037 -1.1015 3.3066 52 199 89
-11.6094 -1.1249 1.3627 52 199 89
-11.9733 -1.3455 2.6651 52 199 89
-11.7310 -1.1774 0.4811 52 199 89
-11.6326 -1.0279 2.6717 52 199 89
-11.5533 -1.0631 0.6132 52 199 89
-11.6763 -1.0648 0.9546 52 199 89
-11.7700 -1.2185 -0.0166 52 199 89
-11.5363 -1.0722 1.4036 52 199 89
-11.8962 -1.2886 2.6757 52 199 89
-11.4855 -1.1918 3.6865 52 199 89
-11.7934 -1.2437 1.1802 52 199 89
-11.7573 -1.1882 1.5053 52 199 89
-11.8970 -1.5216 -0.7596 52 199 89
-11.8792 -1.2566 0.0676 52 199 89
-11.8590 -1.5014 -0.9710 52 199 89
-11.6346 -0.9812 1.8282 52 199 89
-11.6565 -1.0143 1.9226 52 199 89
-11.5852 -1.2734 0.3945 52 199 89
-11.6286 -0.9845 1.7307 52 199 89
-11.6268 -1.0991 0.4129 52 199 89
-11.5862 -1.2386 0.3457 52 199 89
-11.5697 -0.9963 0.6476 52 199 89
-11.4808 -1.0137 0.9297 52 199 89
-11.7557 -1.2198 -0.0739 52 199 89
-11.4797 -1.1355 0.9631 52 199 89
-11.3447 -1.1281 1.0660 52 199 89
-11.4159 -1.0274 1.2496 52 199 89
-11.7422 -1.1092 2.0379 52 199 89
-11.6490 -1.1232 0.5030 52 199 89
-11.5403 -1.1158 0.5123 52 199 89
-11.9609 -1.4461 -0.1958 52 199 89
-11.6783 -1.1995 0.3223 52 199 89
-11.9092 -1.5188 -0.6231 52 199 89
-11.5534 -1.1264 1.1190 52 199 89
-11.5452 -1.4092 0.0928 52 199 89
-11.7996 -1.2278 0.0652 52 199 89
-11.5794 -1.4652 -0.5712 52 199 89
-11.7852 -1.2374 1.0132 52 199 89
-11.7355 -1.2031 -0.0787 52 199 89
-11.3206 -1.0159 1.1995 52 199 89
-11.3666 -1.0992 1.2242 52 199 89
-11.5333 -1.0012 1.7892 52 199 89
-11.8430 -1.2689 0.5960 52 199 89
-11.5930 -1.4218 -0.3542 52 199 89
-11.8546 -1.4044 -0.2309 52 199 89
-11.3853 -1.0243 3.6292 52 199 89
-11.9023 -1.4953 -0.9754 52 199 89
-11.5981 -1.0237 1.2451 52 199 89
-11.9243 -1.3387 -0.1700 52 199 89
-11.8823 -1.4902 -1.0396 52 199 89
-11.6694 -1.1444 0.4646 52 199 89
-11.8091 -1.1719 1.4551 52 199 89
-11.8143 -1.2095 0.5133 52 199 89
-11.6379 -1.0300 2.7844 52 199 89
-11.6446 -1.0043 1.5885 52 199 89
-11.5936 -1.0144 1.4163 52 199 89
-11.5914 -1.0019 1.5255 52 199 89
-11.5676 -1.0079 1.4590 52 199 89
-11.5496 -1.0181 1.4544 52 199 89
-11.5469 -1.0649 1.4184 52 199 89
-11.4450 -1.0494 2.5300 52 199 89
-11.4421 -1.0235 2.6063 52 199 89
-11.7735 -1.2323 -0.0224 52 199 89
-11.8402 -1.3626 -0.3364 52 199 89
-11.4037 -1.4621 -0.2714 52 199 89
-11.7109 -1.1687 -0.0361 52 199 89
-11.4897 -1.0521 0.5533 52 199 89
-11.5315 -0.9824 1.0282 52 199 89
-11.9026 -1.5210 -0.6961 52 199 89
-11.7521 -1.1253 3.1791 52 199 89
-11.8607 -1.2611 0.2958 52 199 89
-11.7499 -1.1607 0.3990 52 199 89
-11.4875 -0.9193 3.8753 52 199 89
-11.7206 -1.1224 0.5704 52 199 89
-11.7303 -1.1294 0.6010 52 199 89
-11.6034 -1.2752 -0.0999 52 199 89
-11.6020 -0.9926 1.4154 52 199 89
-11.4817 -0.9781 3.7675 52 199 89
-11.4761 -0.9306 1.8417 52 199 89
-11.5523 -1.0048 0.5934 52 199 89
-11.6118 -1.0341 1.4977 52 199 89
-11.5572 -1.2585 0.3942 52 199 89
-11.6855 -1.2161 0.3253 52 199 89
-11.6490 -1.1222 0.2356 52 199 89
-11.6016 -1.0685 0.6353 52 199 89
-11.8609 -1.2702 0.4947 52 199 89
-11.6735 -1.1736 0.6368 52 199 89
-11.4559 -1.0940 1.0102 52 199 89
-11.4880 -1.0259 0.9101 52 199 89
-11.6065 -1.4130 -0.3586 52 199 89
-11.7599 -1.1622 1.9887 52 199 89
-11.7205 -1.1251 2.0082 52 199 89
-11.6720 -1.0413 1.6664 52 199 89
-11.6172 -0.9368 1.8864 52 199 89
-11.6329 -1.0875 0.5272 52 199 89
-11.8435 -1.2517 0.5703 52 199 89
-11.6069 -1.1233 1.6077 52 199 89
-11.4991 -1.0372 0.5448 52 199 89
-11.8134 -1.1914 1.4003 52 199 89
-11.8869 -1.5015 -1.0281 52 199 89
-11.3951 -1.0403 3.6232 52 199 89
-11.9828 -1.4003 2.3153 52 199 89
-11.4460 -1.4056 0.0145 52 199 89
-11.7780 -1.2159 0.0340 52 199 89
-11.6737 -1.1213 2.9106 52 199 89
-11.6493 -1.0584 2.7455 52 199 89
-11.5709 -1.0150 1.4665 52 199 89
-11.7166 -1.0872 0.5688 52 199 89
-11.8873 -1.2856 2.6723 52 199 89
-11.5803 -0.9374 1.4846 52 199 89
-11.6419 -1.0128 3.1488 52 199 89
-11.6386 -1.0154 1.5276 52 199 89
-11.9041 -1.3297 0.0853 52 199 89
-11.6564 -1.1076 0.4196 52 199 89
-11.4197 -1.0793 3.5223 52 199 89
-11.5641 -1.4497 -0.6018 52 199 89
-11.7315 -1.0970 2.0490 52 199 89
-11.7390 -1.1609 1.9715 52 199 89
-11.6834 -1.0541 1.9682 52 199 89
-11.2523 -1.1560 1.6927 52 199 89
-11.9401 -1.5541 -0.8678 52 199 89
-11.4067 -1.0387 1.1711 52 199 89
-11.3760 -1.1204 1.0329 52 199 89
-11.8470 -1.2629 0.5662 52 199 89
-11.8645 -1.2753 0.4940 52 199 89
-11.4085 -1.3567 0.0040 52 199 89
-11.5259 -1.4010 0.0838 52 199 89
-11.7704 -1.2958 0.3799 52 199 89
-11.6149 -0.9334 1.5876 52 199 89
-11.8776 -1.3003 0.2439 52 199 89
-11.5490 -0.9950 1.7438 52 199 89
-11.6134 -1.0377 1.5024 52 199 89
-11.5787 -1.0436 3.4907 52 199 89
-11.4406 -0.9853 3.8218 52 199 89
-11.4543 -1.1329 3.8721 52 199 89
-11.6374 -1.0637 0.0420 52 199 89
-11.6129 -1.5274 -0.5411 52 199 89
-11.6858 -1.1034 1.8428 52 199 89
-11.4970 -0.9797 1.6769 52 199 89
-11.4514 -1.2227 1.0015 52 199 89
-11.8619 -1.2664 0.5046 52 199 89
-11.4749 -0.8387 0.6916 52 199 89
-11.6109 -1.0739 0.5016 52 199 89
-11.4462 -1.0382 2.5388 52 199 89
-11.5808 -0.9703 1.5493 52 199 89
-11.7338 -1.1327 0.5682 52 199 89
-11.7658 -1.1557 1.2130 52 199 89
-11.8064 -1.1747 1.4378 52 199 89
-11.2295 -1.1241 1.7282 52 199 89
-11.5302 -1.3622 -0.3698 52 199 89
-11.5576 -0.9919 3.6215 52 199 89
-11.6079 -0.9862 0.9866 52 199 89
-12.6944 -1.0507 1.3112 52 199 89
-12.7525 -1.4136 -0.3707 52 199 89
-12.6949 -1.0540 3.3720 52 199 89
-12.5880 -1.2001 0.2261 52 199 89
-12.5978 -1.1382 0.1385 52 199 89
-12.7012 -1.0109 0.3193 52 199 89
-12.6757 -1.0380 3.0315 52 199 89
-12.6966 -1.0383 0.3361 52 199 89
-12.7751 -1.3367 0.1976 52 199 89
-12.5945 -1.1685 0.2157 52 199 89
-12.7834 -1.1727 0.3405 52 199 89
-12.6223 -1.0509 2.9691 52 199 89
-12.7455 -1.0544 0.4073 52 199 89
-12.7829 -1.1648 0.3602 52 199 89
-12.6409 -1.0618 0.4538 52 199 89
-12.7339 -1.0559 0.4747 52 199 89
-12.7381 -1.0539 0.4890 52 199 89
-12.7453 -1.0303 0.5387 52 199 89
-12.7256 -1.1796 -0.0588 52 199 89
-12.7537 -1.2345 -0.3224 52 199 89
-12.6408 -1.0475 0.6494 52 199 89
-12.4175 -1.2288 -0.0762 52 199 89
-12.6541 -1.0590 0.7070 52 199 89
-12.4945 -0.9936 0.8724 52 199 89
-12.7470 -0.9932 0.9454 52 199 89
-12.5816 -1.1701 0.2216 52 199 89
-12.6679 -1.4983 -1.1388 52 199 89
-12.2646 -1.2367 0.8660 52 199 89
-12.2471 -1.2091 0.9062 52 199 89
-12.7407 -1.0319 1.1045 52 199 89
-12.7313 -1.4322 -0.6155 52 199 89
-12.7873 -1.0286 1.2765 52 199 89
-12.6098 -1.1748 -0.2644 52 199 89
-12.7542 -1.1052 1.9638 52 199 89
-12.7895 -1.0376 1.3511 52 199 89
-12.7694 -1.0790 1.3138 52 199 89
-12.7996 -1.3872 -0.2109 52 199 89
-12.7766 -1.0673 1.5885 52 199 89
-12.8021 -1.3454 -0.2116 52 199 89
-12.7972 -1.1136 1.6551 52 199 89
-12.7414 -1.1076 2.8702 52 199 89
-12.7819 -1.0841 1.1488 52 199 89
-12.8074 -1.2731 0.9718 52 199 89
-12.7171 -1.2031 -0.0185 52 199 89
-12.7267 -1.2236 0.0492 52 199 89
-12.5342 -0.9589 1.0634 52 199 89
-12.6924 -1.0459 3.3850 52 199 89
-12.8077 -1.4014 2.1495 52 199 89
-12.6066 -0.9926 0.8579 52 199 89
-12.6710 -1.0626 3.1450 52 199 89
-12.7529 -1.2102 0.2406 52 199 89
-12.6392 -1.7346 1.6547 52 199 89
-12.7117 -1.1010 2.9801 52 199 89
-12.7172 -1.0536 2.8733 52 199 89
-12.7746 -1.0914 0.5245 52 199 89
-12.7534 -1.4167 -0.3551 52 199 89
-12.7669 -1.2885 0.8050 52 199 89
-12.7501 -1.0094 1.1121 52 199 89
-12.5199 -1.2706 -0.2767 52 199 89
-12.7239 -1.2751 -0.2864 52 199 89
-12.2703 -1.2115 0.8875 52 199 89
-12.2582 -1.1547 0.9232 52 199 89
-12.6004 -1.1922 -0.2676 52 199 89
-12.4281 -1.1993 -0.4303 52 199 89
-12.5997 -0.9892 0.9487 52 199 89
-12.7305 -1.4236 -0.3695 52 199 89
-12.6011 -0.9801 0.7208 52 199 89
-12.6429 -1.0359 0.6526 52 199 89
-12.2544 -1.2119 -0.9061 52 199 89
-12.4957 -1.2364 -0.0749 52 199 89
-12.7207 -1.1681 0.0662 52 199 89
-12.7369 -1.0353 0.4145 52 199 89
-12.8007 -1.4034 0.1654 52 199 89
-12.7827 -1.2651 0.3366 52 199 89
-12.7756 -1.1786 0.3506 52 199 89
-12.7746 -1.2038 0.3395 52 199 89
-12.7884 -1.3546 0.2211 52 199 89
-12.8208 -1.3646 0.2212 52 199 89
-12.4736 -1.2894 -0.0109 52 199 89
-12.6716 -1.4988 -1.1669 52 199 89
-12.7571 -1.0824 2.0262 52 199 89
-12.7692 -1.1791 1.5849 52 199 89
-12.6901 -0.9899 1.4358 52 199 89
-12.4097 -0.9355 1.4443 52 199 89
-12.6738 -1.0471 3.1668 52 199 89
-12.6536 -1.0113 3.2240 52 199 89
-12.6465 -0.9421 3.2052 52 199 89
-12.7321 -1.0200 0.7244 52 199 89
-12.8051 -1.3837 2.3845 52 199 89
-12.6197 -1.0642 2.9472 52 199 89
-12.7370 -1.0571 0.7263 52 199 89
-12.7990 -1.4245 2.1011 52 199 89
-12.5190 -1.2813 -0.0930 52 199 89
-12.7553 -1.2481 -0.0450 52 199 89
-12.5409 -0.9871 0.7763 52 199 89
-12.7647 -1.0612 0.6010 52 199 89
-12.7375 -1.2314 -0.2960 52 199 89
-12.7952 -1.1970 1.5886 52 199 89
-12.4273 -1.2080 -0.4262 52 199 89
-12.7771 -1.0589 1.5693 52 199 89
-12.6983 -1.0127 1.5607 52 199 89
-12.2715 -1.2548 0.8679 52 199 89
-12.7819 -1.0557 1.2510 52 199 89
-12.7056 -1.5268 -0.8562 52 199 89
-12.7324 -1.3909 -0.5114 52 199 89
-12.7877 -1.2969 0.2011 52 199 89
-12.7310 -1.1659 -0.0608 52 199 89
-12.7039 -1.0062 0.3432 52 199 89
-12.7065 -1.0843 0.0279 52 199 89
-12.7854 -1.1738 0.3026 52 199 89
-12.7666 -1.2239 0.3604 52 199 89
-12.5756 -0.9872 0.8458 52 199 89
-12.6975 -1.0349 1.0979 52 199 89
-12.6075 -0.9792 0.8620 52 199 89
-12.7097 -1.0058 3.5052 52 199 89
-12.7461 -1.0285 1.0155 52 199 89
-12.6974 -1.5380 -1.1055 52 199 89
-12.7267 -1.2448 -0.2907 52 199 89
-12.6990 -1.5285 -0.8780 52 199 89
-12.7711 -1.1240 1.1428 52 199 89
-12.7184 -1.0507 1.0751 52 199 89
-12.2696 -1.1973 0.8946 52 199 89
-12.3782 -1.0637 3.2014 52 199 89
-12.7945 -1.3556 0.1736 52 199 89
-12.6862 -1.5344 -1.1580 52 199 89
-12.6233 -0.9953 3.2697 52 199 89
-12.7525 -1.0588 0.4179 52 199 89
-12.7333 -1.1342 2.8268 52 199 89
-12.7561 -1.0688 0.4368 52 199 89
-12.3782 -1.0641 3.2362 52 199 89
-12.7605 -1.0822 2.3154 52 199 89
-12.7525 -1.0748 2.9492 52 199 89
-12.6190 -0.9982 1.7341 52 199 89
-12.6727 -1.0468 0.3187 52 199 89
-12.7169 -1.0556 2.8700 52 199 89
-12.4977 -1.2514 -0.4837 52 199 89
-12.8014 -1.3083 2.3829 52 199 89
-12.7724 -1.0380 0.6103 52 199 89
-12.4335 -1.0656 3.2381 52 199 89
-12.7860 -1.0469 1.3670 52 199 89
-12.6586 -0.9874 0.6461 52 199 89
-12.7006 -1.0590 1.3273 52 199 89
-12.5180 -1.2887 -0.3501 52 199 89
-12.6058 -0.9949 0.8582 52 199 89
-12.7477 -0.9929 0.9484 52 199 89
-12.8036 -1.3771 -0.1958 52 199 89
-12.4902 -1.2758 -0.0629 52 199 89
-12.7243 -1.1560 -0.0273 52 199 89
-12.4738 -1.3145 -0.0036 52 199 89
-12.7210 -1.2121 0.0571 52 199 89
-12.5991 -1.1446 0.1402 52 199 89
-12.5787 -1.1616 0.1525 52 199 89
-12.7284 -1.1019 0.2413 52 199 89
-12.7250 -1.1167 0.3789 52 199 89
-12.7810 -1.2712 0.3373 52 199 89
-12.6914 -1.0549 1.4267 52 199 89
-12.4157 -1.0850 1.3422 52 199 89
-12.6756 -1.0633 0.4752 52 199 89
-12.7745 -1.1791 1.1041 52 199 89
-12.4187 -1.2124 -0.0920 52 199 89
-12.6957 -1.5368 -0.8600 52 199 89
-12.7570 -1.3142 0.7972 52 199 89
-12.7077 -1.0134 3.4859 52 199 89
-12.5064 -1.3089 -0.0212 52 199 89
-12.8078 -1.3386 -0.0255 52 199 89
-12.7342 -1.1943 0.0293 52 199 89
-12.7694 -1.0981 2.5256 52 199 89
-12.5230 -1.0013 0.9618 52 199 89
-12.3997 -1.1171 1.2995 52 199 89
-12.7798 -1.3137 0.3104 52 199 89
-12.6887 -1.5321 -0.9300 52 199 89
-12.6877 -1.5303 -1.1692 52 199 89
-12.7973 -1.0065 1.1895 52 199 89
-12.7597 -1.2367 -0.0466 52 199 89
-12.7884 -1.2281 1.1480 52 199 89
-12.7711 -1.1749 1.2322 52 199 89
-12.4989 -1.2442 -0.4821 52 199 89
-12.3782 -1.0438 3.2886 52 199 89
-12.4762 -1.2763 -0.2838 52 199 89
-12.6967 -1.0530 3.3860 52 199 89
-12.7020 -1.5255 -1.1254 52 199 89
-12.7006 -1.5236 -0.8766 52 199 89
-12.5209 -1.2829 -0.4748 52 199 89
-12.4712 -1.3599 -0.8250 52 199 89
-12.4716 -1.3570 -0.7823 52 199 89
-12.4164 -1.2341 -0.0571 52 199 89
-12.4099 -1.3215 -0.0311 52 199 89
-12.5170 -1.1033 2.5096 52 199 89
-12.7339 -1.1983 0.0003 52 199 89
-12.7294 -1.0635 0.0274 52 199 89
-12.7256 -1.1690 0.0794 52 199 89
-12.7328 -1.1077 0.1911 52 199 89
-12.7192 -1.0429 1.0931 52 199 89
-12.5047 -1.0269 0.9952 52 199 89
-12.7666 -1.2890 0.8154 52 199 89
-12.6023 -0.9764 0.9515 52 199 89
-12.6677 -1.0420 0.3413 52 199 89
-12.5768 -1.0115 0.8619 52 199 89
-12.7667 -1.2220 0.7570 52 199 89
-12.7734 -1.1891 0.3243 52 199 89
-12.6423 -1.0354 0.4073 52 199 89
-12.6516 -1.0176 0.5071 52 199 89
-12.8045 -1.3373 -0.1916 52 199 89
-12.6729 -1.0729 0.4683 52 199 89
-12.7782 -1.1832 1.3222 52 199 89
-12.7676 -1.1032 2.5120 52 199 89
-12.7664 -1.1482 0.8194 52 199 89
-12.6225 -0.9982 3.2685 52 199 89
-12.7634 -1.1485 0.7069 52 199 89
-12.6409 -1.4316 -0.6531 52 199 89
-12.5294 -1.2312 0.5265 52 199 89
-12.7881 -1.2847 0.3378 52 199 89
-12.5098 -1.3254 -0.2037 52 199 89
-12.5979 -0.9876 0.8079 52 199 89
-12.7014 -1.5513 -1.0586 52 199 89
-12.3552 -1.2521 -0.3230 52 199 89
-12.4728 -1.3492 -0.8825 52 199 89
-12.4821 -1.3273 -0.7207 52 199 89
-12.7756 -1.2745 -0.1649 52 199 89
-12.7312 -1.1653 -0.0345 52 199 89
-12.7274 -1.2181 0.0102 52 199 89
-12.8039 -1.1653 1.6311 52 199 89
-12.7838 -1.1080 1.5156 52 199 89
-12.7753 -1.0766 1.5444 52 199 89
-12.7009 -1.0052 1.5993 52 199 89
-12.7172 -1.1960 0.0668 52 199 89
-12.7352 -1.2355 0.1321 52 199 89
-12.7817 -1.0276 1.3251 52 199 89
-12.7469 -1.0674 0.1837 52 199 89
-12.7277 -1.1033 1.1312 52 199 89
-12.7514 -0.9888 0.9515 52 199 89
-12.6489 -0.9990 0.4221 52 199 89
-12.5864 -0.9935 3.4251 52 199 89
-12.6903 -1.0887 0.7024 52 199 89
-12.5237 -1.2737 -0.3544 52 199 89
-12.6545 -1.0651 0.7439 52 199 89
-12.7770 -1.1987 0.3744 52 199 89
-12.6850 -0.9410 0.9130 52 199 89
-12.7702 -1.1567 0.6489 52 199 89
-12.7077 -1.1012 2.8551 52 199 89
-12.6077 -1.1795 -0.2418 52 199 89
-12.7837 -1.0855 1.1865 52 199 89
-12.7736 -1.1780 1.1010 52 199 89
-12.7328 -1.4335 -0.5533 52 199 89
-12.4712 -1.2662 -0.5447 52 199 89
-12.5194 -1.2593 -0.0505 52 199 89
-12.7751 -1.1733 1.2369 52 199 89
-12.3278 -1.1193 -0.3893 52 199 89
-12.5068 -1.2718 -0.0213 52 199 89
-12.7685 -1.0625 1.1463 52 199 89
-12.6565 -1.0513 0.8669 52 199 89
-12.7002 -1.1200 0.6910 52 199 89
-12.3818 -1.0514 2.9485 52 199 89
-12.5780 -1.0270 0.8281 52 199 89
-12.5799 -1.0433 3.3159 52 199 89
-12.4769 -1.3319 -0.9106 52 199 89
-12.6463 -1.4070 -0.6596 52 199 89
-12.6750 -1.5148 -1.1641 52 199 89
-12.5219 -1.2693 -0.4689 52 199 89
-12.7986 -1.0664 1.5552 52 199 89
-12.7037 -0.9816 1.6191 52 199 89
-12.7040 -1.1151 0.0590 52 199 89
-12.6893 -1.0522 1.3571 52 199 89
-12.7279 -1.1626 0.0551 52 199 89
-12.7521 -1.2663 -0.2256 52 199 89
-12.7231 -1.0684 0.1834 52 199 89
-12.7247 -1.0237 0.3843 52 199 89
-12.6539 -1.0643 0.8564 52 199 89
-12.6526 -1.0724 0.7374 52 199 89
-12.5192 -1.2697 -0.2849 52 199 89
-12.7353 -1.2213 -0.1624 52 199 89
-12.7463 -1.0051 0.9354 52 199 89
-12.3279 -1.2724 -0.3105 52 199 89
-12.7511 -1.0545 1.0281 52 199 89
-12.7620 -1.1939 0.2777 52 199 89
-12.4166 -1.2147 -0.0560 52 199 89
-12.4914 -1.2784 -0.0470 52 199 89
-12.5103 -1.3170 -0.0558 52 199 89
-12.4743 -1.2370 -0.5648 52 199 89
-12.7411 -0.9539 0.7598 52 199 89
-12.5716 -1.0124 3.3804 52 199 89
-12.6113 -1.1708 -0.2448 52 199 89
-12.7693 -1.2204 1.2485 52 199 89
-12.5745 -0.9959 3.4179 52 199 89
-12.4824 -1.3219 -0.9851 52 199 89
-12.4778 -1.3298 -0.9032 52 199 89
-12.7536 -1.1152 2.4176 52 199 89
-12.6386 -1.4518 -0.6807 52 199 89
-12.6940 -1.1022 1.5840 52 199 89
-12.7094 -0.9595 1.6329 52 199 89
-12.4715 -1.2619 -0.5399 52 199 89
-12.5404 -1.2992 -0.4490 52 199 89
-12.7473 -1.0014 0.9413 52 199 89
-12.4289 -1.2314 -0.3762 52 199 89
-12.6348 -1.0276 0.3251 52 199 89
-12.5869 -1.1472 0.2022 52 199 89
-12.4118 -1.2587 -0.2090 52 199 89
-12.7544 -1.1126 2.2410 52 199 89
-12.7595 -1.0552 1.0089 52 199 89
-12.6717 -0.9919 0.8897 52 199 89
-12.4287 -1.0848 3.1853 52 199 89
-12.5178 -1.2819 -0.2637 52 199 89
-12.8577 -0.9082 3.2635 52 199 89
-12.5124 -1.2374 -3.9843 52 199 89
-12.4869 -1.1867 -3.9657 52 199 89
-12.4547 -1.0418 -3.5665 52 199 89
-12.8313 -1.6419 -0.7053 52 199 89
-12.8975 -0.7691 3.1989 52 199 89
-12.8361 -1.6260 -0.5144 52 199 89
-12.6880 -1.4557 -0.5025 52 199 89
-12.6864 -1.4646 -0.4957 52 199 89
-12.8041 -0.8965 2.6507 52 199 89
-12.8579 -1.4655 -0.4370 52 199 89
-12.7538 -1.3693 -0.0291 52 199 89
-12.9592 -1.2360 1.5853 52 199 89
-12.9406 -1.3934 1.1650 52 199 89
-12.8744 -1.4339 -0.4161 52 199 89
-12.8510 -1.2851 1.1556 52 199 89
-12.9428 -1.2825 1.0934 52 199 89
-12.8819 -1.1808 1.1698 52 199 89
-12.6244 -1.1666 1.0088 52 199 89
-12.9637 -1.2372 1.0154 52 199 89
-12.9531 -1.2415 0.9649 52 199 89
-12.9315 -1.3433 0.8674 52 199 89
-12.5998 -1.4005 -0.2873 52 199 89
-12.9835 -1.1912 0.9342 52 199 89
-12.9325 -1.4046 0.7669 52 199 89
-12.6128 -1.3743 -0.2903 52 199 89
-12.8738 -1.2104 0.8678 52 199 89
-12.9200 -1.3309 0.7739 52 199 89
-12.9666 -1.2329 0.8163 52 199 89
-12.9197 -1.1826 0.7653 52 199 89
-12.9128 -1.1960 0.7582 52 199 89
-12.8886 -1.1919 0.7552 52 199 89
-12.8685 -1.4942 -0.2392 52 199 89
-12.8848 -1.5098 0.5129 52 199 89
-12.7485 -1.0009 0.7349 52 199 89
-12.8992 -1.4406 0.5057 52 199 89
-12.7380 -1.0487 0.6623 52 199 89
-12.9623 -1.2486 0.5661 52 199 89
-12.9096 -1.4243 0.4425 52 199 89
-12.7505 -0.9442 0.6045 52 199 89
-12.9135 -1.4156 0.3902 52 199 89
-12.8664 -1.3828 -0.1680 52 199 89
-12.9599 -1.2460 0.4086 52 199 89
-12.9242 -1.3324 0.3558 52 199 89
-12.7318 -1.0318 0.3908 52 199 89
-12.9352 -1.2487 0.3124 52 199 89
-12.9113 -1.2610 0.2104 52 199 89
-12.9104 -1.2457 0.2126 52 199 89
-12.9382 -1.1729 0.2144 52 199 89
-12.9056 -1.2788 0.1415 52 199 89
-12.9168 -1.2142 0.1496 52 199 89
-12.7514 -1.3920 -0.0477 52 199 89
-12.9091 -1.2312 -0.0442 52 199 89
-12.8926 -1.1986 0.0234 52 199 89
-12.9050 -1.4318 0.7937 52 199 89
-12.9811 -1.1814 1.0107 52 199 89
-12.8941 -1.2414 -0.1696 52 199 89
-12.8963 -1.1748 0.0895 52 199 89
-12.9069 -1.4186 0.0938 52 199 89
-12.9267 -1.1912 0.1456 52 199 89
-12.6197 -1.3808 -0.5660 52 199 89
-12.9554 -1.1292 0.8802 52 199 89
-12.8582 -1.2486 0.7596 52 199 89
-12.6780 -1.4774 -0.4707 52 199 89
-12.8612 -1.4458 -0.1206 52 199 89
-12.8910 -1.4729 -0.1071 52 199 89
-12.8343 -1.2053 0.2231 52 199 89
-12.7605 -1.0636 0.7679 52 199 89
-12.4867 -1.2408 0.5898 52 199 89
-12.7746 -0.9075 0.7486 52 199 89
-12.9195 -1.4029 0.5232 52 199 89
-12.7375 -1.0443 0.6696 52 199 89
-12.8524 -1.1866 0.5468 52 199 89
-12.8415 -1.2241 0.4078 52 199 89
-12.8083 -0.8802 2.6746 52 199 89
-12.5372 -1.2477 -3.9768 52 199 89
-12.5130 -1.2411 -3.8310 52 199 89
-12.9819 -1.1667 1.2407 52 199 89
-12.4671 -1.3223 -0.7321 52 199 89
-12.8840 -1.4414 -0.0063 52 199 89
-12.9774 -1.2022 1.0307 52 199 89
-12.9538 -1.3020 1.0685 52 199 89
-12.9396 -1.3501 0.7371 52 199 89
-12.8738 -1.2032 0.8312 52 199 89
-12.9457 -1.2133 0.1713 52 199 89
-12.8975 -1.4364 0.7330 52 199 89
-12.8691 -1.4463 -0.4102 52 199 89
-12.9926 -1.1649 2.2433 52 199 89
-12.9171 -1.2969 1.6355 52 199 89
-12.9213 -1.4002 0.3961 52 199 89
-12.8044 -1.7176 -1.1194 52 199 89
-12.8874 -1.5054 0.5147 52 199 89
-12.4880 -1.2561 0.6210 52 199 89
-12.8335 -1.6396 -0.7096 52 199 89
-12.6751 -1.4924 -0.4030 52 199 89
-12.4554 -1.0330 -3.5903 52 199 89
-12.9406 -1.3248 0.8840 52 199 89
-12.9635 -1.2186 0.3767 52 199 89
-12.7603 -1.0464 0.7167 52 199 89
-12.9160 -1.3122 0.1942 52 199 89
-12.6050 -1.3654 -0.3105 52 199 89
-12.9380 -1.3044 0.5449 52 199 89
-12.9291 -1.3389 0.5311 52 199 89
-12.9311 -1.3859 -0.0197 52 199 89
-12.8824 -1.4419 -0.0406 52 199 89
-12.9352 -1.3498 0.0769 52 199 89
-12.8815 -1.3830 1.5186 52 199 89
-12.8018 -1.3755 -0.1956 52 199 89
-12.4481 -1.1117 -3.9391 52 199 89
-12.5103 -1.2434 -3.9668 52 199 89
-12.5129 -1.2308 -3.8797 52 199 89
-12.6186 -1.3938 -0.5496 52 199 89
-12.6852 -1.4644 -0.4972 52 199 89
-12.9301 -1.3543 0.8959 52 199 89
-12.8761 -1.4349 -0.4717 52 199 89
-12.6787 -1.4787 -0.4157 52 199 89
-12.9203 -1.2085 -0.0422 52 199 89
-12.8773 -1.4263 -0.4204 52 199 89
-12.8341 -0.9972 2.7900 52 199 89
-12.7612 -1.3372 -0.4130 52 199 89
-12.9495 -1.4609 1.9512 52 199 89
-12.6186 -1.3383 -0.3027 52 199 89
-12.8019 -0.9110 2.6282 52 199 89
-12.8659 -1.3999 -0.2739 52 199 89
-12.8724 -1.4045 -0.2745 52 199 89
-12.9226 -1.3673 1.1654 52 199 89
-12.9039 -1.3757 0.9768 52 199 89
-12.8665 -1.3907 -0.1498 52 199 89
-12.8275 -1.5125 -0.1297 52 199 89
-12.9290 -1.1477 1.0716 52 199 89
-12.7600 -1.3785 -0.0353 52 199 89
-12.8718 -1.4625 -0.0345 52 199 89
-12.9164 -1.3764 0.8493 52 199 89
-12.9652 -1.2412 0.8285 52 199 89
-12.8749 -1.4266 -0.1166 52 199 89
-12.9680 -1.1036 0.8958 52 199 89
-12.8899 -1.4737 -0.1123 52 199 89
-12.8868 -1.1509 0.7490 52 199 89
-12.8887 -1.4322 -0.0070 52 199 89
-12.9147 -1.4167 -0.0075 52 199 89
-12.7847 -0.9589 0.8142 52 199 89
-12.7577 -1.0581 0.7117 52 199 89
-12.9415 -1.1641 0.6450 52 199 89
-12.9303 -1.3373 0.5330 52 199 89
-12.9674 -1.2429 0.5637 52 199 89
-12.7144 -1.1246 0.5710 52 199 89
-12.8826 -1.2289 0.0394 52 199 89
-12.9443 -1.1310 0.0598 52 199 89
-12.9240 -1.3882 0.0477 52 199 89
-12.9022 -1.2309 0.4151 52 199 89
-12.9526 -1.2649 0.3897 52 199 89
-12.8276 -1.2518 0.3223 52 199 89
-13.0009 -1.1426 1.7886 52 199 89
-12.6026 -1.3768 -0.3011 52 199 89
-12.9454 -1.3540 0.8267 52 199 89
-12.9042 -1.4257 0.1592 52 199 89
-12.9073 -1.3010 0.1148 52 199 89
-12.5126 -1.4497 -0.9753 52 199 89
-12.9582 -1.3971 2.0497 52 199 89
-12.4898 -1.2072 -3.9845 52 199 89
-12.5114 -1.2353 -3.9151 52 199 89
-12.8120 -1.0952 0.4531 52 199 89
-12.5114 -1.2089 -3.9655 52 199 89
-12.7472 -1.1311 2.2529 52 199 89
-13.0118 -1.1212 2.3109 52 199 89
-12.9403 -1.3800 1.1281 52 199 89
-12.9803 -1.2435 1.1127 52 199 89
-12.8433 -1.6221 -0.7170 52 199 89
-12.9447 -1.0397 1.2304 52 199 89
-12.6493 -1.4291 -0.6895 52 199 89
-12.9355 -1.1265 1.0919 52 199 89
-13.0332 -1.0579 1.1447 52 199 89
-12.9271 -1.0712 1.1120 52 199 89
-13.0297 -0.8948 1.2454 52 199 89
-12.9740 -1.2135 0.9713 52 199 89
-12.6851 -1.4558 -0.4808 52 199 89
-12.9338 -1.4135 0.7863 52 199 89
-12.9588 -0.9326 1.1278 52 199 89
-12.9128 -1.4065 0.7517 52 199 89
-12.9426 -1.1859 0.8436 52 199 89
-12.9305 -1.0678 0.8943 52 199 89
-12.9236 -1.4938 0.6134 52 199 89
-12.8873 -1.2523 0.7356 52 199 89
-12.9631 -1.1083 0.7889 52 199 89
-12.7715 -1.3814 -0.4270 52 199 89
-12.8939 -1.4953 0.5193 52 199 89
-12.7615 -0.9466 0.7094 52 199 89
-12.9123 -1.4155 0.4953 52 199 89
-12.9407 -1.2988 0.5316 52 199 89
-12.7423 -0.9968 0.5734 52 199 89
-12.8165 -1.1032 0.4501 52 199 89
-12.6865 -1.4622 -0.5081 52 199 89
-12.9688 -1.2093 0.3874 52 199 89
-12.9269 -1.2234 0.2254 52 199 89
-12.8726 -1.3979 -0.1617 52 199 89
-12.9099 -1.4710 0.1007 52 199 89
-12.9266 -1.3991 0.0603 52 199 89
-12.9596 -1.3056 0.0629 52 199 89
-12.9333 -1.3803 0.0050 52 199 89
-12.9190 -1.2519 -0.1074 52 199 89
-12.9131 -1.3851 -0.0077 52 199 89
-12.7723 -1.3414 -0.0466 52 199 89
-12.8909 -1.4251 -0.0421 52 199 89
-12.8849 -1.2715 0.4027 52 199 89
-12.8292 -1.6455 -0.6280 52 199 89
-12.8976 -1.4452 0.3842 52 199 89
-12.9144 -1.4111 0.8007 52 199 89
-12.9000 -1.1998 0.7678 52 199 89
-12.8844 -1.3459 -0.3303 52 199 89
-12.5599 -1.3365 -0.5559 52 199 89
-12.6164 -1.4039 -0.5352 52 199 89
-12.7619 -1.1106 0.4839 52 199 89
-12.8609 -1.4701 -0.4403 52 199 89
-12.8262 -1.0738 0.4595 52 199 89
-12.7648 -1.4132 -0.0849 52 199 89
-12.8868 -1.4777 -0.0984 52 199 89
-12.8763 -1.1507 0.1893 52 199 89
-12.8753 -1.2898 0.1263 52 199 89
-12.8833 -1.2804 0.0368 52 199 89
-12.9097 -1.4176 0.0505 52 199 89
-12.9320 -1.4071 1.1584 52 199 89
-12.9198 -1.3784 1.1662 52 199 89
-12.9885 -1.1885 1.1994 52 199 89
-13.0057 -1.1307 1.1038 52 199 89
-12.8243 -1.3108 0.8986 52 199 89
-12.9899 -1.1466 1.0115 52 199 89
-12.8787 -1.2798 -0.1876 52 199 89
-12.8616 -1.2231 0.7398 52 199 89
-12.5186 -1.2339 -3.8887 52 199 89
-12.8748 -1.4042 -0.1281 52 199 89
-12.4903 -1.1464 0.6117 52 199 89
-12.9584 -1.2955 0.4238 52 199 89
-12.5580 -1.3618 -0.5293 52 199 89
-12.9326 -1.3823 -0.0090 52 199 89
-12.8362 -1.6281 -0.5150 52 199 89
-12.7539 -1.1059 0.5911 52 199 89
-12.7716 -1.6146 -0.8256 52 199 89
-12.9520 -1.2987 1.0757 52 199 89
-12.9221 -1.3525 0.3334 52 199 89
-12.8759 -0.8557 3.0646 52 199 89
-12.8928 -1.0812 1.0887 52 199 89
-13.0267 -1.0714 2.0972 52 199 89
-12.8511 -1.4425 1.5422 52 199 89
-12.9290 -1.2549 0.1767 52 199 89
-12.8931 -1.4252 -0.0477 52 199 89
-12.9333 -1.3737 0.8358 52 199 89
-12.4916 -1.2384 0.6274 52 199 89
-12.6733 -1.4665 -0.2231 52 199 89
-12.9347 -1.3128 0.5246 52 199 89
-12.4599 -1.0884 -3.4219 52 199 89
-12.9506 -1.3141 0.5683 52 199 89
-12.8319 -1.6421 -0.6310 52 199 89
-12.9263 -1.0757 1.4694 52 199 89
-12.8877 -1.4640 0.3796 52 199 89
-12.9345 -1.2692 0.2194 52 199 89
-12.6153 -1.3875 -0.5695 52 199 89
-12.6106 -1.4417 -0.4711 52 199 89
-12.8821 -1.3295 -0.0976 52 199 89
-12.7708 -1.2089 0.5356 52 199 89
-12.7335 -1.0398 0.5697 52 199 89
-12.8747 -1.4439 -0.4615 52 199 89
-12.8573 -1.5040 -0.4340 52 199 89
-12.8748 -1.4332 -0.4189 52 199 89
-12.8697 -1.3035 -0.1796 52 199 89
-12.8034 -1.1516 0.4460 52 199 89
-12.8880 -1.2685 0.0330 52 199 89
-12.8872 -1.2102 0.0910 52 199 89
-12.8802 -1.4882 -0.0851 52 199 89
-12.6161 -1.3927 -0.1317 52 199 89
-12.9239 -1.3611 1.0771 52 199 89
-12.9311 -1.1157 1.0543 52 199 89
-12.5356 -1.2472 -3.9846 52 199 89
-12.4949 -1.2877 -3.7781 52 199 89
-12.5138 -1.2184 -3.9619 52 199 89
-12.8407 -1.2552 0.8764 52 199 89
-13.0131 -1.1151 0.9468 52 199 89
-12.8844 -1.5136 0.4870 52 199 89
-12.8599 -1.5183 0.0907 52 199 89
-12.9100 -1.4221 0.0564 52 199 89
-12.5306 -1.3685 -0.4972 52 199 89
-12.9388 -1.3186 0.3507 52 199 89
-12.6695 -1.5162 -0.4266 52 199 89
-12.9062 -1.3968 0.0067 52 199 89
-12.9207 -1.3613 0.9981 52 199 89
-12.5241 -1.2635 -3.8178 52 199 89
-12.9523 -1.2713 0.8330 52 199 89
-12.9440 -1.3313 0.7667 52 199 89
-12.8753 -1.3314 -0.1753 52 199 89
-12.9196 -1.4057 -0.0212 52 199 89
-12.8769 -1.4600 -0.0416 52 199 89
-12.9399 -1.2849 0.3594 52 199 89
-12.9285 -1.4294 0.7917 52 199 89
-12.8859 -1.2573 0.3894 52 199 89
-12.9090 -1.2127 0.2641 52 199 89
-12.9068 -1.4262 0.7454 52 199 89
-12.9254 -1.3665 0.4580 52 199 89
-12.9123 -1.4119 0.5176 52 199 89
-12.9592 -1.2192 1.3901 52 199 89
-12.9721 -1.2272 1.2842 52 199 89
-12.5238 -1.2143 -3.9285 52 199 89
-12.6534 -1.4772 -1.0812 52 199 89
-12.9987 -1.1380 1.4904 52 199 89
-12.9531 -1.2219 1.2884 52 199 89
-12.9320 -1.0844 1.1478 52 199 89
-12.5575 -1.3844 -0.4516 52 199 89
-12.9681 -1.0979 0.7687 52 199 89
-12.8208 -0.7959 0.9084 52 199 89
-12.7616 -0.9832 0.7974 52 199 89
-12.6069 -1.3847 -0.4294 52 199 89
-12.8983 -1.4410 -0.4409 52 199 89
-12.8345 -1.0533 0.6575 52 199 89
-12.7361 -1.1601 0.5964 52 199 89
-12.9334 -1.3645 0.4681 52 199 89
-12.7754 -1.2322 0.4696 52 199 89
-12.7784 -0.8416 0.6171 52 199 89
-12.7002 -1.2234 0.3650 52 199 89
-12.8624 -1.1440 0.2625 52 199 89
-12.6591 -1.4291 -0.2608 52 199 89
-12.9012 -1.1735 0.0825 52 199 89
-12.8847 -1.2993 0.0100 52 199 89
-12.6232 -1.3462 -0.1638 52 199 89
-12.8857 -1.2677 -0.1840 52 199 89
-12.8935 -1.4610 -0.1026 52 199 89
-12.4911 -1.2121 -3.9699 52 199 89
-12.5637 -1.2738 -0.3210 52 199 89
-12.9910 -1.2586 0.9914 52 199 89
-12.9470 -1.2580 0.8258 52 199 89
-12.8934 -1.2909 0.0618 52 199 89
-12.8950 -1.3337 -0.2014 52 199 89
-12.8973 -1.4518 -0.1111 52 199 89
-12.8688 -1.0193 1.8577 52 199 89
-12.5329 -1.2616 -3.9151 52 199 89
-12.5084 -1.2567 -3.7987 52 199 89
-12.5227 -1.2218 -3.8934 52 199 89
-12.7756 -0.9242 0.8170 52 199 89
-12.6530 -1.4572 -0.7294 52 199 89
-12.9092 -1.2328 0.3072 52 199 89
-13.0207 -1.1101 2.3380 52 199 89
-12.8834 -1.4174 1.2611 52 199 89
-12.8790 -1.2338 0.7887 52 199 89
-12.5305 -1.3603 -0.4473 52 199 89
-12.8796 -1.3247 0.4350 52 199 89
-12.9056 -1.3787 1.8484 52 199 89
-12.4406 -1.1956 -0.0014 52 199 89
-12.3982 -1.2225 -0.2895 52 199 89
-12.4027 -1.2218 -0.0575 52 199 89
-12.4422 -1.2296 0.0546 52 199 89
-12.2790 -1.2125 0.0659 52 199 89
-12.4445 -1.2104 0.0577 52 199 89
-12.3167 -1.3675 -0.3713 52 199 89
-12.4410 -1.3672 -0.3732 52 199 89
-12.4508 -1.2393 0.0896 52 199 89
-12.3644 -1.2197 0.1016 52 199 89
-12.3223 -1.2242 -0.2451 52 199 89
-12.3338 -1.2434 -0.2439 52 199 89
-12.3417 -1.2323 -0.2428 52 199 89
-12.2521 -1.1794 2.0056 52 199 89
-12.4525 -1.2579 0.0954 52 199 89
-12.4434 -1.2447 0.1077 52 199 89
-12.3314 -1.3695 -0.4039 52 199 89
-12.3227 -1.3706 -0.4021 52 199 89
-12.4966 -1.4145 -0.1912 52 199 89
-12.3896 -1.2162 0.1192 52 199 89
-12.3595 -1.1664 2.4740 52 199 89
-12.3339 -1.3632 -0.4340 52 199 89
-12.3232 -1.2257 -0.2185 52 199 89
-12.2608 -1.2075 0.1528 52 199 89
-12.3905 -1.2703 -0.4800 52 199 89
-12.2581 -1.2083 0.1632 52 199 89
-12.3576 -1.1675 2.4005 52 199 89
-12.4306 -1.2196 1.6797 52 199 89
-12.3429 -1.2498 -0.1075 52 199 89
-12.3332 -1.2439 -0.1105 52 199 89
-12.4564 -1.2863 0.1662 52 199 89
-12.2196 -1.2231 1.6862 52 199 89
-12.3391 -1.3662 -0.4558 52 199 89
-12.4692 -1.3481 0.1693 52 199 89
-12.4441 -1.2059 0.1991 52 199 89
-12.4598 -1.2565 0.1888 52 199 89
-12.4258 -1.2267 1.3753 52 199 89
-12.1902 -1.1643 0.2398 52 199 89
-12.4604 -1.2899 0.2073 52 199 89
-12.1972 -1.1829 0.2691 52 199 89
-12.4299 -1.3379 -0.5203 52 199 89
-12.4147 -1.3158 -0.5327 52 199 89
-12.4689 -1.3517 0.2238 52 199 89
-12.2720 -1.1952 0.2801 52 199 89
-12.4119 -1.3206 -0.5341 52 199 89
-12.1928 -1.1765 0.3006 52 199 89
-12.2728 -1.1837 0.3076 52 199 89
-12.3960 -1.1829 0.3102 52 199 89
-12.4270 -1.2167 1.2340 52 199 89
-12.4251 -1.2162 1.2153 52 199 89
-12.4205 -1.2116 1.2203 52 199 89
-12.1949 -1.1678 0.3387 52 199 89
-12.4561 -1.2908 0.2935 52 199 89
-12.4289 -1.2094 1.1983 52 199 89
-12.4233 -1.2157 1.1965 52 199 89
-12.2120 -1.1589 0.3528 52 199 89
-12.2813 -1.4744 -0.5542 52 199 89
-12.2570 -1.4704 -0.5599 52 199 89
-12.2069 -1.1704 0.3809 52 199 89
-12.2865 -1.4748 -0.5744 52 199 89
-12.4640 -1.2877 -0.1541 52 199 89
-12.4915 -1.3760 -0.6411 52 199 89
-12.2068 -1.4300 -0.9172 52 199 89
-12.2780 -1.4630 -0.6138 52 199 89
-12.3903 -1.1970 -0.2030 52 199 89
-12.2883 -1.1719 1.0034 52 199 89
-12.4046 -1.1651 0.4584 52 199 89
-12.2651 -1.4571 -0.6263 52 199 89
-12.4066 -1.1995 0.4562 52 199 89
-12.4498 -1.3767 -0.6839 52 199 89
-12.4563 -1.3179 0.8147 52 199 89
-12.4733 -1.2986 0.8168 52 199 89
-12.4665 -1.3138 0.8096 52 199 89
-12.4574 -1.2982 0.4291 52 199 89
-12.2100 -1.4377 -0.8792 52 199 89
-12.2739 -1.4788 -0.6242 52 199 89
-12.4293 -1.1931 0.8654 52 199 89
-12.4276 -1.1879 0.8543 52 199 89
-12.4417 -1.2387 0.4984 52 199 89
-12.4474 -1.3635 -0.7022 52 199 89
-12.1466 -1.2832 0.5070 52 199 89
-12.4632 -1.3135 0.4810 52 199 89
-12.4554 -1.3055 0.7195 52 199 89
-12.1847 -1.4143 -0.6923 52 199 89
-12.3455 -1.1395 0.5940 52 199 89
-12.3373 -1.1758 2.1214 52 199 89
-12.4302 -1.2010 0.7496 52 199 89
-12.4450 -1.3967 -0.7000 52 199 89
-12.3297 -1.1659 2.1366 52 199 89
-12.4352 -1.1876 0.5950 52 199 89
-12.4642 -1.3110 0.5341 52 199 89
-12.4284 -1.1961 0.6958 52 199 89
-12.4708 -1.3131 0.5337 52 199 89
-12.3370 -1.1860 0.6240 52 199 89
-12.3777 -1.2262 0.6134 52 199 89
-12.4351 -1.1906 0.6597 52 199 89
-12.4611 -1.3073 0.5617 52 199 89
-12.3339 -1.3548 -0.7170 52 199 89
-12.4579 -1.3038 0.8869 52 199 89
-12.4063 -1.2297 -0.0411 52 199 89
-12.4036 -1.2063 -0.0311 52 199 89
-12.4598 -1.2857 -0.1309 52 199 89
-12.4326 -1.3303 -0.4495 52 199 89
-12.2014 -1.4306 -0.9101 52 199 89
-12.2941 -1.4761 -0.6149 52 199 89
-12.2699 -1.4717 -0.6215 52 199 89
-12.3390 -1.3639 -0.4242 52 199 89
-12.1783 -1.4275 -0.6767 52 199 89
-12.2926 -1.4712 -0.7991 52 199 89
-12.4551 -1.2945 0.5364 52 199 89
-12.3749 -1.2202 0.5921 52 199 89
-12.4734 -1.2962 -0.2177 52 199 89
-12.3792 -1.2066 0.4476 52 199 89
-12.3626 -1.1690 2.4297 52 199 89
-12.4991 -1.3485 1.6463 52 199 89
-12.2263 -1.2184 0.0643 52 199 89
-12.4186 -1.2209 1.9636 52 199 89
-12.4120 -1.1936 -0.1215 52 199 89
-12.3776 -1.2159 0.0206 52 199 89
-12.1445 -1.5344 -1.3458 52 199 89
-12.4296 -1.2176 1.3483 52 199 89
-12.4306 -1.2192 1.2936 52 199 89
-12.4569 -1.2921 0.2512 52 199 89
-12.4668 -1.3857 -0.4997 52 199 89
-12.4233 -1.2176 1.3978 52 199 89
-12.2847 -1.2110 0.2099 52 199 89
-12.3307 -1.1653 2.1683 52 199 89
-12.4861 -1.3691 -0.6386 52 199 89
-12.4611 -1.3826 -0.6313 52 199 89
-12.2766 -1.1833 2.0725 52 199 89
-12.4898 -1.3296 1.7148 52 199 89
-12.4263 -1.2052 -0.0378 52 199 89
-12.4222 -1.2232 1.9877 52 199 89
-12.4450 -1.2399 -0.1629 52 199 89
-12.4777 -1.3072 -0.1861 52 199 89
-12.4821 -1.3777 -0.6031 52 199 89
-12.3325 -1.3632 -0.6341 52 199 89
-12.4253 -1.2052 1.4810 52 199 89
-12.2409 -1.1439 1.6493 52 199 89
-12.2291 -1.2176 0.0844 52 199 89
-12.4498 -1.3448 -0.6707 52 199 89
-12.4463 -1.2174 2.0108 52 199 89
-12.1775 -1.4354 -0.6689 52 199 89
-12.2884 -1.4773 -0.6295 52 199 89
-12.4755 -1.3244 0.6625 52 199 89
-12.3746 -1.2171 0.4477 52 199 89
-12.4685 -1.3547 0.2275 52 199 89
-12.3458 -1.1554 0.5904 52 199 89
-12.1335 -1.2679 0.5334 52 199 89
-12.4636 -1.3130 0.4803 52 199 89
-12.2790 -1.4698 -0.6037 52 199 89
-12.4606 -1.3076 -0.2667 52 199 89
-12.3894 -1.1952 -0.1471 52 199 89
-12.3590 -1.1540 2.5044 52 199 89
-12.3426 -1.2433 -0.2424 52 199 89
-12.4672 -1.2868 -0.1439 52 199 89
-12.2733 -1.1888 0.3065 52 199 89
-12.3753 -1.1880 -0.2425 52 199 89
-12.3964 -1.1854 0.3079 52 199 89
-12.4577 -1.2946 0.4285 52 199 89
-12.3123 -1.3397 -0.7099 52 199 89
-12.2646 -1.4541 -0.6273 52 199 89
-12.1954 -1.1703 0.3406 52 199 89
-12.4008 -1.1962 0.4477 52 199 89
-12.3962 -1.1824 0.4568 52 199 89
-12.4717 -1.3123 0.2917 52 199 89
-12.2113 -1.1555 0.3567 52 199 89
-12.3345 -1.3664 -0.6970 52 199 89
-12.3483 -1.1808 0.4005 52 199 89
-12.2721 -1.4714 -0.6213 52 199 89
-12.2711 -1.4799 -0.6128 52 199 89
-12.4509 -1.3651 -0.6923 52 199 89
-12.3226 -1.1987 -0.2042 52 199 89
-12.4246 -1.2078 0.0376 52 199 89
-12.2000 -1.1691 0.3275 52 199 89
-12.2949 -1.1893 2.0771 52 199 89
-12.3557 -1.1867 2.1428 52 199 89
-12.3394 -1.1685 2.1560 52 199 89
-12.4287 -1.2239 1.3847 52 199 89
-12.3334 -1.2492 0.2056 52 199 89
-12.3550 -1.1450 2.1134 52 199 89
-12.3397 -1.1730 2.0741 52 199 89
-12.3907 -1.1923 -0.2013 52 199 89
-12.3239 -1.3680 -0.3563 52 199 89
-12.1655 -1.3707 -0.3687 52 199 89
-12.4222 -1.3264 -0.3871 52 199 89
-12.4032 -1.2046 -0.0304 52 199 89
-12.4214 -1.3264 -0.4139 52 199 89
-12.3058 -1.3435 -0.4142 52 199 89
-12.4307 -1.2296 1.7080 52 199 89
-12.3330 -1.2480 0.0238 52 199 89
-12.3229 -1.2308 0.0380 52 199 89
-12.2210 -1.2162 1.7307 52 199 89
-12.3272 -1.3622 -0.4293 52 199 89
-12.2298 -1.2531 1.6134 52 199 89
-12.4417 -1.2278 0.0592 52 199 89
-12.2789 -1.2057 0.0715 52 199 89
-12.4231 -1.2300 1.4400 52 199 89
-12.3645 -1.2045 0.0963 52 199 89
-12.4223 -1.2151 1.3789 52 199 89
-12.3395 -1.3673 -0.4532 52 199 89
-12.4541 -1.2420 0.0902 52 199 89
-12.4305 -1.2348 1.2853 52 199 89
-12.3536 -1.3542 -0.4847 52 199 89
-12.4451 -1.2269 0.1055 52 199 89
-12.4268 -1.2099 1.2455 52 199 89
-12.4212 -1.2059 1.2266 52 199 89
-12.3372 -1.2427 0.1152 52 199 89
-12.4264 -1.3121 -0.5166 52 199 89
-12.4155 -1.3127 -0.5340 52 199 89
-12.4720 -1.3202 0.8075 52 199 89
-12.4404 -1.2026 0.1508 52 199 89
-12.4338 -1.1966 0.8947 52 199 89
-12.4294 -1.1929 0.8854 52 199 89
-12.4411 -1.2119 0.8321 52 199 89
-12.4281 -1.1955 0.8361 52 199 89
-12.2602 -1.2217 0.1641 52 199 89
-12.4417 -1.2030 0.8270 52 199 89
-12.4547 -1.3107 0.7151 52 199 89
-12.3471 -1.1334 0.8603 52 199 89
-12.4524 -1.2289 0.7577 52 199 89
-12.4557 -1.2920 0.1679 52 199 89
-12.4586 -1.2939 0.1683 52 199 89
-12.4828 -1.3748 -0.6072 52 199 89
-12.2563 -1.4666 -0.5644 52 199 89
-12.4614 -1.3135 0.1733 52 199 89
-12.2042 -1.4294 -0.9336 52 199 89
-12.2067 -1.4277 -0.9165 52 199 89
-12.4434 -1.2171 0.2091 52 199 89
-12.4918 -1.3581 -0.1792 52 199 89
-12.3465 -1.2148 0.2154 52 199 89
-12.3670 -1.2108 0.6292 52 199 89
-12.3376 -1.1969 0.6153 52 199 89
-12.4648 -1.3107 0.5335 52 199 89
-12.4348 -1.1952 0.5927 52 199 89
-12.2761 -1.4782 -0.5873 52 199 89
-12.4561 -1.2867 0.5381 52 199 89
-12.4620 -1.3789 -0.6564 52 199 89
-12.3289 -1.1744 0.5898 52 199 89
-12.3538 -1.1721 2.4395 52 199 89
-12.4782 -1.3161 0.6361 52 199 89
-12.4132 -1.2159 2.0150 52 199 89
-12.4188 -1.2174 1.9673 52 199 89
-12.3267 -1.1733 2.1175 52 199 89
-12.3320 -1.1826 2.1411 52 199 89
-12.2770 -1.1884 2.0645 52 199 89
-12.4184 -1.2412 1.9545 52 199 89
-12.3328 -1.3544 -0.7283 52 199 89
-12.4157 -1.3107 -0.5197 52 199 89
-12.4547 -1.3038 0.4369 52 199 89
-12.3234 -1.3589 -0.3519 52 199 89
-12.4440 -1.2355 0.4652 52 199 89
-12.4458 -1.1957 0.2026 52 199 89
-12.4590 -1.2910 0.4287 52 199 89
-12.3592 -1.1592 2.4902 52 199 89
-12.3547 -1.1540 2.4878 52 199 89
-12.3579 -1.1610 2.4125 52 199 89
-12.2814 -1.1741 0.2216 52 199 89
-12.3326 -1.1938 0.2108 52 199 89
-12.3952 -1.1926 0.4209 52 199 89
-12.3255 -1.3409 -0.4419 52 199 89
-12.3448 -1.2129 0.4104 52 199 89
-12.1261 -1.1713 2.4083 52 199 89
-12.4295 -1.3279 -0.4301 52 199 89
-12.4650 -1.3100 0.1978 52 199 89
-12.0297 -1.0351 2.6966 52 199 89
-12.4214 -1.3290 -0.4122 52 199 89
-12.3069 -1.3583 -0.3977 52 199 89
-12.3225 -1.3621 -0.3983 52 199 89
-12.1999 -1.1593 0.3573 52 199 89
-12.1933 -1.1568 0.3420 52 199 89
-12.3166 -1.3608 -0.3731 52 199 89
-12.1906 -1.1590 0.3110 52 199 89
-12.4287 -1.2233 1.3843 52 199 89
-12.4456 -1.2002 0.1457 52 199 89
-12.2898 -1.1729 2.1964 52 199 89
-12.3550 -1.1595 2.0872 52 199 89
-12.2039 -1.4276 -0.9324 52 199 89
-12.4676 -1.3913 -0.7577 52 199 89
-12.4499 -1.3711 -0.7363 52 199 89
-12.3803 -1.2070 1.9356 52 199 89
-12.4204 -1.2396 1.6627 52 199 89
-12.4233 -1.2288 1.4335 52 199 89
-12.4500 -1.3683 -0.6922 52 199 89
-12.4245 -1.2333 1.3728 52 199 89
-12.4322 -1.1954 1.3578 52 199 89
-12.2727 -1.4716 -0.6228 52 199 89
-12.2915 -1.4596 -0.6252 52 199 89
-12.4315 -1.2142 1.1872 52 199 89
-12.2657 -1.4611 -0.6191 52 199 89
-12.3127 -1.3469 -0.7039 52 199 89
-12.2751 -1.4699 -0.5974 52 199 89
-12.4806 -1.3257 0.8547 52 199 89
-12.3431 -1.2523 -0.2330 52 199 89
-12.3235 -1.2350 0.0339 52 199 89
-12.3330 -1.2368 -0.2612 52 199 89
-12.4426 -1.2047 0.0608 52 199 89
-12.2768 -1.1865 0.0738 52 199 89
-12.3421 -1.2546 0.0721 52 199 89
-12.2849 -1.1399 0.9792 52 199 89
-12.4618 -1.3767 -0.6402 52 199 89
-12.4294 -1.1929 0.8854 52 199 89
-12.4553 -1.2672 0.0677 52 199 89
-12.3651 -1.2083 0.0979 52 199 89
-12.3470 -1.1440 0.8499 52 199 89
-12.4480 -1.2338 0.0981 52 199 89
-12.3422 -1.1658 0.7866 52 199 89
-12.3454 -1.1389 0.7853 52 199 89
-12.4837 -1.3790 -0.6158 52 199 89
-12.2557 -1.4597 -0.5693 52 199 89
-12.4413 -1.2010 0.7000 52 199 89
-12.4294 -1.1855 0.7080 52 199 89
-12.1907 -1.2041 0.1577 52 199 89
-12.3676 -1.2350 0.6169 52 199 89
-12.4584 -1.2814 0.5740 52 199 89
-12.3779 -1.2229 0.6098 52 199 89
-12.3376 -1.1828 0.6231 52 199 89
-12.2604 -1.2110 0.1729 52 199 89
-12.1916 -1.2008 0.1870 52 199 89
-12.4677 -1.3884 -0.4961 52 199 89
-12.1315 -1.2581 0.5411 52 199 89
-12.4120 -1.3098 -0.5339 52 199 89
-12.4295 -1.3398 -0.5132 52 199 89
-12.4639 -1.3106 0.4813 52 199 89
-12.3624 -1.1683 2.3666 52 199 89
-12.4566 -1.2910 0.4028 52 199 89
-12.2937 -1.1821 2.0900 52 199 89
-12.3312 -1.1695 2.1181 52 199 89
-12.3113 -1.2050 2.1922 52 199 89
-12.4089 -1.1713 0.4256 52 199 89
-12.2384 -1.2241 0.1413 52 199 89
-12.3742 -1.2337 0.4577 52 199 89
-12.3320 -1.1820 2.1387 52 199 89
-12.4446 -1.3382 -0.4213 52 199 89
-12.4088 -1.2121 2.0075 52 199 89
-12.4127 -1.2232 2.0009 52 199 89
-12.2443 -1.1591 2.0414 52 199 89
-12.3554 -1.1693 2.1676 52 199 89
-12.3369 -1.1668 0.6212 52 199 89
-12.2917 -1.4754 -0.7836 52 199 89
-12.3573 -1.1626 2.4798 52 199 89
-12.4002 -1.1963 -0.2906 52 199 89
-12.4665 -1.3623 -0.7381 52 199 89
-12.3258 -1.2420 -0.0858 52 199 89
-12.3537 -1.1979 0.5003 52 199 89
-12.3434 -1.2430 -0.2308 52 199 89
-12.3728 -1.2174 -0.2357 52 199 89
-12.2716 -1.4692 -0.6191 52 199 89
-12.4018 -1.1911 0.4554 52 199 89
-12.3373 -1.3790 -0.6739 52 199 89
-12.4634 -1.3706 -0.6597 52 199 89
-12.2790 -1.4674 -0.5937 52 199 89
-12.3318 -1.3396 -0.7287 52 199 89
-12.2609 -1.4674 -0.5598 52 199 89
-12.2789 -1.2006 0.2951 52 199 89
-12.2770 -1.2159 0.2835 52 199 89
-12.1903 -1.1573 0.3117 52 199 89
-12.2716 -1.1970 0.2776 52 199 89
-12.4223 -1.2389 1.6560 52 199 89
-12.3425 -1.2524 0.0735 52 199 89
-12.4276 -1.3256 -0.5335 52 199 89
-12.4236 -1.2459 1.3657 52 199 89
-12.4382 -1.3203 -0.4543 52 199 89
-12.4338 -1.2201 1.2292 52 199 89
-12.3333 -1.2390 0.2114 52 199 89
-12.3391 -1.3631 -0.4446 52 199 89
-12.3349 -1.2112 0.2057 52 199 89
-12.3374 -1.2477 0.0888 52 199 89
-12.2612 -1.2206 0.1725 52 199 89
-12.3263 -1.3647 -0.4198 52 199 89
-12.4400 -1.2226 0.8211 52 199 89
-12.4279 -1.2028 0.8431 52 199 89
-12.3592 -1.1607 0.8703 52 199 89
-12.4561 -1.2802 0.7365 52 199 89
-12.3295 -1.3462 -0.4214 52 199 89
-12.4399 -1.2264 0.1338 52 199 89
-12.3389 -1.3591 -0.3897 52 199 89
-12.2054 -1.4203 -0.9235 52 199 89
-12.4260 -1.2123 0.0397 52 199 89
-12.4604 -1.2820 -0.1113 52 199 89
-12.3625 -1.2053 2.2973 52 199 89
-12.3575 -1.1671 2.3814 52 199 89
-12.2481 -1.2122 2.3216 52 199 89
-12.4695 -1.3769 -0.5086 52 199 89
-12.4067 -1.2224 -0.1199 52 199 89
-12.4545 -1.2803 -0.1439 52 199 89
-12.4471 -1.2396 0.1591 52 199 89
-12.3807 -1.2124 1.9187 52 199 89
-12.2040 -1.1836 0.3522 52 199 89
-12.2519 -1.2146 2.3411 52 199 89
-12.2126 -1.1747 0.2123 52 199 89
-12.0985 -1.3762 -0.1700 52 199 89
-12.4160 -1.2715 -0.5082 52 199 89
-12.2936 -1.1811 2.0878 52 199 89
-12.4659 -1.3118 0.3030 52 199 89
-12.4310 -1.2097 1.3431 52 199 89
-12.3332 -1.1865 2.0131 52 199 89
-12.4084 -1.1734 0.4265 52 199 89
-12.4553 -1.2963 0.4421 52 199 89
-12.2261 -1.2498 1.5861 52 199 89
-12.4575 -1.2786 0.5336 52 199 89
-12.2489 -1.1938 1.9718 52 199 89
-12.4230 -1.1996 -0.0862 52 199 89
-12.3266 -1.2607 0.0297 52 199 89
-12.4288 -1.3442 -0.4964 52 199 89
-12.1224 -1.2397 0.5631 52 199 89
-12.4379 -1.3246 -0.4381 52 199 89
-12.3159 -1.3792 -0.3377 52 199 89
-12.3300 -1.3476 -0.4176 52 199 89
-12.4415 -1.2235 -0.0284 52 199 89
-12.3896 -1.1947 -0.1849 52 199 89
-12.3996 -1.2118 -0.2789 52 199 89
-12.2908 -1.1913 2.1737 52 199 89
-12.4752 -1.3292 -0.1383 52 199 89
-12.4113 -1.1933 -0.2849 52 199 89
-12.4649 -1.4015 -0.7447 52 199 89
-12.4244 -1.2269 1.4162 52 199 89
-12.4664 -1.2207 0.5508 52 199 89
-12.4222 -1.2350 1.3364 52 199 89
-12.3536 -1.1474 2.1488 52 199 89
-12.4789 -1.3246 0.8618 52 199 89
-12.4293 -1.1865 0.8531 52 199 89
-12.3530 -1.1367 0.8941 52 199 89
-12.3455 -1.1523 0.7841 52 199 89
-12.2058 -1.4348 -0.9123 52 199 89
-12.1079 -1.1134 0.6100 52 199 89
-12.4643 -1.3108 0.4483 52 199 89
-12.2893 -1.4520 -0.7540 52 199 89
-12.4644 -1.3836 -0.7156 52 199 89
-12.2034 -1.1752 0.3683 52 199 89
-12.3976 -1.1706 0.3250 52 199 89
-12.1971 -1.1762 0.3246 52 199 89
-12.3573 -1.2272 -0.1795 52 199 89
-12.2760 -1.1864 0.2779 52 199 89
-12.2909 -1.4740 -0.5996 52 199 89
-12.3142 -1.3605 -0.6814 52 199 89
-12.4631 -1.3794 -0.6539 52 199 89
-12.3381 -1.1683 2.1311 52 199 89
-12.2837 -1.2005 0.1937 52 199 89
-12.2641 -1.2205 0.1900 52 199 89
-12.1908 -1.1885 0.1943 52 199 89
-12.3439 -1.2383 -0.2246 52 199 89
-12.2758 -1.4748 -0.5872 52 199 89
-12.4403 -1.2090 0.1304 52 199 89
-12.4803 -1.3661 -0.5957 52 199 89
-12.2580 -1.4598 -0.5674 52 199 89
-12.2691 -1.1814 0.2778 52 199 89
-12.3375 -1.2172 0.0978 52 199 89
-12.4710 -1.3823 -0.6492 52 199 89
-12.4552 -1.2832 -0.0662 52 199 89
-12.4569 -1.2861 0.4561 52 199 89
-12.2423 -1.1683 2.4072 52 199 89
-12.4091 -1.1981 0.4228 52 199 89
-12.3332 -1.1869 2.0140 52 199 89
-12.4584 -1.2935 0.6169 52 199 89
-12.4338 -1.3474 -0.5103 52 199 89
-12.4578 -1.2398 1.9321 52 199 89
-12.4653 -1.2931 -0.0826 52 199 89
-12.3595 -1.2094 2.3753 52 199 89
-12.2877 -1.1852 2.2263 52 199 89
-12.1538 -1.4540 -0.9163 52 199 89
-12.2704 -1.2229 1.9929 52 199 89
-12.4629 -1.3957 -0.7029 52 199 89
-12.3304 -1.3439 -0.7149 52 199 89
-12.3135 -1.3447 -0.6986 52 199 89
-12.4642 -1.3742 -0.6657 52 199 89
-12.2725 -1.4784 -0.5876 52 199 89
-12.2760 -1.4778 -0.5873 52 199 89
-12.3540 -1.1396 1.0095 52 199 89
-12.2615 -1.4786 -0.5538 52 199 89
-12.4597 -1.3881 -0.5933 52 199 89
-12.4614 -1.3315 0.6239 52 199 89
-12.4305 -1.1814 0.7264 52 199 89
-12.3449 -1.2065 0.6393 52 199 89
-12.4501 -1.2246 0.6096 52 199 89
-12.4695 -1.2983 0.4872 52 199 89
-12.4683 -1.3962 -0.4960 52 199 89
-12.3425 -1.2064 0.4267 52 199 89
-12.4285 -1.3355 -0.5120 52 199 89
-12.4127 -1.3122 -0.5004 52 199 89
-12.4183 -1.3281 -0.4772 52 199 89
-12.2100 -1.2109 0.2648 52 199 89
-12.2860 -1.2343 0.2376 52 199 89
-12.2697 -1.2510 0.1947 52 199 89
-12.3254 -1.3670 -0.3442 52 199 89
-12.3455 -1.2567 -0.2032 52 199 89
-12.3848 -1.1789 0.1001 52 199 89
-12.3386 -1.2510 0.0969 52 199 89
-12.4506 -1.3751 -0.2559 52 199 89
-12.4042 -1.2087 -0.0423 52 199 89
-12.3553 -1.2249 -0.0926 52 199 89
-12.3444 -1.2402 -0.1164 52 199 89
-12.0492 -1.0632 2.3317 52 199 89
-12.4540 -1.3558 -0.6350 52 199 89
-12.3902 -1.2144 2.0823 52 199 89
-12.2450 -1.1809 2.3791 52 199 89
-12.3304 -1.3484 -0.4275 52 199 89
-12.0386 -1.0475 2.3628 52 199 89
-12.2320 -1.2092 0.1459 52 199 89
-12.2564 -1.4490 -0.5901 52 199 89
-12.4219 -1.3229 -0.5681 52 199 89
-12.4295 -1.3230 -0.5149 52 199 89
-12.4356 -1.2020 0.5462 52 199 89
-12.1924 -1.4068 -0.6808 52 199 89
-12.4239 -1.2220 1.6733 52 199 89
-12.2679 -1.4495 -0.6094 52 199 89
-12.3545 -1.2285 -0.2186 52 199 89
-12.4448 -1.1814 0.9628 52 199 89
-12.4417 -1.1873 0.8393 52 199 89
-12.4248 -1.3135 -0.4189 52 199 89
-12.3321 -1.2265 0.6483 52 199 89
-12.3519 -1.1758 -0.1143 52 199 89
-12.3260 -1.3509 -0.3615 52 199 89
-12.3275 -1.2016 -0.0794 52 199 89
-12.2031 -1.1254 0.3878 52 199 89
-12.1991 -1.1864 0.3110 52 199 89
-12.4637 -1.2457 0.1450 52 199 89
-12.3351 -1.1785 0.2203 52 199 89
-12.3397 -1.2572 0.1157 52 199 89
-12.3902 -1.1727 0.0981 52 199 89
-12.1326 -1.2794 0.5513 52 199 89
-12.4210 -1.2282 1.5212 52 199 89
-12.2526 -1.0147 2.3941 52 199 89
-12.2666 -1.1783 2.0807 52 199 89
-12.2890 -1.4728 -0.6581 52 199 89
-12.3576 -1.1634 2.4113 52 199 89
-12.1941 -1.4135 -0.7691 52 199 89
-12.4194 -1.1717 0.3664 52 199 89
-12.3575 -1.1603 2.4794 52 199 89
-12.3116 -1.4579 -0.9565 52 199 89
-12.4224 -1.2410 1.6487 52 199 89
-12.1992 -1.4390 -0.6404 52 199 89
-12.4340 -1.1720 0.8523 52 199 89
-12.4378 -1.1659 0.7570 52 199 89
-12.3401 -1.1768 0.6938 52 199 89
-12.3321 -1.2206 0.6542 52 199 89
-12.4274 -1.1511 0.5465 52 199 89
-12.3591 -1.2101 0.5332 52 199 89
-12.4032 -1.1745 0.5181 52 199 89
-12.3798 -1.2352 0.4476 52 199 89
-12.3109 -1.3454 -0.3723 52 199 89
-12.2628 -1.1837 0.2025 52 199 89
-12.4205 -1.1608 0.3748 52 199 89
-12.3573 -1.1715 2.4571 52 199 89
-12.4492 -1.3585 -0.7816 52 199 89
-12.0632 -1.1297 2.2297 52 199 89
-12.5048 -1.1096 0.5659 52 199 89
-12.6567 -1.0627 0.1318 52 199 89
-12.8202 -1.0936 -0.1213 52 199 89
-12.7007 -1.0297 1.0963 52 199 89
-12.7986 -1.1070 0.0613 52 199 89
-12.8423 -1.1409 1.3290 52 199 89
-12.4916 -1.2007 -0.4890 52 199 89
-12.8560 -1.0925 0.9477 52 199 89
-12.8287 -1.1437 1.3551 52 199 89
-12.8571 -1.1027 0.6680 52 199 89
-12.7647 -1.1103 0.0451 52 199 89
-12.8579 -1.2140 0.8417 52 199 89
-12.6135 -1.0717 0.0504 52 199 89
-12.7836 -1.0645 2.8093 52 199 89
-12.8495 -1.2198 0.0639 52 199 89
-12.8485 -1.2580 0.8246 52 199 89
-12.8383 -1.1547 1.4134 52 199 89
-12.7568 -1.0648 2.3565 52 199 89
-12.6118 -0.9826 0.4362 52 199 89
-12.8553 -1.2238 -0.2939 52 199 89
-12.8340 -1.1534 1.3304 52 199 89
-12.8055 -1.0877 -0.3192 52 199 89
-12.7736 -1.0401 0.7669 52 199 89
-12.7248 -1.1205 -0.3824 52 199 89
-12.6847 -1.2451 -0.6291 52 199 89
-12.8601 -1.2238 -0.3386 52 199 89
-12.8452 -1.1288 1.4380 52 199 89
-12.6817 -1.0647 2.3186 52 199 89
-12.7281 -1.1102 -0.3531 52 199 89
-12.8332 -1.1353 2.2242 52 199 89
-12.7752 -1.0365 0.7786 52 199 89
-12.5982 -0.9878 0.3910 52 199 89
-12.8422 -1.2415 0.9050 52 199 89
-12.8290 -1.1407 1.4384 52 199 89
-12.7643 -1.0404 2.6535 52 199 89
-12.7238 -1.1255 -0.0495 52 199 89
-12.8438 -1.2303 0.3735 52 199 89
-12.8461 -1.2473 0.3625 52 199 89
-12.6154 -1.0729 0.0706 52 199 89
-12.8202 -1.0826 0.4461 52 199 89
-12.5918 -1.3730 -1.0181 52 199 89
-12.8508 -1.1997 -0.0465 52 199 89
-12.8500 -1.1636 0.4347 52 199 89
-12.8426 -1.3378 -1.0195 52 199 89
-12.8430 -1.1025 -0.0455 52 199 89
-12.5897 -1.3759 -0.8317 52 199 89
-12.5751 -1.3613 -0.8386 52 199 89
-12.8112 -1.2869 -0.9669 52 199 89
-12.6971 -1.0608 2.5286 52 199 89
-12.6455 -1.1011 2.4213 52 199 89
-12.8656 -1.1004 0.0901 52 199 89
-12.6526 -1.0719 2.2057 52 199 89
-12.5697 -1.3708 -0.8060 52 199 89
-12.5686 -1.3641 -0.8072 52 199 89
-12.5808 -1.3703 -0.8002 52 199 89
-12.7017 -1.0300 1.1284 52 199 89
-12.4950 -1.2800 -0.8697 52 199 89
-12.5736 -1.3728 -0.7843 52 199 89
-12.4954 -1.2959 -0.8303 52 199 89
-12.5750 -1.3733 -0.7694 52 199 89
-12.7901 -1.1219 2.1332 52 199 89
-12.8595 -1.1272 0.4883 52 199 89
-12.8519 -1.2372 0.4378 52 199 89
-12.8264 -1.0914 0.5107 52 199 89
-12.5892 -1.3811 -0.7577 52 199 89
-12.7678 -1.0670 0.8902 52 199 89
-12.5072 -1.2754 -0.8371 52 199 89
-12.7748 -1.0241 0.9353 52 199 89
-12.6827 -1.2441 -0.8358 52 199 89
-12.7861 -1.2281 -0.7433 52 199 89
-12.5136 -1.2807 -0.6407 52 199 89
-12.6999 -1.0622 2.4755 52 199 89
-12.6874 -1.2603 -0.6334 52 199 89
-12.6739 -1.2523 -0.6072 52 199 89
-12.8448 -1.1113 0.8906 52 199 89
-12.6505 -1.0771 2.4067 52 199 89
-12.8033 -1.2452 -0.6281 52 199 89
-12.8530 -1.1794 -0.0024 52 199 89
-12.8620 -1.2156 0.5103 52 199 89
-12.5787 -1.0273 0.1797 52 199 89
-12.5020 -1.1087 0.5377 52 199 89
-12.7796 -1.0237 0.6258 52 199 89
-12.7835 -1.1522 -0.6343 52 199 89
-12.6853 -1.2737 -0.5417 52 199 89
-12.8576 -1.2231 0.0722 52 199 89
-12.7474 -1.0644 2.4293 52 199 89
-12.8369 -1.1584 1.8759 52 199 89
-12.4964 -1.1382 0.5486 52 199 89
-12.7744 -1.1492 2.0868 52 199 89
-12.8302 -1.1195 -0.1771 52 199 89
-12.6038 -1.1005 1.8502 52 199 89
-12.8667 -1.1104 -0.1693 52 199 89
-12.8185 -1.0958 -0.1568 52 199 89
-12.8489 -1.2650 0.7916 52 199 89
-12.8548 -1.2605 0.7995 52 199 89
-12.8602 -1.1230 0.1374 52 199 89
-12.8445 -1.1228 1.3486 52 199 89
-12.7756 -1.1376 0.6229 52 199 89
-12.8171 -1.0885 -0.1560 52 199 89
-12.5968 -0.9903 0.3168 52 199 89
-12.8661 -1.0893 0.0633 52 199 89
-12.8011 -1.2740 -0.6908 52 199 89
-12.8445 -1.1380 2.1776 52 199 89
-12.5565 -0.9745 2.2107 52 199 89
-12.6704 -1.0872 2.3100 52 199 89
-12.6812 -1.0798 2.3207 52 199 89
-12.6176 -1.0364 -0.0993 52 199 89
-12.6679 -1.0805 2.3023 52 199 89
-12.7264 -1.0799 -0.3057 52 199 89
-12.5568 -1.3631 -0.7399 52 199 89
-12.7686 -1.0376 0.7820 52 199 89
-12.8156 -1.1435 2.1927 52 199 89
-12.8623 -1.1179 0.4320 52 199 89
-12.8305 -1.1472 1.5743 52 199 89
-12.4846 -1.2847 -0.8481 52 199 89
-12.8762 -1.2732 1.8657 52 199 89
-12.7795 -1.0366 1.0265 52 199 89
-12.7800 -1.1164 -0.0519 52 199 89
-12.8537 -1.2756 0.4099 52 199 89
-12.7194 -1.0861 2.4594 52 199 89
-12.6485 -1.0672 2.2177 52 199 89
-12.7159 -1.0490 1.1935 52 199 89
-12.8664 -1.2501 0.4676 52 199 89
-12.5634 -0.9401 2.2862 52 199 89
-12.7432 -1.1221 0.1713 52 199 89
-12.5360 -1.2798 -1.2599 52 199 89
-12.5168 -1.2985 -1.1066 52 199 89
-12.8330 -1.1332 2.1717 52 199 89
-12.7829 -1.1638 2.2559 52 199 89
-12.7786 -1.0859 2.3263 52 199 89
-12.7765 -1.0825 2.3475 52 199 89
-12.8175 -1.0752 0.4577 52 199 89
-12.6538 -1.0363 2.2547 52 199 89
-12.7262 -1.0583 0.9856 52 199 89
-12.8483 -1.2596 0.7947 52 199 89
-12.8539 -1.1207 0.9134 52 199 89
-12.7578 -1.0639 2.3441 52 199 89
-12.8427 -1.3375 -1.0215 52 199 89
-12.8628 -1.1145 0.8698 52 199 89
-12.8424 -1.2437 0.8701 52 199 89
-12.7193 -1.0989 -0.0118 52 199 89
-12.5936 -1.3740 -0.9839 52 199 89
-12.7823 -1.0183 0.9164 52 199 89
-12.7703 -1.0273 0.8846 52 199 89
-12.7903 -1.1206 0.3991 52 199 89
-12.7805 -1.1446 2.0909 52 199 89
-12.8467 -1.3354 -0.9815 52 199 89
-12.8058 -1.1084 -0.4220 52 199 89
-12.7600 -1.0741 0.3946 52 199 89
-12.7285 -1.1077 -0.3906 52 199 89
-12.7768 -1.0329 0.7636 52 199 89
-12.7280 -1.1274 0.0686 52 199 89
-12.8360 -1.1178 1.3775 52 199 89
-12.8567 -1.2306 -0.3326 52 199 89
-12.6059 -0.9860 0.3981 52 199 89
-12.7553 -1.0718 2.3421 52 199 89
-12.7673 -1.1199 0.6422 52 199 89
-12.7956 -1.1092 2.1660 52 199 89
-12.8364 -1.2873 0.0694 52 199 89
-12.6836 -1.0398 0.3183 52 199 89
-12.5004 -1.0975 0.5659 52 199 89
-12.7841 -1.1493 -0.5994 52 199 89
-12.6688 -1.2593 -0.5089 52 199 89
-12.5747 -1.3684 -0.7919 52 199 89
-12.8276 -1.0876 0.5092 52 199 89
-12.8603 -1.2459 0.8115 52 199 89
-12.8576 -1.1410 0.4535 52 199 89
-12.4923 -1.1916 -0.4976 52 199 89
-12.7161 -1.0256 2.4429 52 199 89
-12.6579 -1.0096 2.8406 52 199 89
-12.8571 -1.1680 0.7515 52 199 89
-12.6446 -1.0692 2.6340 52 199 89
-12.8697 -1.0951 0.7264 52 199 89
-12.7736 -1.0381 0.9786 52 199 89
-12.8659 -1.1100 -0.3073 52 199 89
-12.8484 -1.2183 -0.2652 52 199 89
-12.7977 -1.1034 -0.2437 52 199 89
-12.8021 -1.2472 -0.6292 52 199 89
-12.8736 -1.2362 0.9196 52 199 89
-12.8488 -1.2153 0.1678 52 199 89
-12.6876 -1.0931 2.4581 52 199 89
-12.6508 -1.0801 2.4729 52 199 89
-12.7208 -1.0877 -0.1607 52 199 89
-12.8513 -1.1441 0.4978 52 199 89
-12.6202 -1.0221 -0.1177 52 199 89
-12.5075 -1.2762 -0.8338 52 199 89
-12.8458 -1.1431 1.3208 52 199 89
-12.8184 -1.1374 2.2043 52 199 89
-12.7703 -1.0194 0.8823 52 199 89
-12.7708 -1.0303 0.7838 52 199 89
-12.8616 -1.1520 0.6472 52 199 89
-12.5622 -1.3608 -0.7367 52 199 89
-12.4866 -1.2853 -0.8473 52 199 89
-12.7785 -1.0862 2.3265 52 199 89
-12.8538 -1.2091 0.5451 52 199 89
-12.8184 -1.0957 0.0798 52 199 89
-12.7040 -1.0907 2.3086 52 199 89
-12.4795 -1.2822 -0.8764 52 199 89
-12.8332 -1.1373 1.8728 52 199 89
-12.8388 -1.1357 2.2564 52 199 89
-12.7654 -1.0878 2.6998 52 199 89
-12.8338 -1.3243 -1.0652 52 199 89
-12.8710 -1.1189 0.7600 52 199 89
-12.7158 -1.0970 2.4327 52 199 89
-12.8419 -1.1433 2.1661 52 199 89
-12.7814 -1.0174 1.0979 52 199 89
-12.8066 -1.2173 -0.7694 52 199 89
-12.7824 -1.1658 2.2505 52 199 89
-12.8158 -1.1155 0.0871 52 199 89
-12.8589 -1.2038 -0.3291 52 199 89
-12.6516 -1.0768 2.4140 52 199 89
-12.7196 -1.0368 1.2049 52 199 89
-12.8466 -1.3074 -0.8825 52 199 89
-12.7718 -1.0963 0.4166 52 199 89
-12.8491 -1.1044 0.6931 52 199 89
-12.6538 -1.0468 2.7437 52 199 89
-12.7180 -1.1356 -0.1908 52 199 89
-12.7304 -1.1014 -0.2039 52 199 89
-12.7742 -1.0847 2.6646 52 199 89
-12.7861 -1.0673 2.6820 52 199 89
-12.6125 -1.0462 -0.0664 52 199 89
-12.8217 -1.0960 0.4767 52 199 89
-12.7810 -1.1262 0.6296 52 199 89
-12.7745 -1.0407 0.6331 52 199 89
-12.8211 -1.1022 -0.1491 52 199 89
-12.6861 -1.0982 2.4471 52 199 89
-12.7598 -1.0927 0.5649 52 199 89
-12.5039 -1.1219 0.5197 52 199 89
-12.8634 -1.2179 0.4416 52 199 89
-12.8162 -1.0824 0.5287 52 199 89
-12.8665 -1.0961 -0.1091 52 199 89
-12.5115 -1.2961 -1.1308 52 199 89
-12.7478 -1.0690 0.5223 52 199 89
-12.5979 -1.3744 -1.0383 52 199 89
-12.7219 -1.1257 0.1454 52 199 89
-12.8306 -1.3035 -1.0221 52 199 89
-12.8492 -1.3363 -0.9779 52 199 89
-12.5920 -1.3682 -0.8495 52 199 89
-12.7905 -1.2540 -0.7291 52 199 89
-12.8555 -1.2547 0.0698 52 199 89
-12.8386 -1.1299 1.3156 52 199 89
-12.8784 -1.2279 0.9241 52 199 89
-12.4838 -1.2889 -0.8592 52 199 89
-12.7526 -1.0717 2.3786 52 199 89
-12.8017 -1.1751 2.1375 52 199 89
-12.6826 -1.2639 -0.9184 52 199 89
-12.4943 -1.2937 -0.8349 52 199 89
-12.5956 -1.3603 -0.7886 52 199 89
-12.5566 -1.3664 -0.7357 52 199 89
-12.6486 -1.0795 2.4369 52 199 89
-12.8327 -1.1917 -0.8038 52 199 89
-12.8009 -1.2509 -0.7225 52 199 89
-12.6518 -1.0784 2.2011 52 199 89
-12.6848 -1.2672 -0.5890 52 199 89
-12.8094 -1.2404 -0.6575 52 199 89
-12.7980 -1.2803 -0.6197 52 199 89
-12.8531 -1.2045 0.1271 52 199 89
-12.8033 -1.2456 -0.6257 52 199 89
-12.6682 -1.2594 -0.5611 52 199 89
-12.7756 -1.0771 0.5348 52 199 89
-12.7869 -1.1435 -0.6429 52 199 89
-12.7792 -1.1476 2.0835 52 199 89
-12.7416 -1.0831 2.3494 52 199 89
-12.8566 -1.1196 -0.0217 52 199 89
-12.6727 -1.0489 0.2676 52 199 89
-12.8423 -1.1475 0.0698 52 199 89
-12.6828 -1.0446 0.2996 52 199 89
-12.8157 -1.0834 0.2942 52 199 89
-12.8554 -1.2440 -0.3799 52 199 89
-12.6166 -1.0410 0.0520 52 199 89
-12.5935 -0.9965 0.3515 52 199 89
-12.6017 -0.9699 0.3881 52 199 89
-12.7392 -1.1113 -0.3545 52 199 89
-12.6968 -1.0498 1.1197 52 199 89
-12.8111 -1.1160 0.0030 52 199 89
-12.6068 -0.9780 0.4024 52 199 89
-12.7270 -1.1285 -0.0033 52 199 89
-12.8715 -1.2493 0.8282 52 199 89
-12.8606 -1.2090 0.8507 52 199 89
-12.7750 -1.1016 -0.2986 52 199 89
-12.5809 -1.0214 -0.0233 52 199 89
-12.8666 -1.2115 0.8394 52 199 89
-12.8585 -1.1116 0.9207 52 199 89
-12.8663 -1.0965 -0.3130 52 199 89
-12.7712 -1.0313 0.8484 52 199 89
-12.8580 -1.1648 0.7576 52 199 89
-12.7766 -1.0349 0.7611 52 199 89
-12.7672 -1.1200 0.6915 52 199 89
-12.8314 -1.0790 0.4155 52 199 89
-12.8385 -1.1483 2.1601 52 199 89
-12.7947 -0.9869 1.1786 52 199 89
-12.8500 -1.1984 -0.3090 52 199 89
-12.8631 -1.1914 2.3068 52 199 89
-12.6829 -1.2472 -0.8464 52 199 89
-12.7242 -1.1458 -0.0633 52 199 89
-12.7006 -1.0695 2.5013 52 199 89
-12.7260 -1.1329 0.0439 52 199 89
-12.7839 -1.0376 0.9584 52 199 89
-12.7803 -1.0250 0.9670 52 199 89
-12.8478 -1.1074 0.8952 52 199 89
-12.7512 -1.0891 2.2984 52 199 89
-12.5161 -1.3052 -1.0840 52 199 89
-12.8315 -1.3024 -1.0217 52 199 89
-12.7812 -1.1172 0.4101 52 199 89
-12.8550 -1.1263 0.6901 52 199 89
-12.7931 -1.0977 0.6508 52 199 89
-12.7490 -1.1292 -0.1771 52 199 89
-12.8364 -1.1219 1.3176 52 199 89
-12.6143 -0.9938 -0.0769 52 199 89
-12.6878 -1.2562 -0.6359 52 199 89
-12.8215 -1.0658 0.4155 52 199 89
-12.8033 -1.2701 -0.6275 52 199 89
-12.8208 -1.0722 0.5313 52 199 89
-12.7648 -1.0698 0.5202 52 199 89
-12.7921 -1.1319 -0.6531 52 199 89
-12.6494 -1.2603 -0.5468 52 199 89
-12.7906 -1.1358 -0.6027 52 199 89
-12.8199 -1.0853 0.4438 52 199 89
-12.8619 -1.2330 -0.3900 52 199 89
-12.8642 -1.2550 0.8127 52 199 89
-12.7700 -1.1035 0.4163 52 199 89
-12.7554 -1.0872 0.4007 52 199 89
-12.8060 -1.1121 -0.4035 52 199 89
-12.8605 -1.2256 -0.3300 52 199 89
-12.7845 -1.0804 -0.3621 52 199 89
-12.7793 -1.0753 -0.3393 52 199 89
-12.8594 -1.2209 -0.3001 52 199 89
-12.8074 -1.0795 -0.3204 52 199 89
-12.6800 -1.0562 0.3089 52 199 89
-12.8390 -1.1026 -0.1974 52 199 89
-12.8139 -1.1068 -0.1413 52 199 89
-12.8584 -1.0816 0.6722 52 199 89
-12.7215 -1.1302 -0.0408 52 199 89
-12.8263 -1.1430 1.3430 52 199 89
-12.8599 -1.1093 0.9284 52 199 89
-12.8401 -1.1136 1.4258 52 199 89
-12.7718 -1.1089 0.7037 52 199 89
-12.6702 -1.0580 0.2666 52 199 89
-12.7611 -1.0567 2.4544 52 199 89
-12.8617 -1.2465 -0.3591 52 199 89
-12.8601 -1.1787 0.0233 52 199 89
-12.8054 -1.2536 -0.7479 52 199 89
-12.8474 -1.2527 0.4955 52 199 89
-12.8019 -1.0992 0.0580 52 199 89
-12.8540 -1.1891 -0.3054 52 199 89
-12.8011 -1.0912 0.4204 52 199 89
-12.6198 -1.0248 0.0458 52 199 89
-12.7808 -1.1806 2.2008 52 199 89
-12.8590 -1.1776 0.7680 52 199 89
-12.6537 -1.0600 2.7310 52 199 89
-12.7344 -1.1099 0.0757 52 199 89
-12.7775 -1.1425 0.6747 52 199 89
-12.7948 -1.2458 -0.7305 52 199 89
-12.8390 -1.0691 -0.2588 52 199 89
-12.7812 -1.0167 1.0878 52 199 89
-12.7269 -1.0748 -0.2838 52 199 89
-12.7782 -1.0788 -0.0083 52 199 89
-12.7401 -1.0735 0.5340 52 199 89
-12.8667 -1.1832 2.3311 52 199 89
-12.8543 -1.1997 0.0754 52 199 89
-12.8464 -1.2448 0.6230 52 199 89
-12.5090 -1.2924 -1.1278 52 199 89
-12.5796 -1.3575 -0.8049 52 199 89
-12.5658 -1.3761 -0.7683 52 199 89
-12.6573 -1.0645 0.0999 52 199 89
-12.8127 -1.1158 0.0947 52 199 89
-12.6413 -0.9763 0.1424 52 199 89
-12.8030 -1.2415 -0.7449 52 199 89
-12.8546 -1.1880 -0.0232 52 199 89
-12.8586 -1.1309 0.1563 52 199 89
-12.5902 -0.9764 0.2126 52 199 89
-12.7748 -1.0900 0.0421 52 199 89
-12.8443 -1.2816 0.1724 52 199 89
-12.8180 -1.2778 -0.9881 52 199 89
-12.6844 -1.0585 0.2278 52 199 89
-12.7252 -1.1188 -0.0449 52 199 89
-12.5948 -0.9769 0.2807 52 199 89
-12.7851 -1.2900 -0.5764 52 199 89
-12.6520 -1.2738 -0.5559 52 199 89
-12.6796 -1.0420 0.2947 52 199 89
-12.5961 -0.9819 -0.1159 52 199 89
-12.7631 -1.0564 2.3671 52 199 89
-12.7472 -1.0727 2.3262 52 199 89
-12.8177 -1.1200 -0.4100 52 199 89
-12.8307 -1.1354 1.2890 52 199 89
-12.8660 -1.2487 0.9296 52 199 89
-12.7839 -1.0187 1.1323 52 199 89
-12.7366 -1.0794 -0.1924 52 199 89
-12.5173 -1.2956 -1.0920 52 199 89
-12.7938 -0.9883 0.9863 52 199 89
-12.8458 -1.2253 0.7174 52 199 89
-12.4878 -1.1002 0.6310 52 199 89
-12.8592 -1.0817 0.6687 52 199 89
-12.7837 -1.1189 0.6351 52 199 89
-12.7569 -1.0479 0.6554 52 199 89
-12.8175 -1.1090 0.5261 52 199 89
-12.8677 -1.1190 0.4967 52 199 89
-12.7039 -1.0478 2.5243 52 199 89
-12.8565 -1.1887 0.0364 52 199 89
-12.7697 -1.1171 0.7008 52 199 89
-12.8552 -1.2255 0.8515 52 199 89
-12.7904 -1.2596 -0.6844 52 199 89
-12.6736 -1.0566 0.0125 52 199 89
-12.7884 -1.1636 2.2453 52 199 89
-12.8688 -1.1793 2.2905 52 199 89
-12.8583 -1.2644 0.4751 52 199 89
-12.5238 -0.9846 2.8406 52 199 89
-12.8733 -1.1417 -0.0264 52 199 89
-12.6051 -1.0666 0.0333 52 199 89
-12.8512 -1.2681 0.0286 52 199 89
-12.7711 -1.1074 0.0542 52 199 89
-12.6263 -1.0444 0.0810 52 199 89
-12.6480 -1.0754 2.6398 52 199 89
-12.8560 -1.1407 0.1499 52 199 89
-12.7339 -1.1114 0.1665 52 199 89
-12.5553 -1.3339 -1.2721 52 199 89
-12.6157 -1.3583 -1.1986 52 199 89
-12.5958 -1.3862 -1.0180 52 199 89
-12.5173 -1.2955 -1.0920 52 199 89
-12.5758 -1.3554 -0.8152 52 199 89
-12.5676 -1.3678 -0.7871 52 199 89
-12.5840 -1.3600 -0.7943 52 199 89
-12.5078 -1.2764 -0.8432 52 199 89
-12.5919 -1.3805 -0.7624 52 199 89
-12.5840 -1.3759 -0.7476 52 199 89
-12.7924 -1.2503 -0.5950 52 199 89
-12.7879 -1.1465 -0.6289 52 199 89
-12.7757 -1.2241 1.9919 52 199 89
-12.8488 -1.2632 -0.3347 52 199 89
-12.8366 -1.2498 0.8824 52 199 89
-12.8639 -1.0717 1.0308 52 199 89
-12.8513 -1.1021 0.8983 52 199 89
-12.7845 -1.0169 0.8477 52 199 89
-12.8573 -1.1555 0.7406 52 199 89
-12.8624 -1.0940 0.7247 52 199 89
-12.8498 -1.2260 0.5951 52 199 89
-12.8641 -1.1087 0.6396 52 199 89
-12.7295 -1.1000 -0.1728 52 199 89
-12.8366 -1.2495 0.5160 52 199 89
-12.8643 -1.0902 0.5853 52 199 89
-12.8582 -1.1420 0.5143 52 199 89
-12.8460 -1.1861 0.4567 52 199 89
-12.6795 -1.0353 0.4073 52 199 89
-12.7223 -1.1270 -0.0411 52 199 89
-12.8537 -1.2332 0.6375 52 199 89
-12.8805 -1.0570 0.5160 52 199 89
-12.8124 -1.1155 0.0866 52 199 89
-12.8168 -1.2879 -0.8990 52 199 89
-12.7439 -1.1122 0.1704 52 199 89
-12.7921 -1.2297 -0.6451 52 199 89
-12.6314 -0.9871 2.0925 52 199 89
-12.8082 -1.1256 0.0307 52 199 89
-12.7762 -1.0841 2.7590 52 199 89
-12.8712 -1.1294 0.6814 52 199 89
-12.7003 -1.2482 -0.6376 52 199 89
-12.6902 -1.2528 -0.5586 52 199 89
-12.8151 -1.2542 -0.5225 52 199 89
-12.8316 -1.2590 -0.4308 52 199 89
-12.8028 -1.1272 -0.3872 52 199 89
-12.8722 -1.2036 -0.3179 52 199 89
-12.6562 -1.0778 2.2441 52 199 89
-12.7970 -1.1011 -0.2768 52 199 89
-12.8269 -1.1582 1.4221 52 199 89
-12.8466 -1.1174 1.0977 52 199 89
-12.8526 -1.2272 0.8900 52 199 89
-12.8770 -1.1474 0.7772 52 199 89
-12.8511 -1.0983 0.6643 52 199 89
-12.7737 -1.1225 0.6456 52 199 89
-12.8770 -1.0839 0.6584 52 199 89
-12.8328 -1.1512 -0.1295 52 199 89
-12.7940 -1.1078 0.4186 52 199 89
-12.6932 -1.0236 0.4455 52 199 89
-12.6716 -1.0628 0.3982 52 199 89
-12.6103 -1.0122 0.4139 52 199 89
-12.8673 -1.0262 0.3345 52 199 89
-12.6015 -0.9461 0.2783 52 199 89
-12.7816 -1.0809 0.0415 52 199 89
-12.5007 -1.2682 -0.7819 52 199 89
-12.6749 -1.2234 -0.9325 52 199 89
-12.5071 -1.2741 -0.8477 52 199 89
-12.6165 -1.3559 -1.2032 52 199 89
-12.5584 -1.3190 -1.3074 52 199 89
-12.8087 -1.1143 -0.3949 52 199 89
-12.6464 -1.1153 2.1641 52 199 89
-12.8334 -1.1450 1.5651 52 199 89
-12.8309 -1.1506 1.4443 52 199 89
-12.8486 -1.0984 0.6298 52 199 89
-12.7554 -1.0593 0.6398 52 199 89
-12.8653 -1.0860 0.5674 52 199 89
-12.7520 -1.0580 0.2773 52 199 89
-12.7845 -1.0746 0.0525 52 199 89
-12.7993 -1.0979 0.0536 52 199 89
-12.6389 -0.9415 0.4590 52 199 89
-11.9976 -1.1970 2.7039 52 199 89
-12.0890 -1.0721 0.1468 52 199 89
-12.0837 -1.0712 0.0967 52 199 89
-12.3707 -0.9970 -0.3707 52 199 89
-12.3792 -1.0309 0.2442 52 199 89
-12.1270 -1.0996 -0.3438 52 199 89
-12.2682 -0.9877 2.5431 52 199 89
-12.3500 -0.9347 1.4976 52 199 89
-12.3225 -1.0000 0.2575 52 199 89
-12.3498 -0.9987 1.4227 52 199 89
-12.3553 -1.0496 1.3576 52 199 89
-12.3811 -1.0554 0.2807 52 199 89
-12.3087 -1.0149 0.2990 52 199 89
-12.3681 -1.0315 -0.0528 52 199 89
-12.2554 -1.1115 -0.2701 52 199 89
-12.4067 -1.2210 -1.1712 52 199 89
-12.3958 -1.0856 -0.2871 52 199 89
-12.4092 -1.1434 -0.5057 52 199 89
-12.1914 -1.0912 2.0372 52 199 89
-12.3159 -1.0924 -0.8464 52 199 89
-12.1462 -1.1644 1.5765 52 199 89
-12.3865 -1.1698 -0.8516 52 199 89
-12.2240 -1.0513 2.2712 52 199 89
-12.3179 -0.9936 0.2578 52 199 89
-12.3743 -1.0735 -0.2422 52 199 89
-12.3972 -1.0720 -0.2331 52 199 89
-12.1674 -1.1032 -0.0786 52 199 89
-12.3867 -1.1929 -0.8135 52 199 89
-12.3739 -1.0563 0.2296 52 199 89
-12.3888 -1.0934 -0.2200 52 199 89
-12.1593 -1.0736 2.1951 52 199 89
-12.2259 -1.0839 0.7521 52 199 89
-12.2601 -1.1187 -0.1872 52 199 89
-12.3795 -1.0603 0.2202 52 199 89
-12.3718 -1.0357 -0.0873 52 199 89
-12.1725 -1.0523 0.1129 52 199 89
-12.3195 -0.9869 0.2306 52 199 89
-12.2931 -1.2699 -0.8259 52 199 89
-12.3893 -1.1839 -0.9097 52 199 89
-12.3585 -1.1623 -0.9412 52 199 89
-12.3864 -1.1840 -0.9252 52 199 89
-12.2385 -1.0202 2.1891 52 199 89
-12.3699 -1.1639 -0.9512 52 199 89
-12.1857 -1.0630 2.1169 52 199 89
-12.2833 -1.0827 2.0265 52 199 89
-12.2289 -0.9865 2.2561 52 199 89
-12.2501 -0.8626 2.5032 52 199 89
-12.1929 -1.0824 2.0590 52 199 89
-12.3615 -0.9923 -0.1271 52 199 89
-12.3574 -1.1869 -0.9296 52 199 89
-12.3803 -1.1739 -0.9453 52 199 89
-12.4055 -1.1635 -0.1422 52 199 89
-12.1347 -1.1097 -0.1546 52 199 89
-12.3219 -0.6117 2.8328 52 199 89
-12.2810 -1.0706 0.1805 52 199 89
-12.1631 -1.0846 1.9575 52 199 89
-12.2828 -1.2330 -1.1301 52 199 89
-12.3584 -1.0302 -0.1482 52 199 89
-12.3419 -0.9194 2.2166 52 199 89
-12.2831 -1.2434 -1.1715 52 199 89
-12.4108 -1.2125 -1.1546 52 199 89
-12.3218 -1.0541 -0.1298 52 199 89
-12.3483 -1.0359 1.1527 52 199 89
-12.3548 -1.0355 1.1066 52 199 89
-12.0888 -1.0720 -0.6433 52 199 89
-12.2505 -1.0954 -0.6046 52 199 89
-12.4006 -1.1218 -0.0000 52 199 89
-12.3153 -1.0628 -0.6074 52 199 89
-12.2499 -0.9617 0.9231 52 199 89
-12.2475 -0.9655 0.9111 52 199 89
-12.1910 -1.0508 0.8401 52 199 89
-12.4163 -1.1457 -0.5336 52 199 89
-12.1103 -1.0662 0.1681 52 199 89
-12.2255 -1.0696 0.7577 52 199 89
-12.2409 -1.0133 0.7798 52 199 89
-12.2240 -1.0704 0.7303 52 199 89
-12.4159 -1.1595 0.1353 52 199 89
-12.2496 -0.9847 0.7717 52 199 89
-12.2185 -1.0372 0.7380 52 199 89
-12.3982 -1.1282 -0.5160 52 199 89
-12.3568 -1.0069 0.7191 52 199 89
-12.2523 -0.9471 0.7822 52 199 89
-12.4058 -1.1904 0.5728 52 199 89
-12.3514 -1.0402 0.6618 52 199 89
-12.3496 -1.0246 0.6706 52 199 89
-12.4161 -1.1799 0.5501 52 199 89
-12.4193 -1.1780 0.5431 52 199 89
-12.2526 -0.9885 0.6874 52 199 89
-12.2397 -0.9844 0.6625 52 199 89
-12.2381 -1.0951 -0.5203 52 199 89
-12.2805 -1.0709 -0.5195 52 199 89
-12.4035 -1.1413 -0.4692 52 199 89
-12.0867 -1.0768 0.0241 52 199 89
-12.3613 -1.0018 -0.5322 52 199 89
-12.3063 -1.0349 -0.5108 52 199 89
-12.3616 -0.9980 0.5258 52 199 89
-12.3475 -0.9908 0.4750 52 199 89
-12.3830 -1.0438 0.4305 52 199 89
-12.2809 -1.0176 0.4401 52 199 89
-12.3154 -1.0443 -0.4272 52 199 89
-12.2719 -1.0587 -0.4005 52 199 89
-12.3097 -1.0185 0.0564 52 199 89
-12.1201 -1.0907 -0.3860 52 199 89
-12.0858 -1.2708 0.2795 52 199 89
-12.2569 -0.9484 2.3836 52 199 89
-12.4007 -1.1376 0.1239 52 199 89
-12.3268 -0.8195 2.4876 52 199 89
-12.4078 -1.2253 -1.1782 52 199 89
-12.3759 -1.1860 -0.9549 52 199 89
-12.2144 -1.0486 0.9253 52 199 89
-12.1538 -1.1152 -0.1006 52 199 89
-12.3024 -1.0780 0.3728 52 199 89
-12.3606 -0.9945 1.7006 52 199 89
-12.2710 -1.0821 -0.5573 52 199 89
-12.3693 -1.0422 0.0083 52 199 89
-12.3614 -0.9742 0.4734 52 199 89
-12.3708 -1.0258 -0.4216 52 199 89
-12.3458 -1.0180 1.2798 52 199 89
-12.3238 -1.0164 -0.3744 52 199 89
-12.3514 -1.0122 1.3407 52 199 89
-12.1530 -1.0740 1.9705 52 199 89
-12.3528 -1.0278 -0.2554 52 199 89
-12.4207 -1.1311 -0.5812 52 199 89
-12.3664 -1.0197 0.0797 52 199 89
-12.0995 -1.0579 0.1975 52 199 89
-12.2566 -1.1027 -0.1873 52 199 89
-12.4000 -1.2083 -0.7808 52 199 89
-11.9946 -1.1824 2.3147 52 199 89
-12.3585 -1.1580 -0.9488 52 199 89
-12.2581 -0.9840 0.7615 52 199 89
-12.2621 -0.9418 2.6628 52 199 89
-12.2507 -1.0968 -0.4210 52 199 89
-12.2701 -0.9437 0.7528 52 199 89
-12.0873 -1.0987 -0.0263 52 199 89
-12.2626 -1.1025 -0.4160 52 199 89
-12.3508 -1.0356 0.6644 52 199 89
-12.3156 -1.0423 -0.4365 52 199 89
-12.3668 -1.0308 0.6449 52 199 89
-12.2811 -1.2309 -1.1943 52 199 89
-12.2802 -1.0622 -0.1720 52 199 89
-12.2489 -1.0063 0.6489 52 199 89
-12.0980 -1.1069 -0.3571 52 199 89
-12.4148 -1.1459 -0.1522 52 199 89
-12.2456 -0.9905 0.6227 52 199 89
-12.2553 -1.0108 0.5780 52 199 89
-12.4098 -1.1371 -0.5156 52 199 89
-12.3142 -1.0399 -0.6373 52 199 89
-12.3605 -1.0071 -0.3187 52 199 89
-12.0860 -1.0750 0.0229 52 199 89
-12.1440 -1.0565 1.5941 52 199 89
-12.2418 -1.0159 0.4551 52 199 89
-12.3018 -1.0576 0.4073 52 199 89
-12.3771 -1.0696 -0.1478 52 199 89
-12.2520 -0.9877 0.4099 52 199 89
-12.3450 -1.0167 1.1791 52 199 89
-12.3472 -1.0426 1.0975 52 199 89
-12.2464 -1.0454 0.3374 52 199 89
-12.2535 -0.9969 0.3391 52 199 89
-12.2395 -1.1013 -0.5161 52 199 89
-12.2794 -1.2304 -1.1361 52 199 89
-12.3087 -1.0124 0.2965 52 199 89
-12.2727 -1.0670 -0.3998 52 199 89
-12.3623 -1.0465 -0.4406 52 199 89
-12.1513 -1.0584 2.4933 52 199 89
-12.2977 -1.0379 0.2081 52 199 89
-12.4041 -1.1126 -0.4928 52 199 89
-12.3618 -1.0024 0.5231 52 199 89
-12.3764 -1.1852 -0.9499 52 199 89
-12.3215 -1.0023 0.2017 52 199 89
-12.1517 -1.0766 1.5187 52 199 89
-12.3789 -1.1814 -0.8298 52 199 89
-12.2521 -0.9739 0.3024 52 199 89
-12.3468 -0.9926 1.2771 52 199 89
-12.2460 -0.9843 0.5570 52 199 89
-12.1677 -1.1117 2.3629 52 199 89
-12.2494 -0.9765 0.9016 52 199 89
-12.2492 -0.9591 0.9271 52 199 89
-12.1842 -1.0995 0.0569 52 199 89
-12.4209 -1.1276 -0.5852 52 199 89
-12.3668 -1.0121 -0.1357 52 199 89
-12.3828 -1.0902 -0.2224 52 199 89
-12.4037 -1.1521 0.2947 52 199 89
-12.3532 -1.0171 1.3167 52 199 89
-12.3516 -1.0212 -0.2630 52 199 89
-12.1403 -1.0472 1.7507 52 199 89
-12.3709 -1.0091 -0.3611 52 199 89
-12.1182 -1.0728 -0.3525 52 199 89
-12.2857 -1.0331 -0.5705 52 199 89
-12.3681 -1.0251 -0.3765 52 199 89
-12.3227 -1.0847 0.2242 52 199 89
-12.3704 -1.0099 -0.4355 52 199 89
-12.3375 -1.0077 -0.6128 52 199 89
-12.1541 -1.0607 2.4095 52 199 89
-12.2408 -0.9891 0.6588 52 199 89
-12.2409 -1.0118 0.7780 52 199 89
-12.2262 -1.0703 0.7167 52 199 89
-12.1560 -1.0637 2.2501 52 199 89
-12.3134 -1.0025 -0.3791 52 199 89
-12.4116 -1.2072 -0.7197 52 199 89
-12.3605 -1.0459 1.2260 52 199 89
-12.0813 -1.0592 -0.6229 52 199 89
-11.9966 -1.1821 2.6845 52 199 89
-12.2188 -1.0519 0.7689 52 199 89
-11.9891 -1.1627 1.9323 52 199 89
-12.3827 -1.0181 0.4381 52 199 89
-12.4018 -1.1581 -0.4134 52 199 89
-12.2103 -1.0307 0.9389 52 199 89
-12.2732 -1.0173 2.1698 52 199 89
-12.4067 -1.1580 0.1390 52 199 89
-12.3748 -0.9196 1.8367 52 199 89
-12.2708 -1.0215 -0.1595 52 199 89
-12.3172 -1.0306 0.2227 52 199 89
-12.3211 -1.0303 0.2223 52 199 89
-12.4064 -1.2152 -1.1589 52 199 89
-12.4054 -1.2295 -1.1278 52 199 89
-12.2810 -1.2410 -1.1422 52 199 89
-12.2788 -1.2281 -1.1403 52 199 89
-12.3692 -0.9990 0.2659 52 199 89
-12.3109 -1.1008 -0.4343 52 199 89
-12.2571 -1.0026 0.3016 52 199 89
-12.3620 -1.0038 -0.1373 52 199 89
-12.3195 -0.9831 0.3003 52 199 89
-12.1909 -1.0156 2.3218 52 199 89
-12.3271 -1.0527 -0.6413 52 199 89
-12.2577 -1.0161 0.3162 52 199 89
-12.2724 -1.0661 -0.4052 52 199 89
-12.3402 -1.0325 -0.3991 52 199 89
-12.3693 -1.0142 -0.3910 52 199 89
-12.4023 -1.1299 -0.0513 52 199 89
-12.2849 -1.0526 -0.5572 52 199 89
-12.3678 -1.0022 -0.0848 52 199 89
-12.2582 -1.0684 0.1820 52 199 89
-12.3019 -1.0675 0.2033 52 199 89
-12.3702 -1.0239 -0.3496 52 199 89
-12.3762 -1.0417 -0.1441 52 199 89
-12.3706 -1.0433 -0.1435 52 199 89
-12.2500 -0.9632 0.3819 52 199 89
-12.3615 -1.0235 -0.3124 52 199 89
-12.2490 -1.0089 0.6159 52 199 89
-12.2554 -1.1122 -0.2769 52 199 89
-12.3794 -1.0464 -0.1676 52 199 89
-12.3971 -1.0727 -0.2701 52 199 89
-12.3535 -0.9746 0.3805 52 199 89
-12.2588 -1.1136 -0.1857 52 199 89
-12.3881 -1.0842 -0.2557 52 199 89
-12.2588 -0.9872 0.7113 52 199 89
-12.3444 -1.0173 -0.2639 52 199 89
-12.2823 -1.0690 -0.1788 52 199 89
-12.1826 -1.0943 0.0562 52 199 89
-12.3596 -1.0213 1.2553 52 199 89
-12.3516 -0.9296 1.3448 52 199 89
-12.3437 -1.0037 1.2157 52 199 89
-12.2533 -0.9928 0.4097 52 199 89
-12.3552 -0.9768 0.7391 52 199 89
-12.3617 -1.0255 1.1209 52 199 89
-12.3168 -1.0914 -0.8079 52 199 89
-12.4147 -1.1535 -0.1474 52 199 89
-12.2467 -0.9949 0.4239 52 199 89
-12.1332 -1.1179 -0.1739 52 199 89
-12.2524 -0.9939 0.8892 52 199 89
-12.3614 -0.9697 0.4752 52 199 89
-12.3221 -0.9978 0.1905 52 199 89
-12.3567 -0.9685 0.3969 52 199 89
-12.3156 -1.0237 -0.3668 52 199 89
-12.4073 -1.1482 0.3234 52 199 89
-12.2985 -1.0707 0.1785 52 199 89
-12.3586 -0.9828 0.4310 52 199 89
-12.3176 -1.0722 -0.7883 52 199 89
-12.2703 -1.0166 -0.1634 52 199 89
-12.1138 -1.0881 -0.2704 52 199 89
-12.3980 -1.0946 -0.3924 52 199 89
-12.3962 -1.1116 0.3380 52 199 89
-12.3279 -1.0669 -0.1292 52 199 89
-12.1519 -1.0501 2.2785 52 199 89
-12.3496 -1.0173 -0.2638 52 199 89
-12.3471 -0.9679 1.7816 52 199 89
-12.1592 -1.0773 2.3658 52 199 89
-12.2694 -1.0740 -0.5607 52 199 89
-12.3667 -1.0081 -0.1359 52 199 89
-12.2724 -1.0126 2.1824 52 199 89
-12.1540 -1.1189 -0.1034 52 199 89
-12.1097 -1.0494 0.1757 52 199 89
-12.3764 -1.0673 -0.0431 52 199 89
-12.1750 -1.1102 -0.1237 52 199 89
-12.4011 -1.0919 0.1223 52 199 89
-12.3552 -1.0308 0.3090 52 199 89
-12.2995 -1.0116 0.1775 52 199 89
-12.3460 -1.0377 -0.2505 52 199 89
-12.1102 -1.0546 -0.2485 52 199 89
-12.1459 -1.0387 2.5151 52 199 89
-12.1430 -1.0459 2.4994 52 199 89
-12.3209 -1.0295 -0.2225 52 199 89
-12.3809 -1.0823 -0.2085 52 199 89
-12.3746 -1.0281 -0.2066 52 199 89
-12.3125 -1.0377 0.0678 52 199 89
-12.4033 -1.1287 0.0322 52 199 89
-12.3809 -1.0651 -0.1545 52 199 89
-12.1335 -1.0955 -0.1450 52 199 89
-12.2766 -1.0558 -0.1431 52 199 89
-12.1999 -1.0710 2.2401 52 199 89
-12.3232 -1.0204 -0.1474 52 199 89
-12.4026 -1.1304 -0.0489 52 199 89
-12.0812 -1.0861 -0.0548 52 199 89
-12.3675 -0.9821 -0.1523 52 199 89
-12.1651 -1.0858 -0.0718 52 199 89
-12.3696 -1.0144 -0.0869 52 199 89
-12.3760 -1.0222 -0.1469 52 199 89
-12.3250 -1.0742 -0.1255 52 199 89
-12.2793 -1.2349 -1.1124 52 199 89
-12.3553 -1.1658 -0.9233 52 199 89
-12.4003 -1.1885 -0.8376 52 199 89
-12.3705 -1.1658 -0.8284 52 199 89
-12.3236 -1.1306 -0.8468 52 199 89
-12.2795 -1.2362 -1.1472 52 199 89
-12.3189 -1.0819 -0.7778 52 199 89
-12.3546 -1.0953 -0.7019 52 199 89
-12.1477 -1.1670 1.5670 52 199 89
-12.3247 -1.0309 -0.6508 52 199 89
-12.2500 -1.0959 -0.5882 52 199 89
-12.3512 -0.9926 1.3615 52 199 89
-12.3445 -1.0121 1.2141 52 199 89
-12.3424 -0.9920 1.1889 52 199 89
-12.3625 -1.0324 1.1084 52 199 89
-12.3446 -1.0021 1.1296 52 199 89
-12.4091 -1.1524 -0.5061 52 199 89
-12.2732 -1.0961 -0.5408 52 199 89
-12.2524 -0.9939 0.8892 52 199 89
-12.2441 -0.9521 0.8791 52 199 89
-12.3034 -1.0213 -0.5353 52 199 89
-12.2559 -0.9612 0.7679 52 199 89
-12.4068 -1.1008 0.6310 52 199 89
-12.2855 -1.0962 -0.4844 52 199 89
-12.2504 -0.9283 0.7633 52 199 89
-12.2574 -1.0164 0.6964 52 199 89
-12.2499 -1.0113 0.6565 52 199 89
-12.3046 -1.0174 -0.5062 52 199 89
-12.3911 -1.0532 0.5197 52 199 89
-12.2500 -1.0125 0.5455 52 199 89
-12.3461 -0.9805 0.5163 52 199 89
-12.2681 -0.9330 0.4860 52 199 89
-12.2490 -1.0143 0.4320 52 199 89
-12.1136 -1.0680 -0.3767 52 199 89
-12.3269 -0.9992 -0.3883 52 199 89
-12.3600 -1.0027 0.3789 52 199 89
-12.3559 -1.0021 -0.3835 52 199 89
-12.0916 -1.0882 -0.3582 52 199 89
-12.1253 -1.0962 -0.3334 52 199 89
-12.3807 -1.0210 0.2945 52 199 89
-12.2393 -0.9973 0.3146 52 199 89
-12.3939 -1.0778 -0.3094 52 199 89
-12.3777 -1.0229 0.2637 52 199 89
-12.3033 -0.9546 0.2538 52 199 89
-12.3771 -1.0309 0.2169 52 199 89
-12.2536 -1.0428 0.1890 52 199 89
-12.3968 -1.0750 -0.2671 52 199 89
-12.3480 -0.9925 -0.2780 52 199 89
-12.3889 -1.0728 -0.2540 52 199 89
-12.1425 -1.0441 2.5598 52 199 89
-12.2832 -1.0433 -0.4819 52 199 89
-12.1238 -1.1098 -0.2001 52 199 89
-12.3787 -1.0613 0.5175 52 199 89
-12.4041 -1.1156 0.3062 52 199 89
-12.1107 -1.0524 0.1770 52 199 89
-12.4039 -1.1462 -0.4576 52 199 89
-12.3968 -1.0899 -0.4886 52 199 89
-12.2508 -0.9148 2.3477 52 199 89
-12.3747 -0.9254 1.8282 52 199 89
-12.1456 -1.0532 2.5067 52 199 89
-12.3759 -1.0053 0.2721 52 199 89
-12.2461 -1.0339 0.3118 52 199 89
-12.2817 -1.2475 -1.1198 52 199 89
-12.3084 -0.9830 0.3216 52 199 89
-12.1220 -1.0907 -0.3471 52 199 89
-12.3554 -1.1677 -0.9127 52 199 89
-12.2517 -0.9716 0.3909 52 199 89
-12.3286 -1.0189 -0.3767 52 199 89
-12.3401 -1.0221 -0.4118 52 199 89
-12.2524 -1.1038 -0.3844 52 199 89
-12.2645 -1.1014 -0.4027 52 199 89
-12.3288 -1.0456 -0.6188 52 199 89
-12.2497 -1.0898 -0.5816 52 199 89
-12.2614 -1.0836 -0.5675 52 199 89
-12.2407 -1.1039 -0.5266 52 199 89
-12.2823 -1.0369 -0.5570 52 199 89
-12.1364 -1.1306 1.6423 52 199 89
-12.3428 -0.8725 1.9410 52 199 89
-12.3495 -1.0317 0.5035 52 199 89
-12.3527 -0.9810 1.4079 52 199 89
-12.3474 -0.9894 1.3413 52 199 89
-12.2574 -1.0068 0.5460 52 199 89
-12.3512 -1.0233 1.1123 52 199 89
-12.2779 -1.0321 -0.5045 52 199 89
-12.2470 -0.9792 0.7211 52 199 89
-12.3057 -1.0355 -0.4806 52 199 89
-12.3777 -1.0647 0.2208 52 199 89
-12.3152 -0.9929 0.2413 52 199 89
-12.3080 -0.9994 0.2028 52 199 89
-12.2969 -1.0522 0.1928 52 199 89
-12.1141 -1.0901 -0.2736 52 199 89
-12.1655 -1.0161 0.1657 52 199 89
-12.1106 -1.0726 0.1616 52 199 89
-12.3701 -1.0060 -0.2109 52 199 89
-12.1828 -1.0795 0.0827 52 199 89
-12.3097 -1.0163 0.0687 52 199 89
-12.1301 -1.1097 -0.1670 52 199 89
-12.4023 -1.1668 -0.0054 52 199 89
-12.3624 -0.9995 -0.1562 52 199 89
-12.3782 -1.0863 -0.0573 52 199 89
-12.2630 -1.0683 -0.0598 52 199 89
-12.1718 -1.1080 -0.0612 52 199 89
-12.2814 -1.0880 -0.1259 52 199 89
-12.1923 -1.0490 0.9026 52 199 89
-12.3461 -1.0135 -0.2650 52 199 89
-12.2616 -1.0326 -0.6008 52 199 89
-12.2534 -1.0069 0.4902 52 199 89
-12.3606 -1.1614 -0.8564 52 199 89
-12.1893 -1.0741 0.0982 52 199 89
-12.3218 -1.0459 -0.2048 52 199 89
-12.2657 -1.0102 2.1509 52 199 89
-12.3828 -1.0602 0.2918 52 199 89
-12.3698 -1.0465 -0.1311 52 199 89
-12.0257 -1.1087 2.4887 52 199 89
-12.3461 -1.1361 -0.9012 52 199 89
-12.3575 -0.9181 1.2901 52 199 89
-12.3643 -1.0293 1.1202 52 199 89
-12.1158 -1.0644 0.1800 52 199 89
-12.3119 -1.0319 0.0703 52 199 89
-12.1087 -1.1292 0.1240 52 199 89
-12.1149 -1.0865 0.1725 52 199 89
-12.1911 -1.0982 -0.1640 52 199 89
-12.3465 -0.9747 0.5347 52 199 89
-12.3512 -1.0725 0.4229 52 199 89
-12.3630 -1.0073 0.4287 52 199 89
-12.2671 -1.1145 -0.4059 52 199 89
-12.2472 -1.0330 0.4275 52 199 89
-12.3519 -1.0510 -0.6799 52 199 89
-12.3114 -1.0035 0.2987 52 199 89
-12.2686 -1.1241 -0.5225 52 199 89
-12.2952 -1.1295 -0.4541 52 199 89
-12.3186 -1.0305 0.2456 52 199 89
-12.3534 -1.0679 1.2218 52 199 89
-12.1936 -1.0902 -0.1017 52 199 89
-12.3716 -1.0641 -0.1217 52 199 89
-12.2744 -1.1014 -0.5299 52 199 89
-12.2842 -1.0767 0.1952 52 199 89
-12.3290 -1.0254 -0.3711 52 199 89
-12.3793 -1.1115 -0.0557 52 199 89
-12.0909 -1.0572 -0.3550 52 199 89
-12.3103 -1.0156 0.2058 52 199 89
-12.3268 -1.0364 0.1813 52 199 89
-12.1207 -1.0861 -0.2958 52 199 89
-12.3517 -1.0414 0.7392 52 199 89
-12.2476 -1.0073 0.6215 52 199 89
-12.3100 -1.0581 -0.1672 52 199 89
-12.3536 -0.9614 -0.2749 52 199 89
-12.1317 -1.1339 -0.1825 52 199 89
-12.3518 -0.9969 1.7205 52 199 89
-12.3583 -1.0982 1.2657 52 199 89
-12.2974 -0.9978 0.1862 52 199 89
-12.1797 -1.0701 0.1824 52 199 89
-12.1539 -1.0820 2.4359 52 199 89
-12.2206 -1.1538 2.0546 52 199 89
-12.2827 -1.0984 -0.1189 52 199 89
-12.3829 -1.0906 0.2891 52 199 89
-12.1319 -1.1118 -0.1704 52 199 89
-12.2726 -1.0095 0.3490 52 199 89
-12.3320 -1.1031 -0.8220 52 199 89
-12.1784 -1.1270 1.9098 52 199 89
-12.1535 -1.0727 2.0326 52 199 89
-12.3623 -1.0956 -0.6507 52 199 89
-12.2607 -1.0741 -0.5560 52 199 89
-12.2726 -1.0912 -0.5405 52 199 89
-12.3371 -0.8194 1.9930 52 199 89
-12.2828 -1.0325 -0.5464 52 199 89
-12.3416 -0.8970 1.6523 52 199 89
-12.3555 -1.0892 1.1893 52 199 89
-12.2735 -1.0795 -0.4204 52 199 89
-12.3189 -1.0675 -0.3990 52 199 89
-12.3180 -1.0012 -0.3718 52 199 89
-12.3557 -1.0519 0.6493 52 199 89
-12.3620 -0.9612 0.6539 52 199 89
-12.2530 -1.0406 0.6140 52 199 89
-12.3470 -0.9784 0.5332 52 199 89
-12.1098 -1.0805 -0.3116 52 199 89
-12.0870 -1.0962 -0.2506 52 199 89
-12.2526 -1.0619 0.4015 52 199 89
-12.3282 -1.0600 0.1873 52 199 89
-12.1138 -1.0610 0.2016 52 199 89
-12.0912 -1.0333 0.2039 52 199 89
-12.3698 -1.0247 0.1666 52 199 89
-12.1683 -1.0070 -0.1901 52 199 89
-12.0837 -1.0546 0.1205 52 199 89
-12.3062 -1.0456 -0.1741 52 199 89
-12.3628 -0.9877 -0.1815 52 199 89
-12.1126 -1.0750 0.0930 52 199 89
-12.3818 -1.1098 -0.1591 52 199 89
-12.1708 -1.0315 0.0362 52 199 89
-12.1791 -1.0877 0.0334 52 199 89
-12.0822 -1.0670 0.0388 52 199 89
-12.0815 -1.0809 -0.0677 52 199 89
-12.1693 -1.0815 -0.0424 52 199 89
-12.3592 -1.0315 -0.5659 52 199 89
-12.1942 -1.0872 0.1158 52 199 89
-12.0969 -1.0327 0.0867 52 199 89
-12.1972 -1.1000 -0.0383 52 199 89
-12.1753 -1.1005 -0.0377 52 199 89
-12.0968 -1.1214 -0.2280 52 199 89
-12.1326 -1.1162 -0.1593 52 199 89
-12.2858 -1.2465 -1.1109 52 199 89
-12.3520 -1.0669 0.7470 52 199 89
-12.1808 -1.0814 0.2033 52 199 89
-12.1458 -1.0480 2.0889 52 199 89
-12.4005 -0.4179 -0.2416 52 199 89
-12.1922 -0.2740 0.6775 52 199 89
-12.2824 -0.4653 3.2605 52 199 89
-12.3290 -0.3711 -0.7703 52 199 89
-12.2750 -0.4535 3.2981 52 199 89
-12.1684 -0.3025 0.6447 52 199 89
-12.1792 -0.7335 -1.6209 52 199 89
-12.3959 -0.6080 -1.7283 52 199 89
-12.3018 -0.3943 -0.7498 52 199 89
-12.1688 -0.4696 0.7249 52 199 89
-12.2346 -0.3489 -1.0150 52 199 89
-12.2369 -0.7281 -1.5514 52 199 89
-12.1934 -0.3998 0.2892 52 199 89
-12.2168 -0.7251 -1.6598 52 199 89
-12.4185 -0.5778 -1.6293 52 199 89
-12.2241 -0.7145 -2.1980 52 199 89
-12.1742 -0.7531 -1.4491 52 199 89
-12.4562 -0.6369 -2.2536 52 199 89
-12.4607 -0.6423 -2.2356 52 199 89
-12.0278 -0.9016 -2.7697 52 199 89
-12.2241 -0.7076 -2.1903 52 199 89
-12.2271 -0.6989 -2.1632 52 199 89
-12.2158 -0.6944 -2.0323 52 199 89
-12.4664 -0.6108 -3.0348 52 199 89
-12.1930 -0.6986 -1.9808 52 199 89
-12.1400 -0.9684 -2.1875 52 199 89
-12.1727 -0.9788 -2.1385 52 199 89
-12.1446 -0.9890 -2.1210 52 199 89
-12.1307 -0.9759 -2.1315 52 199 89
-12.1388 -0.9867 -2.1040 52 199 89
-12.1543 -0.9718 -2.1296 52 199 89
-12.1562 -0.9722 -2.1192 52 199 89
-12.1438 -0.9798 -2.0835 52 199 89
-12.1693 -0.9752 -2.0548 52 199 89
-12.0601 -0.4339 0.1923 52 199 89
-11.8991 -0.3893 0.2267 52 199 89
-12.1949 -0.3217 1.2146 52 199 89
-12.1897 -0.4904 -0.3497 52 199 89
-12.0737 -0.4515 -0.3693 52 199 89
-11.9625 -0.3525 2.7370 52 199 89
-12.3902 -0.3527 1.1718 52 199 89
-11.9803 -0.5042 -0.3375 52 199 89
-12.3927 -0.3138 1.2041 52 199 89
-12.3842 -0.5686 -1.0924 52 199 89
-12.4508 -0.5128 0.1830 52 199 89
-11.8924 -0.4217 -0.0127 52 199 89
-12.1858 -0.3084 1.2795 52 199 89
-12.3979 -0.3662 -0.0541 52 199 89
-12.4860 -0.5126 -0.3767 52 199 89
-12.3790 -0.3343 1.2602 52 199 89
-12.4543 -0.4135 -0.0770 52 199 89
-12.4768 -0.4931 -1.0663 52 199 89
-12.3924 -0.3475 1.2610 52 199 89
-12.1826 -0.4689 -1.1096 52 199 89
-12.3965 -0.3659 -0.0826 52 199 89
-12.1932 -0.2937 1.0776 52 199 89
-12.4283 -0.4327 -0.4238 52 199 89
-12.3956 -0.3238 -0.1272 52 199 89
-12.1696 -0.3360 1.3937 52 199 89
-12.3269 -0.3680 -1.1324 52 199 89
-12.1697 -0.9453 -2.3463 52 199 89
-11.8842 -0.4451 -0.1230 52 199 89
-12.1935 -0.3110 1.0198 52 199 89
-12.2965 -0.3462 -1.1346 52 199 89
-12.1593 -0.4637 -0.4401 52 199 89
-11.8551 -0.7134 0.2050 52 199 89
-12.4240 -0.4450 -0.4486 52 199 89
-12.2641 -0.4098 -0.4667 52 199 89
-12.0462 -0.5572 3.5614 52 199 89
-12.3843 -0.3178 0.8796 52 199 89
-12.4538 -0.4841 -0.9521 52 199 89
-12.3871 -0.3260 0.8633 52 199 89
-12.0694 -0.4248 2.0426 52 199 89
-12.4023 -0.4124 0.4151 52 199 89
-11.8874 -0.4555 -0.5193 52 199 89
-12.4445 -0.4596 -0.4905 52 199 89
-12.1719 -0.4168 3.7460 52 199 89
-12.3939 -0.3283 -0.1994 52 199 89
-12.2474 -0.4426 0.8007 52 199 89
-12.1690 -0.4252 3.7141 52 199 89
-12.3845 -0.3155 -0.5492 52 199 89
-12.2388 -0.4109 -0.9501 52 199 89
-12.4081 -0.4254 -0.2895 52 199 89
-11.9573 -0.4719 -0.5317 52 199 89
-12.3730 -0.2819 0.8502 52 199 89
-11.8345 -0.6539 0.3345 52 199 89
-11.8910 -0.4264 0.1261 52 199 89
-11.8978 -0.4191 0.2126 52 199 89
-12.2312 -0.3811 -0.9360 52 199 89
-12.4355 -0.4634 -0.8686 52 199 89
-11.9301 -0.3891 0.2611 52 199 89
-12.1778 -0.3860 0.7992 52 199 89
-12.4691 -0.5389 0.4177 52 199 89
-12.0078 -0.4526 2.6966 52 199 89
-12.2778 -0.4119 0.7468 52 199 89
-12.2871 -0.3710 -0.2849 52 199 89
-12.2478 -0.4501 0.7289 52 199 89
-12.1872 -0.4081 3.6681 52 199 89
-12.1989 -0.2992 0.5581 52 199 89
-11.9879 -0.5866 2.6974 52 199 89
-12.1817 -0.4630 -0.8025 52 199 89
-11.9820 -0.5755 2.7470 52 199 89
-12.0024 -0.4492 2.9982 52 199 89
-12.1839 -0.3019 0.7543 52 199 89
-12.2907 -0.3405 0.5565 52 199 89
-12.3167 -0.3386 0.5534 52 199 89
-12.3733 -0.3194 0.6987 52 199 89
-12.1898 -0.2639 0.7591 52 199 89
-12.4124 -0.4295 -0.2549 52 199 89
-12.2937 -0.3223 0.1665 52 199 89
-12.1977 -0.3075 0.7086 52 199 89
-12.4098 -0.4169 -0.2363 52 199 89
-12.4875 -0.4634 -1.1484 52 199 89
-12.3807 -0.2726 -0.2322 52 199 89
-12.4013 -0.3635 -0.9107 52 199 89
-12.3609 -0.3870 2.0270 52 199 89
-11.9835 -0.4191 0.3638 52 199 89
-12.4732 -0.5449 0.2986 52 199 89
-12.0296 -0.5077 2.5961 52 199 89
-12.0927 -0.5120 3.6998 52 199 89
-12.2908 -0.3439 0.4420 52 199 89
-12.3214 -0.3505 -0.2469 52 199 89
-11.8723 -0.4193 -0.2093 52 199 89
-12.1972 -0.2659 1.4770 52 199 89
-12.3946 -0.3575 -0.0380 52 199 89
-12.4409 -0.4564 -0.1402 52 199 89
-12.4614 -0.5139 0.4126 52 199 89
-12.3664 -0.4268 -2.0406 52 199 89
-12.4192 -0.3894 0.7733 52 199 89
-12.3762 -0.3222 -0.7151 52 199 89
-12.3876 -0.5989 -1.5216 52 199 89
-12.2349 -0.4315 0.2591 52 199 89
-12.4077 -0.3813 2.2648 52 199 89
-12.4104 -0.3761 2.2454 52 199 89
-12.2981 -0.4287 3.7336 52 199 89
-12.3288 -0.3477 -1.1218 52 199 89
-12.1185 -0.3917 1.6542 52 199 89
-12.4662 -0.5631 0.9624 52 199 89
-12.1472 -0.4826 3.8394 52 199 89
-12.3726 -0.3092 0.5469 52 199 89
-12.1871 -0.3290 1.0527 52 199 89
-12.1012 -0.4417 3.7794 52 199 89
-12.2037 -0.4747 -0.7203 52 199 89
-12.1523 -0.4256 -0.7182 52 199 89
-12.0788 -0.4912 3.4439 52 199 89
-12.4463 -0.4426 -1.0318 52 199 89
-12.0761 -0.5263 3.4663 52 199 89
-12.4550 -0.6235 -1.4495 52 199 89
-12.3090 -0.4653 3.5125 52 199 89
-12.4055 -0.3771 -0.4694 52 199 89
-12.4832 -0.4938 -1.1182 52 199 89
-12.4435 -0.4772 -0.1887 52 199 89
-12.3659 -0.4067 2.2783 52 199 89
-12.4678 -0.5126 0.3977 52 199 89
-12.4720 -0.5639 0.1692 52 199 89
-12.4628 -0.5489 1.0710 52 199 89
-12.2198 -0.4965 -0.3600 52 199 89
-12.0785 -0.4033 3.9769 52 199 89
-12.1105 -0.5024 3.7330 52 199 89
-12.1803 -0.4799 -1.0498 52 199 89
-12.1844 -0.4740 -0.8621 52 199 89
-12.3843 -0.4245 2.1100 52 199 89
-12.2651 -0.4162 0.6705 52 199 89
-12.3952 -0.3541 0.4038 52 199 89
-12.2351 -0.3666 -0.9684 52 199 89
-12.4103 -0.3891 -0.2850 52 199 89
-12.4732 -0.5564 0.4003 52 199 89
-12.4629 -0.5339 0.9981 52 199 89
-12.2801 -0.3807 -0.2732 52 199 89
-12.3953 -0.3451 -0.0301 52 199 89
-12.0393 -0.5699 3.9317 52 199 89
-12.4130 -0.4218 -0.2575 52 199 89
-12.4813 -0.5412 0.8866 52 199 89
-12.4367 -0.4551 -0.8783 52 199 89
-12.1947 -0.3067 1.0760 52 199 89
-12.4303 -0.4473 0.8916 52 199 89
-12.1899 -0.2745 1.0375 52 199 89
-12.3725 -0.3053 0.5907 52 199 89
-12.4009 -0.3794 -0.8972 52 199 89
-12.3085 -0.3904 -0.2326 52 199 89
-12.4383 -0.4552 -0.8462 52 199 89
-12.1950 -0.3034 0.6544 52 199 89
-12.3209 -0.3529 -0.2446 52 199 89
-12.4498 -0.4866 -0.2228 52 199 89
-12.1883 -0.2233 0.6928 52 199 89
-12.2459 -0.4293 0.8011 52 199 89
-12.3842 -0.2632 -0.2419 52 199 89
-12.3742 -0.3072 0.7078 52 199 89
-12.4193 -0.3909 0.6622 52 199 89
-12.2464 -0.4366 0.7315 52 199 89
-12.2755 -0.4084 0.7218 52 199 89
-12.2206 -0.7038 -2.2575 52 199 89
-12.2589 -0.4326 0.2454 52 199 89
-12.2334 -0.4102 0.2559 52 199 89
-12.2011 -0.4666 -0.7844 52 199 89
-12.2825 -0.3749 -0.8021 52 199 89
-12.1585 -0.4419 -0.7505 52 199 89
-12.2058 -0.4906 -0.7081 52 199 89
-12.0439 -0.5458 3.6923 52 199 89
-12.3759 -0.3272 -0.7134 52 199 89
-12.4602 -0.6630 -2.8759 52 199 89
-12.1387 -0.9636 -2.2001 52 199 89
-12.1704 -0.9665 -2.1779 52 199 89
-12.1102 -0.5076 3.6750 52 199 89
-12.1443 -0.9885 -2.1199 52 199 89
-12.1322 -0.9804 -2.1153 52 199 89
-12.3432 -0.3273 -0.6975 52 199 89
-12.1550 -0.9775 -2.1099 52 199 89
-12.4006 -0.3446 -0.6631 52 199 89
-12.1421 -0.9728 -2.1062 52 199 89
-12.3124 -0.3757 -0.6446 52 199 89
-12.1855 -0.4579 3.7007 52 199 89
-12.1432 -0.9726 -2.0856 52 199 89
-12.1716 -0.3940 3.8445 52 199 89
-12.1685 -0.9708 -2.0657 52 199 89
-12.1649 -0.9690 -2.0509 52 199 89
-12.3127 -0.3565 -0.6082 52 199 89
-11.9404 -0.4128 -0.5752 52 199 89
-11.9707 -0.9526 -2.1326 52 199 89
-12.4559 -0.6459 -2.2349 52 199 89
-12.4447 -0.4461 -0.4998 52 199 89
-11.8903 -0.4627 -0.5140 52 199 89
-11.9785 -0.8909 -1.8014 52 199 89
-12.1848 -0.3784 3.7242 52 199 89
-12.2632 -0.3897 -0.4804 52 199 89
-12.1629 -0.4834 -0.4389 52 199 89
-12.2199 -0.7110 -1.6547 52 199 89
-12.2026 -0.4770 -0.4221 52 199 89
-11.8864 -0.7910 -1.5419 52 199 89
-12.4406 -0.6335 -1.5842 52 199 89
-12.1809 -0.4138 3.5490 52 199 89
-11.8900 -0.3614 0.2334 52 199 89
-12.2846 -0.4743 3.2441 52 199 89
-12.1750 -0.7593 -1.4385 52 199 89
-12.4208 -0.5946 -1.5785 52 199 89
-12.4421 -0.4744 -0.4134 52 199 89
-12.3854 -0.5652 -1.1251 52 199 89
-11.9644 -0.4714 -0.3924 52 199 89
-12.4620 -0.4938 -1.1452 52 199 89
-12.4044 -0.3943 -0.3735 52 199 89
-12.0116 -0.4348 2.7544 52 199 89
-12.4736 -0.4962 -0.3476 52 199 89
-12.3265 -0.3686 -1.1360 52 199 89
-11.9933 -0.4976 2.4726 52 199 89
-11.8926 -0.4137 -1.1368 52 199 89
-12.1824 -0.4673 -1.0348 52 199 89
-12.1918 -0.4800 -0.3318 52 199 89
-11.9950 -0.4625 -1.0525 52 199 89
-12.2443 -0.3740 -1.0253 52 199 89
-12.1552 -0.4310 -0.9808 52 199 89
-12.3907 -0.3223 -1.0287 52 199 89
-12.3972 -0.3643 -0.9938 52 199 89
-12.2459 -0.3271 -1.0323 52 199 89
-12.3540 -0.3868 2.1510 52 199 89
-12.0964 -0.4360 2.1157 52 199 89
-12.3835 -0.3894 1.9219 52 199 89
-12.3668 -0.3884 1.9402 52 199 89
-12.2005 -0.3671 0.2924 52 199 89
-12.3760 -0.4213 1.8102 52 199 89
-12.2069 -0.3788 0.2912 52 199 89
-11.9194 -0.4138 0.3098 52 199 89
-12.2299 -0.3943 0.3193 52 199 89
-12.0803 -0.4412 -0.0829 52 199 89
-12.2363 -0.4138 -0.3142 52 199 89
-12.3956 -0.3346 -0.1277 52 199 89
-11.8709 -0.4016 -0.1288 52 199 89
-11.8267 -0.6372 0.3390 52 199 89
-12.4009 -0.3976 -0.2985 52 199 89
-12.1972 -0.2659 1.4770 52 199 89
-12.4531 -0.4254 -0.1536 52 199 89
-12.3759 -0.3138 1.3079 52 199 89
-12.2919 -0.3292 0.1385 52 199 89
-12.4424 -0.4329 -0.1512 52 199 89
-12.3946 -0.3806 0.3983 52 199 89
-12.3789 -0.3560 1.2527 52 199 89
-12.1972 -0.2936 1.3540 52 199 89
-12.2392 -0.3333 1.2977 52 199 89
-12.3597 -0.3436 1.2195 52 199 89
-12.3919 -0.3365 1.1999 52 199 89
-12.0617 -0.3993 0.1025 52 199 89
-12.2809 -0.4842 3.9122 52 199 89
-12.4671 -0.4858 -0.9264 52 199 89
-12.4434 -0.5060 -0.2585 52 199 89
-12.0938 -0.5195 3.6827 52 199 89
-12.2707 -0.4271 0.7478 52 199 89
-12.3729 -0.3006 0.5474 52 199 89
-12.3841 -0.2986 0.9154 52 199 89
-12.3666 -0.3324 0.9219 52 199 89
-12.1948 -0.3006 1.2593 52 199 89
-12.4672 -0.6019 -3.0642 52 199 89
-12.1413 -0.9775 -2.1469 52 199 89
-12.3667 -0.5318 -1.2552 52 199 89
-12.4558 -0.5290 1.0375 52 199 89
-12.1299 -0.9733 -2.1373 52 199 89
-12.1388 -0.9880 -2.1010 52 199 89
-12.1563 -0.9813 -2.0941 52 199 89
-12.4131 -0.4172 0.3796 52 199 89
-12.1438 -0.9770 -2.0977 52 199 89
-12.1866 -0.3182 1.2691 52 199 89
-12.1477 -0.9772 -2.0583 52 199 89
-12.1679 -0.9670 -2.0717 52 199 89
-11.9567 -0.4487 -0.3989 52 199 89
-12.1667 -0.9772 -2.0249 52 199 89
-12.1979 -0.3103 1.3321 52 199 89
-12.4514 -0.5107 0.1925 52 199 89
-11.8896 -0.4021 0.0919 52 199 89
-12.4504 -0.6444 -2.2504 52 199 89
-12.1986 -0.3164 1.3672 52 199 89
-12.1991 -0.4467 -1.0621 52 199 89
-12.2216 -0.6942 -2.1833 52 199 89
-12.2245 -0.6834 -2.1888 52 199 89
-11.8737 -0.5867 -1.8294 52 199 89
-12.1815 -0.4709 -0.4319 52 199 89
-12.3901 -0.3212 -1.0331 52 199 89
-12.2624 -0.3710 -0.4831 52 199 89
-12.3544 -0.3253 2.1815 52 199 89
-12.3860 -0.3634 -0.9268 52 199 89
-12.2190 -0.7106 -1.6608 52 199 89
-12.3990 -0.3868 -0.2414 52 199 89
-11.8799 -0.4311 -0.5306 52 199 89
-12.1771 -0.7205 -1.6418 52 199 89
-12.4413 -0.4429 -0.5398 52 199 89
-12.3617 -0.5597 -1.7932 52 199 89
-12.3942 -0.6132 -1.6804 52 199 89
-12.2078 -0.3907 0.2905 52 199 89
-12.4413 -0.6281 -1.5922 52 199 89
-12.1859 -0.3777 3.7236 52 199 89
-12.1597 -0.4518 -0.7421 52 199 89
-12.3133 -0.3730 -0.5961 52 199 89
-12.4280 -0.6047 -1.5484 52 199 89
-12.1885 -0.4015 3.5911 52 199 89
-12.1795 -0.4058 3.5758 52 199 89
-11.9014 -0.4511 -0.7186 52 199 89
-11.9322 -0.3997 0.2581 52 199 89
-12.3836 -0.5728 -1.5486 52 199 89
-11.9928 -0.5908 2.6348 52 199 89
-12.0101 -0.6304 2.5705 52 199 89
-12.2923 -0.3455 0.1296 52 199 89
-12.3182 -0.3390 -0.6443 52 199 89
-11.9577 -0.4531 -0.6719 52 199 89
-11.8684 -0.4026 -0.1728 52 199 89
-12.4490 -0.3885 -0.1844 52 199 89
-11.8983 -0.3870 0.2400 52 199 89
-12.3628 -0.3051 0.8844 52 199 89
-12.4039 -0.4108 -0.3537 52 199 89
-12.4143 -0.4356 0.4450 52 199 89
-12.2458 -0.4262 0.7338 52 199 89
-12.4272 -0.4304 0.6887 52 199 89
-12.4188 -0.3995 0.6610 52 199 89
-12.1754 -0.3230 0.5544 52 199 89
-12.4006 -0.3969 -0.2987 52 199 89
-12.1957 -0.2849 0.7118 52 199 89
-12.2974 -0.3398 0.6025 52 199 89
-12.1672 -0.2950 0.6021 52 199 89
-12.4180 -0.3782 0.5266 52 199 89
-12.4092 -0.3524 -0.0694 52 199 89
-12.3860 -0.3229 -0.8946 52 199 89
-12.0811 -0.4503 -0.0653 52 199 89
-12.4666 -0.4826 -0.9191 52 199 89
-12.3652 -0.4214 2.3849 52 199 89
-12.3745 -0.3733 1.9032 52 199 89
-12.3988 -0.3748 -0.8260 52 199 89
-12.3722 -0.3116 0.5892 52 199 89
-12.4106 -0.5834 -1.6516 52 199 89
-12.2189 -0.3926 3.6344 52 199 89
-12.2000 -0.4990 -0.5512 52 199 89
-12.4422 -0.4926 -0.9832 52 199 89
-12.3088 -0.3641 -1.0938 52 199 89
-12.1561 -0.4278 -1.0820 52 199 89
-11.9948 -0.4184 -1.1809 52 199 89
-12.3950 -0.3725 0.3875 52 199 89
-12.4580 -0.5131 0.4342 52 199 89
-12.2972 -0.3672 -0.7204 52 199 89
-12.4635 -0.5316 1.0066 52 199 89
-11.9113 -0.4153 -0.6713 52 199 89
-12.4547 -0.5153 -0.3417 52 199 89
-12.4665 -0.5116 -0.3436 52 199 89
-11.9755 -0.4857 -0.3499 52 199 89
-11.9694 -0.5122 2.9293 52 199 89
-12.4299 -0.4561 0.8948 52 199 89
-12.4112 -0.4029 0.7908 52 199 89
-12.4493 -0.4865 0.1788 52 199 89
-12.3909 -0.6011 -1.5352 52 199 89
-12.2828 -0.4450 3.9609 52 199 89
-12.2905 -0.3157 0.3737 52 199 89
-12.2709 -0.4330 0.7455 52 199 89
-12.2042 -0.4883 -0.4257 52 199 89
-12.1768 -0.4438 3.6538 52 199 89
-12.3359 -0.3597 -0.9940 52 199 89
-12.3255 -0.3730 -1.1240 52 199 89
-12.1989 -0.4439 -1.0554 52 199 89
-12.2983 -0.3655 -1.0989 52 199 89
-12.3444 -0.2753 -1.0931 52 199 89
-12.4425 -0.4619 -0.4301 52 199 89
-12.1993 -0.2888 1.4684 52 199 89
-12.4411 -0.4528 -0.8212 52 199 89
-12.2020 -0.2666 1.3871 52 199 89
-12.3811 -0.3345 1.2624 52 199 89
-12.3631 -0.3596 1.2300 52 199 89
-12.3906 -0.3204 1.2239 52 199 89
-12.1879 -0.3208 1.2672 52 199 89
-12.1628 -0.4627 -0.7294 52 199 89
-12.1772 -0.4399 -0.1504 52 199 89
-12.2249 -0.4370 -0.7435 52 199 89
-12.1832 -0.3011 1.1369 52 199 89
-11.8926 -0.4228 -0.7361 52 199 89
-12.3881 -0.3156 0.9128 52 199 89
-12.3834 -0.3201 0.9115 52 199 89
-12.1573 -0.4431 -0.4667 52 199 89
-12.4094 -0.3194 -0.4040 52 199 89
-11.9507 -0.4463 -0.5739 52 199 89
-12.2473 -0.4533 0.7973 52 199 89
-12.4388 -0.4543 -0.5387 52 199 89
-12.3976 -0.3738 -0.0573 52 199 89
-12.4274 -0.4215 0.7000 52 199 89
-12.2763 -0.4314 0.7038 52 199 89
-12.2442 -0.3970 0.7316 52 199 89
-11.9198 -0.4112 0.3033 52 199 89
-12.2046 -0.4115 0.2972 52 199 89
-12.4195 -0.3705 0.6685 52 199 89
-12.1645 -0.2708 0.6041 52 199 89
-12.3884 -0.2944 -0.4372 52 199 89
-12.1298 -0.9695 -2.1438 52 199 89
-12.1543 -0.9715 -2.1145 52 199 89
-12.1675 -0.9605 -2.0861 52 199 89
-12.0395 -0.5043 3.3376 52 199 89
-12.4570 -0.6007 -2.4068 52 199 89
-12.2249 -0.7112 -2.2471 52 199 89
-12.2216 -0.6583 -2.2531 52 199 89
-12.1742 -0.6535 -2.2571 52 199 89
-12.1805 -0.4598 -0.4372 52 199 89
-12.2192 -0.7009 -1.7125 52 199 89
-12.2194 -0.7192 -1.6340 52 199 89
-11.9868 -0.8876 -2.7270 52 199 89
-12.3608 -0.5414 -1.8114 52 199 89
-12.2085 -0.7527 -1.4602 52 199 89
-12.4324 -0.6149 -1.5716 52 199 89
-12.4199 -0.5923 -1.5658 52 199 89
-12.3002 -0.4387 -1.6052 52 199 89
-12.0308 -0.4564 -0.1933 52 199 89
-12.4583 -0.5142 0.1891 52 199 89
-12.0817 -0.4504 -0.0766 52 199 89
-12.0020 -0.4288 2.7585 52 199 89
-12.1788 -0.4335 -0.2184 52 199 89
-12.2222 -0.7340 -1.5713 52 199 89
-12.1719 -0.9556 -2.0974 52 199 89
-12.3009 -0.4582 -1.4751 52 199 89
-12.2246 -0.4812 -0.6598 52 199 89
-12.3914 -0.2908 -0.5031 52 199 89
-12.4299 -0.4797 0.8933 52 199 89
-12.3699 -0.3806 1.9931 52 199 89
-11.9873 -0.4325 -1.0774 52 199 89
-11.9975 -0.4317 -1.1679 52 199 89
-12.2351 -0.7313 -1.6767 52 199 89
-12.2917 -0.3320 0.3737 52 199 89
-12.4200 -0.3572 0.5371 52 199 89
-12.2934 -0.3739 0.4488 52 199 89
-12.3830 -0.5870 -1.5237 52 199 89
-12.2270 -0.3821 0.3236 52 199 89
-11.9187 -0.4395 -0.6521 52 199 89
-12.2371 -0.4226 0.6025 52 199 89
-12.2544 -0.3473 -0.4926 52 199 89
-11.8741 -0.5882 -1.8269 52 199 89
-12.2297 -0.3925 3.6835 52 199 89
-12.3998 -0.3431 -0.4672 52 199 89
-12.3303 -0.3397 -0.6568 52 199 89
-12.4498 -0.4550 -0.9222 52 199 89
-12.4096 -0.5969 -1.6281 52 199 89
-12.4587 -0.6030 -2.0537 52 199 89
-12.2834 -0.3987 -0.4346 52 199 89
-12.4304 -0.4494 0.7468 52 199 89
-12.1213 -0.3986 1.6231 52 199 89
-12.1680 -0.9660 -2.0596 52 199 89
-12.1578 -0.9619 -2.0558 52 199 89
-12.2370 -0.7476 -1.6413 52 199 89
-12.2244 -0.7359 -1.6411 52 199 89
-12.3665 -0.4841 -1.2450 52 199 89
-12.3023 -0.3802 -1.0970 52 199 89
-12.2031 -0.4687 -1.0218 52 199 89
-12.3698 -0.5750 -1.7167 52 199 89
-12.4411 -0.6461 -1.5358 52 199 89
-12.3717 -0.5400 -1.6661 52 199 89
-12.2447 -0.3644 -1.0045 52 199 89
-12.3373 -0.3502 -1.0014 52 199 89
-12.4316 -0.5982 -1.5350 52 199 89
-12.0854 -0.4605 -0.1180 52 199 89
-12.2456 -0.3764 -0.9126 52 199 89
-12.4360 -0.4851 -0.8065 52 199 89
-12.1589 -0.4459 -0.6881 52 199 89
-12.0351 -0.4473 -0.2253 52 199 89
-12.4435 -0.4929 -0.7198 52 199 89
-12.2040 -0.3692 0.2435 52 199 89
-12.1598 -0.4357 -0.7502 52 199 89
-12.3044 -0.4299 -0.7385 52 199 89
-12.0507 -0.3752 0.2893 52 199 89
-11.9170 -0.3967 0.3170 52 199 89
-12.1939 -0.2990 0.3258 52 199 89
-12.2419 -0.4280 -0.3066 52 199 89
-12.4000 -0.4249 -0.5696 52 199 89
-12.2889 -0.3026 0.3439 52 199 89
-11.9575 -0.4625 -0.5648 52 199 89
-12.1779 -0.4225 -0.5569 52 199 89
-12.1617 -0.4652 -0.4631 52 199 89
-12.3976 -0.3553 0.4036 52 199 89
-12.3168 -0.3432 0.4481 52 199 89
-12.3754 -0.2981 0.8593 52 199 89
-12.4428 -0.4496 -0.4318 52 199 89
-12.0756 -0.4766 -0.3289 52 199 89
-12.4181 -0.4160 0.6582 52 199 89
-12.1934 -0.3011 1.3951 52 199 89
-12.3928 -0.2902 1.2439 52 199 89
-12.1813 -0.2717 1.1545 52 199 89
-12.3901 -0.3319 -0.4088 52 199 89
-12.1996 -0.3477 1.0724 52 199 89
-12.3841 -0.2839 0.8067 52 199 89
-12.3613 -0.3087 0.8289 52 199 89
-12.3895 -0.3456 0.9187 52 199 89
-12.3869 -0.3424 0.8657 52 199 89
-12.3641 -0.3122 0.8833 52 199 89
-12.1533 -1.0021 -2.0062 52 199 89
-12.1521 -0.9620 -2.1302 52 199 89
-12.1304 -0.9725 -2.1190 52 199 89
-12.1373 -0.9817 -2.1100 52 199 89
-12.0065 -0.9314 -2.5524 52 199 89
-12.3836 -0.5789 -1.5194 52 199 89
-12.3568 -0.3635 -0.4300 52 199 89
-11.9851 -0.3455 3.6514 52 199 89
-12.0238 -0.4857 2.6863 52 199 89
-12.3905 -0.5875 -1.8191 52 199 89
-12.2826 -0.4309 3.3611 52 199 89
-12.1806 -0.4273 3.5340 52 199 89
-11.9264 -0.4606 -0.6296 52 199 89
-12.3992 -0.4362 -0.7066 52 199 89
-12.4495 -0.5551 -0.2820 52 199 89
-12.4041 -0.5890 -1.6023 52 199 89
-12.3977 -0.3563 0.0689 52 199 89
-12.4179 -0.6059 -1.5260 52 199 89
-12.4488 -0.4745 -0.8910 52 199 89
-12.1520 -0.3872 -0.9508 52 199 89
-12.1977 -0.2959 1.3749 52 199 89
-12.3647 -0.3430 1.2359 52 199 89
-12.3947 -0.3444 -0.5060 52 199 89
-12.3610 -0.3377 0.8254 52 199 89
-12.4293 -0.6255 -1.4869 52 199 89
-12.1329 -0.9872 -2.0702 52 199 89
-12.1466 -0.9709 -2.0977 52 199 89
-12.1529 -0.9645 -2.1124 52 199 89
-12.1655 -0.9957 -1.9734 52 199 89
-12.1263 -1.0034 -1.9356 52 199 89
-12.3023 -0.4438 -1.4756 52 199 89
-12.2240 -0.6688 -2.2271 52 199 89
-12.1896 -0.7340 -2.0987 52 199 89
-12.2162 -0.7376 -1.5632 52 199 89
-11.8882 -0.4570 -0.1643 52 199 89
-12.2827 -0.3350 -0.9311 52 199 89
-12.0831 -0.4535 -0.1218 52 199 89
-12.2536 -0.4885 -0.7891 52 199 89
-12.1633 -0.4533 -0.7435 52 199 89
-12.0536 -0.5583 3.2448 52 199 89
-12.2063 -0.3999 0.2428 52 199 89
-12.1577 -0.4378 -0.6848 52 199 89
-12.3916 -0.3113 -0.4143 52 199 89
-11.9238 -0.5172 -0.6383 52 199 89
-11.9268 -0.4289 0.3203 52 199 89
-12.2088 -0.4501 0.3326 52 199 89
-12.3744 -0.3282 0.8605 52 199 89
-12.3962 -0.4551 -0.5369 52 199 89
-12.3745 -0.3099 0.6995 52 199 89
-12.1583 -0.4384 -0.4819 52 199 89
-12.0391 -0.4565 -0.2581 52 199 89
-12.2836 -0.2953 -0.3147 52 199 89
-12.3574 -0.3271 2.0023 52 199 89
-12.3833 -0.5895 -1.5152 52 199 89
-12.1695 -0.9687 -2.0522 52 199 89
-12.3547 -0.3670 2.3564 52 199 89
-12.2483 -0.5154 0.3229 52 199 89
-11.9791 -0.5461 2.6840 52 199 89
-12.3746 -0.3881 -0.3628 52 199 89
-12.0426 -0.5103 -0.8857 52 199 89
-12.2394 -0.3182 1.3489 52 199 89
-12.4147 -0.3379 0.7171 52 199 89
-11.9699 -0.4331 -0.3350 52 199 89
-12.0902 -0.4413 3.9625 52 199 89
-11.9630 -0.3445 -0.2863 52 199 89
-12.4363 -0.3814 0.7623 52 199 89
-12.0069 -0.4492 2.7329 52 199 89
-12.2043 -0.3920 0.3345 52 199 89
-12.2076 -0.3121 1.3300 52 199 89
-12.3032 -0.4819 -1.5610 52 199 89
-12.3719 -0.3178 0.8855 52 199 89
-12.3021 -0.3077 -1.1629 52 199 89
-12.2239 -0.4486 -0.7585 52 199 89
-12.1398 -0.9753 -2.1250 52 199 89
-12.1464 -0.9400 -2.1499 52 199 89
-12.1613 -0.9701 -2.0535 52 199 89
-12.2296 -0.7146 -2.1545 52 199 89
-12.2357 -0.7393 -1.6728 52 199 89
-12.2237 -0.7248 -1.6701 52 199 89
-12.2121 -0.7044 -1.6311 52 199 89
-12.2247 -0.7052 -1.5664 52 199 89
-12.0459 -0.4830 -0.1436 52 199 89
-11.9753 -0.8783 -1.8435 52 199 89
-11.9321 -0.4311 -0.5605 52 199 89
-12.1717 -0.5257 -0.4696 52 199 89
-12.3966 -0.3059 -0.5315 52 199 89
-11.9594 -0.4394 -0.4779 52 199 89
-11.9723 -0.5353 2.8396 52 199 89
-12.3080 -0.4510 -1.6820 52 199 89
-12.3800 -0.5810 -1.4728 52 199 89
-12.3630 -0.5434 -1.6224 52 199 89
-12.1639 -0.3060 3.9745 52 199 89
-12.3057 -0.3804 -0.8245 52 199 89
-12.2032 -0.3386 0.6096 52 199 89
-12.3737 -0.5629 -1.6298 52 199 89
-11.9576 -0.3853 -0.3643 52 199 89
-12.3885 -0.3124 1.3900 52 199 89
-12.2014 -0.3247 0.1880 52 199 89
-11.9725 -0.3891 -0.2750 52 199 89
-12.1815 -0.3980 0.5898 52 199 89
-12.1642 -0.9458 -2.1021 52 199 89
-12.1733 -0.9501 -2.1145 52 199 89
-12.3600 -0.3872 -0.4330 52 199 89
-12.2451 -0.3865 1.2752 52 199 89
-12.2452 -0.6792 -1.7196 52 199 89
-12.1819 -0.7583 -1.4306 52 199 89
-12.3040 -0.4743 -1.5633 52 199 89
-12.1797 -0.9422 -1.0435 52 199 89
-12.1880 -0.5304 -0.9944 52 199 89
-12.1586 -0.4246 -1.0258 52 199 89
-12.3389 -0.4154 -1.0024 52 199 89
-12.3652 -0.2688 -1.1028 52 199 89
-12.0530 -0.4361 -0.3040 52 199 89
-12.0265 -0.4734 2.6330 52 199 89
-12.0858 -0.3828 2.1651 52 199 89
-12.1519 -0.4078 -0.6917 52 199 89
-11.9479 -0.4227 -0.6599 52 199 89
-11.9427 -0.5092 -0.5830 52 199 89
-12.2014 -0.3416 1.3304 52 199 89
-12.2065 -0.4185 1.0878 52 199 89
-12.2031 -0.4340 0.6920 52 199 89
-12.3164 -0.4453 0.5368 52 199 89
-12.3757 -0.3858 -0.5882 52 199 89
-12.3988 -0.3799 -0.4990 52 199 89
-12.0505 -0.4021 -0.4592 52 199 89
-12.0830 -0.4667 -0.0221 52 199 89
-12.1879 -0.4309 -0.3561 52 199 89
-12.3984 -0.3949 -0.3544 52 199 89
-11.9696 -0.3732 -0.2760 52 199 89
-12.3631 -0.5530 -1.7167 52 199 89
-12.2117 -0.6978 -1.6481 52 199 89
-12.2070 -0.7477 -1.5842 52 199 89
-12.2473 -0.7027 -1.6701 52 199 89
-12.3797 -0.5250 -1.9230 52 199 89
-12.2267 -0.7520 -1.9412 52 199 89
-12.1926 -0.7256 -2.1105 52 199 89
-12.1824 -0.7312 -2.1015 52 199 89
-12.1704 -0.9319 -2.1681 52 199 89
-12.0209 0.1646 0.1897 52 199 89
-12.0589 -0.0184 -1.8054 52 199 89
-12.1339 0.0514 -1.4037 52 199 89
-12.2824 0.0021 1.9488 52 199 89
-12.2610 -0.0009 1.9738 52 199 89
-12.2523 0.0106 2.1277 52 199 89
-12.3263 0.0205 -1.0823 52 199 89
-12.3793 -0.0387 -1.7312 52 199 89
-12.1617 0.0891 -1.1907 52 199 89
-11.6734 0.1079 -1.9739 52 199 89
-12.2675 0.1356 0.0464 52 199 89
-12.3071 0.1041 -0.8352 52 199 89
-12.2942 -0.0186 3.1562 52 199 89
-12.2865 -0.1745 -3.0637 52 199 89
-12.0452 -0.6900 -3.6277 52 199 89
-12.3360 0.0273 -0.1387 52 199 89
-12.3166 0.1113 -1.3589 52 199 89
-12.0595 -0.7205 -3.3610 52 199 89
-12.0454 -0.0365 -1.2683 52 199 89
-12.4176 -0.2767 -3.6083 52 199 89
-12.3210 0.0517 -1.2969 52 199 89
-12.0706 -0.3160 -3.4465 52 199 89
-12.4479 -0.1014 -1.1471 52 199 89
-12.2930 0.0156 1.8504 52 199 89
-12.1711 -0.3500 -2.9416 52 199 89
-12.3180 0.0316 -0.9979 52 199 89
-12.2822 -0.1264 -3.1672 52 199 89
-12.3538 -0.2020 -2.8278 52 199 89
-12.0677 -0.3239 -3.4063 52 199 89
-12.0579 -0.0239 -2.1711 52 199 89
-12.3951 -0.0565 0.4405 52 199 89
-12.1071 0.0992 -2.1304 52 199 89
-12.1105 0.0984 -2.0956 52 199 89
-12.3909 -0.0620 -1.8375 52 199 89
-12.0945 0.1071 -2.0682 52 199 89
-12.1595 0.1170 -2.0066 52 199 89
-12.0361 -0.0298 -1.8337 52 199 89
-12.2618 0.1372 0.3804 52 199 89
-12.4587 -0.1515 0.1999 52 199 89
-12.1989 0.0803 -1.5864 52 199 89
-12.2867 0.1613 -1.6425 52 199 89
-12.4556 -0.0706 -1.1666 52 199 89
-12.0322 -0.0013 3.8741 52 199 89
-12.2569 0.1061 0.3954 52 199 89
-12.2629 0.1315 0.5961 52 199 89
-12.4563 -0.1512 0.5584 52 199 89
-12.4235 -0.1761 0.5636 52 199 89
-12.4094 -0.1578 0.6029 52 199 89
-12.0256 -0.0100 3.8433 52 199 89
-12.0368 -0.0226 -1.4844 52 199 89
-12.3171 0.0797 -0.1703 52 199 89
-12.1971 0.1442 -0.1747 52 199 89
-12.4213 -0.1682 -0.1575 52 199 89
-12.2540 0.1339 0.8978 52 199 89
-12.1981 0.0947 -1.5443 52 199 89
-12.2567 0.1148 -1.5557 52 199 89
-12.0915 0.1704 0.9804 52 199 89
-12.2595 0.1164 0.9493 52 199 89
-12.2737 0.0982 0.9409 52 199 89
-12.0333 -0.0302 -1.4306 52 199 89
-12.4352 -0.1302 -0.2830 52 199 89
-12.2723 -0.0367 1.6102 52 199 89
-12.2774 0.0141 1.6964 52 199 89
-12.2573 0.0668 1.7679 52 199 89
-12.2745 0.0074 1.7692 52 199 89
-12.2944 0.0211 1.7769 52 199 89
-12.2953 0.0078 1.8037 52 199 89
-12.2746 0.0047 1.8134 52 199 89
-12.4175 -0.2688 -3.7381 52 199 89
-12.2877 0.1223 -1.7309 52 199 89
-12.3915 -0.0881 -1.8857 52 199 89
-12.2624 -0.0359 3.7385 52 199 89
-12.2976 0.1444 -1.6573 52 199 89
-11.7165 0.0222 -1.4290 52 199 89
-11.7304 -0.0161 -1.3761 52 199 89
-12.3042 0.1321 -1.6848 52 199 89
-12.4481 -0.1275 -0.5501 52 199 89
-12.2663 -0.0463 2.3197 52 199 89
-12.4295 -0.1416 -0.2305 52 199 89
-12.2658 0.0299 2.2316 52 199 89
-11.8033 0.1554 -0.4405 52 199 89
-12.4203 -0.0974 -1.2036 52 199 89
-12.1189 0.0791 -1.3416 52 199 89
-12.2482 0.0542 1.8553 52 199 89
-12.3208 -0.1472 -2.2248 52 199 89
-12.4233 -0.1521 -0.2754 52 199 89
-11.7579 0.0820 -2.5202 52 199 89
-11.5934 0.1338 -2.4969 52 199 89
-12.2802 -0.0190 3.7198 52 199 89
-12.4576 -0.0582 -1.8194 52 199 89
-12.3844 -0.0764 -0.7246 52 199 89
-12.2870 0.0581 1.7864 52 199 89
-12.4577 -0.1083 -1.0481 52 199 89
-12.2615 0.1203 0.4868 52 199 89
-12.2575 0.0346 1.8200 52 199 89
-11.7323 -0.0015 -1.3398 52 199 89
-12.0250 -0.6814 -3.7385 52 199 89
-12.0222 -0.7005 -3.6192 52 199 89
-12.0652 -0.0594 -1.2986 52 199 89
-12.4385 -0.1478 -0.2353 52 199 89
-12.1005 0.0533 -1.1748 52 199 89
-12.3366 0.0307 0.2930 52 199 89
-12.4080 -0.0220 -2.0826 52 199 89
-12.0520 -0.7010 -3.4450 52 199 89
-12.2971 0.1569 -1.9957 52 199 89
-12.3871 -0.1039 -1.0295 52 199 89
-12.3872 -0.0969 -0.4462 52 199 89
-12.4326 -0.1642 -0.2260 52 199 89
-12.2029 0.0455 -1.0718 52 199 89
-12.2482 -0.0973 3.7278 52 199 89
-12.1605 0.0824 -1.3567 52 199 89
-12.3057 0.1486 -1.9359 52 199 89
-12.2494 0.0055 2.1697 52 199 89
-12.2992 0.1356 -1.7721 52 199 89
-12.1275 0.1003 -1.2437 52 199 89
-12.4478 -0.3104 -3.1585 52 199 89
-12.2794 0.0051 2.0997 52 199 89
-12.0328 -0.0175 -1.3575 52 199 89
-12.1227 -0.3659 -2.9563 52 199 89
-12.0869 -0.3760 -2.9342 52 199 89
-12.4466 -0.1487 -0.1521 52 199 89
-12.1140 -0.3592 -2.8157 52 199 89
-12.4528 -0.1818 0.6139 52 199 89
-12.2519 0.0443 2.0525 52 199 89
-12.2531 -0.0047 3.8297 52 199 89
-12.1559 0.0800 -1.1185 52 199 89
-12.3468 -0.1664 -2.8832 52 199 89
-12.0213 0.1940 1.0589 52 199 89
-12.4673 -0.1644 0.6315 52 199 89
-12.4097 -0.1483 0.6542 52 199 89
-12.0425 -0.0174 -1.2799 52 199 89
-12.2837 -0.0019 1.9475 52 199 89
-12.4541 -0.1694 0.6152 52 199 89
-12.3582 0.0088 -1.2809 52 199 89
-12.3248 0.0381 -0.7807 52 199 89
-12.3530 -0.2040 -2.8282 52 199 89
-12.2911 -0.0010 2.0208 52 199 89
-12.2487 -0.0434 3.8044 52 199 89
-12.3431 -0.2231 -2.7675 52 199 89
-12.3527 0.0077 -1.2989 52 199 89
-12.2492 0.0423 2.1989 52 199 89
-12.4659 -0.1626 0.5828 52 199 89
-12.2646 0.0054 3.8817 52 199 89
-12.4572 -0.1444 0.5542 52 199 89
-11.7249 -0.0035 -1.4020 52 199 89
-12.4228 -0.1806 0.5505 52 199 89
-12.2478 0.0367 2.3909 52 199 89
-12.3761 -0.0382 -1.3704 52 199 89
-12.0397 -0.0534 -1.4403 52 199 89
-12.0291 0.2349 -0.0494 52 199 89
-12.3069 0.1223 -1.5967 52 199 89
-12.3168 0.1484 -1.6324 52 199 89
-12.2578 -0.0460 3.7317 52 199 89
-12.0250 0.1413 0.5638 52 199 89
-12.2883 -0.0234 2.9135 52 199 89
-12.2626 -0.0276 3.7582 52 199 89
-12.2879 0.1516 -1.7697 52 199 89
-12.3182 -0.1220 -2.2245 52 199 89
-12.2903 -0.0288 3.0323 52 199 89
-12.2856 0.1159 0.3688 52 199 89
-11.6797 0.0908 -1.9493 52 199 89
-12.3067 0.1426 -1.9170 52 199 89
-12.1963 0.1533 -0.0281 52 199 89
-12.3758 -0.0594 -1.7147 52 199 89
-12.4019 -0.0671 -2.1529 52 199 89
-11.6256 0.1321 -0.4671 52 199 89
-12.1613 0.1221 -1.9665 52 199 89
-12.0340 -0.0267 -2.2602 52 199 89
-12.4517 -0.0735 -2.0810 52 199 89
-12.2925 0.1223 -1.9680 52 199 89
-12.0577 -0.0198 -2.1722 52 199 89
-12.4112 -0.0566 -2.0348 52 199 89
-12.3369 0.0707 0.1525 52 199 89
-12.1781 0.1177 -2.2455 52 199 89
-12.3114 0.1077 -2.0412 52 199 89
-12.3972 -0.0462 -1.9634 52 199 89
-12.1442 0.0572 -0.3092 52 199 89
-12.4285 -0.1612 -0.2213 52 199 89
-12.1628 0.0985 -0.3250 52 199 89
-12.4461 -0.1446 -0.1686 52 199 89
-12.1612 0.0914 -1.1976 52 199 89
-12.4455 -0.1189 -0.7671 52 199 89
-12.3177 0.0909 -0.9293 52 199 89
-12.4025 -0.1106 -0.1524 52 199 89
-12.2543 0.0941 0.8616 52 199 89
-12.2910 0.1172 0.8649 52 199 89
-12.0919 0.1329 0.9716 52 199 89
-12.1625 0.1555 -0.0104 52 199 89
-12.4155 -0.2633 -3.7200 52 199 89
-11.8112 0.0249 -1.1056 52 199 89
-11.9768 -0.0192 0.9610 52 199 89
-12.0672 -0.3230 -3.4115 52 199 89
-12.4440 -0.3201 -3.1236 52 199 89
-12.1328 -0.3595 -3.0342 52 199 89
-12.0868 -0.3740 -2.9465 52 199 89
-12.4025 -0.0986 -1.0925 52 199 89
-12.0942 -0.3560 -2.9669 52 199 89
-12.3973 -0.1080 -1.1021 52 199 89
-12.4400 -0.1014 -1.1380 52 199 89
-12.2579 0.0254 1.7348 52 199 89
-12.2506 0.0955 1.8713 52 199 89
-12.2672 0.0286 1.7923 52 199 89
-12.2832 0.0250 1.7949 52 199 89
-12.2944 0.0163 1.7758 52 199 89
-12.3277 -0.1763 -3.1645 52 199 89
-12.2888 0.0253 1.8505 52 199 89
-12.4384 -0.1001 -1.1735 52 199 89
-12.3146 0.0562 -1.3001 52 199 89
-12.3297 -0.2137 -2.9753 52 199 89
-12.0329 -0.0172 -1.3561 52 199 89
-12.0171 0.1128 0.7629 52 199 89
-12.0169 0.1877 0.7711 52 199 89
-12.0365 -0.6958 -3.5355 52 199 89
-12.2554 -0.0298 3.6835 52 199 89
-12.1218 -0.3567 -2.9798 52 199 89
-12.2867 0.0950 -1.4059 52 199 89
-12.1985 0.0724 -1.2483 52 199 89
-12.2633 0.1180 0.5905 52 199 89
-12.2664 0.0515 1.4296 52 199 89
-11.8092 0.1591 -0.4864 52 199 89
-11.7626 0.0695 -2.4970 52 199 89
-12.2599 0.0277 2.0101 52 199 89
-12.2407 0.0220 3.9076 52 199 89
-12.3119 0.1026 -0.2322 52 199 89
-12.2629 0.1240 0.4683 52 199 89
-12.3236 0.0623 2.1799 52 199 89
-11.7958 0.1820 -0.4489 52 199 89
-12.2160 0.0977 -2.2444 52 199 89
-12.0719 -0.3319 -3.4127 52 199 89
-12.3878 -0.0551 -0.8642 52 199 89
-12.4210 -0.1093 -1.1735 52 199 89
-12.1359 -0.3851 -2.9702 52 199 89
-12.1786 0.1077 -2.2177 52 199 89
-12.3197 0.0478 -0.1784 52 199 89
-12.4097 -0.1515 0.6585 52 199 89
-12.3983 -0.0536 -1.9520 52 199 89
-12.1989 0.1087 -0.2547 52 199 89
-12.1052 0.1038 -2.1321 52 199 89
-12.1013 0.0188 -0.3307 52 199 89
-12.1141 0.0948 -2.0931 52 199 89
-12.2687 0.1555 0.1779 52 199 89
-12.1034 0.0362 -1.1668 52 199 89
-12.4238 -0.1490 -0.2802 52 199 89
-12.0215 0.1629 0.2535 52 199 89
-12.3567 0.0021 -1.3376 52 199 89
-12.2844 -0.1010 -3.1841 52 199 89
-12.0105 0.0674 -0.4191 52 199 89
-12.1210 -0.3298 -3.7413 52 199 89
-12.0456 0.0502 -0.3418 52 199 89
-12.3940 -0.0578 0.4376 52 199 89
-12.3436 -0.2140 -2.7683 52 199 89
-12.4461 -0.1676 0.5427 52 199 89
-12.4540 -0.1650 0.5621 52 199 89
-12.4389 -0.0865 -1.1824 52 199 89
-12.1596 0.0625 -0.3456 52 199 89
-12.4399 -0.1733 0.6011 52 199 89
-12.4571 -0.1526 0.6137 52 199 89
-12.2884 -0.0419 2.8899 52 199 89
-11.8308 -0.0053 -1.1094 52 199 89
-12.1006 -0.2911 -3.1517 52 199 89
-12.3792 -0.0214 -1.7565 52 199 89
-12.2796 0.1304 0.9102 52 199 89
-11.6107 0.0778 -0.8817 52 199 89
-11.8264 -0.0221 -1.0714 52 199 89
-12.3108 0.1076 -1.8531 52 199 89
-11.6838 0.0825 -1.9283 52 199 89
-12.2656 0.1202 0.9322 52 199 89
-12.3155 0.0445 -1.0330 52 199 89
-12.0326 0.1733 0.2527 52 199 89
-12.4521 -0.0651 -2.1002 52 199 89
-12.3145 0.1624 -1.8322 52 199 89
-12.4269 -0.0745 -2.0706 52 199 89
-12.3883 -0.0452 -0.7769 52 199 89
-11.6912 0.0577 -1.6436 52 199 89
-12.4381 -0.1712 0.5427 52 199 89
-12.1906 0.1485 0.0379 52 199 89
-12.1950 0.0954 -0.1089 52 199 89
-12.3094 0.1027 -0.7815 52 199 89
-12.2721 0.0229 1.8243 52 199 89
-12.2851 0.0369 1.8090 52 199 89
-12.3191 0.1075 -1.5472 52 199 89
-12.0389 -0.0493 -1.4444 52 199 89
-12.2514 -0.0046 1.7906 52 199 89
-12.4221 -0.0951 -1.1351 52 199 89
-12.0787 0.0812 -1.7973 52 199 89
-12.4023 -0.1454 0.7509 52 199 89
-12.3119 0.0986 -0.2290 52 199 89
-12.2920 0.1208 -1.9593 52 199 89
-12.0577 -0.7128 -3.3951 52 199 89
-12.4180 -0.0955 -1.1557 52 199 89
-12.3365 0.0163 -0.1216 52 199 89
-12.2767 0.0774 2.0906 52 199 89
-12.2148 0.1511 -1.8336 52 199 89
-12.4015 -0.0967 -0.4375 52 199 89
-12.3727 -0.0418 0.0653 52 199 89
-12.4263 -0.1391 -0.4443 52 199 89
-12.0334 0.1990 -0.0331 52 199 89
-11.7045 0.0449 -1.7249 52 199 89
-11.7603 0.0788 -2.5094 52 199 89
-11.7372 0.1006 -2.4159 52 199 89
-12.0259 0.1350 0.5731 52 199 89
-12.1999 0.0450 -1.0167 52 199 89
-12.2527 0.0025 2.3112 52 199 89
-12.4183 -0.1348 -1.0259 52 199 89
-12.4032 -0.0983 -1.0123 52 199 89
-12.3086 0.1134 -1.5894 52 199 89
-12.2941 0.0417 1.8341 52 199 89
-12.2482 0.0360 2.3978 52 199 89
-12.3222 0.0330 -1.1679 52 199 89
-12.0947 -0.3568 -2.9619 52 199 89
-12.3798 -0.0394 -1.2420 52 199 89
-12.2406 0.0476 -1.9920 52 199 89
-12.3423 0.0512 -1.2968 52 199 89
-12.1353 0.0121 -0.3736 52 199 89
-12.2519 0.0197 2.0379 52 199 89
-12.3013 0.1760 -1.0497 52 199 89
-12.2650 0.1340 -1.3406 52 199 89
-11.8215 0.1345 -0.5495 52 199 89
-12.1468 0.0495 -0.2948 52 199 89
-11.6695 0.0756 -1.5794 52 199 89
-12.2982 0.1467 -1.9635 52 199 89
-12.3048 0.1666 -1.9597 52 199 89
-12.2676 -0.0189 2.1937 52 199 89
-11.8267 0.0187 -1.1923 52 199 89
-12.3579 0.0057 -1.2633 52 199 89
-11.6355 0.1352 -0.4288 52 199 89
-12.4438 -0.3205 -3.1242 52 199 89
-12.3074 0.0871 -0.0861 52 199 89
-12.2572 -0.0410 3.7423 52 199 89
-12.3196 -0.1528 -2.2392 52 199 89
-12.3560 0.0076 0.5268 52 199 89
-12.3385 0.1046 0.2940 52 199 89
-12.3317 -0.2298 -2.8901 52 199 89
-12.4181 -0.0729 -1.9724 52 199 89
-12.2827 0.1020 0.3111 52 199 89
-12.0781 -0.0488 -0.9343 52 199 89
-12.2537 0.1367 0.4728 52 199 89
-12.2922 0.1287 -0.9875 52 199 89
-12.3412 0.0206 -1.2605 52 199 89
-12.2650 0.0955 0.9328 52 199 89
-12.3754 -0.0516 -0.8862 52 199 89
-12.2575 0.1346 0.8958 52 199 89
-12.4255 -0.1234 -0.2973 52 199 89
-12.3080 0.1022 -0.6449 52 199 89
-12.0222 0.1650 0.7923 52 199 89
-12.1905 0.1263 0.0432 52 199 89
-12.0389 0.0843 -0.3324 52 199 89
-12.4176 -0.0742 0.6144 52 199 89
-12.1188 -0.3164 -3.7705 52 199 89
-12.4178 -0.2901 -3.6852 52 199 89
-12.0965 0.0567 -0.3511 52 199 89
-11.8174 0.0548 -1.2279 52 199 89
-12.3576 -0.0054 -1.2622 52 199 89
-12.1001 -0.3865 -2.8885 52 199 89
-12.2649 0.1591 -1.3626 52 199 89
-12.0889 -0.3633 -2.8076 52 199 89
-12.1973 0.1552 -0.2831 52 199 89
-12.3428 -0.1924 -2.8149 52 199 89
-12.4216 -0.1028 -1.0564 52 199 89
-12.3192 0.0467 -0.8638 52 199 89
-12.4218 -0.0985 -1.1342 52 199 89
-12.3989 -0.1284 -0.4174 52 199 89
-12.3982 0.0282 -1.1683 52 199 89
-12.3075 -0.1718 -2.1656 52 199 89
-12.3169 -0.0726 -2.2810 52 199 89
-12.4395 -0.1758 0.6025 52 199 89
-12.3134 -0.1403 -2.1655 52 199 89
-12.0315 0.0233 3.9487 52 199 89
-12.0257 0.0228 -2.2941 52 199 89
-12.4285 -0.0634 -2.0845 52 199 89
-12.2071 0.1376 -2.3329 52 199 89
-11.6390 0.1254 -0.4225 52 199 89
-12.3983 -0.0536 -1.9520 52 199 89
-12.3359 0.0063 -1.0623 52 199 89
-12.1549 0.1502 -2.0357 52 199 89
-11.6802 0.0927 -1.9237 52 199 89
-12.1850 0.0849 -1.7561 52 199 89
-12.3189 0.1017 -1.7424 52 199 89
-12.2615 -0.0050 3.0351 52 199 89
-12.2877 0.0088 1.7838 52 199 89
-12.2930 0.0124 1.7859 52 199 89
-12.4313 -0.1476 0.5616 52 199 89
-12.1956 0.1599 -0.1812 52 199 89
-12.4432 -0.1527 -0.1437 52 199 89
-12.1651 0.0912 -1.1429 52 199 89
-12.3084 0.0761 -0.0711 52 199 89
-12.2671 -0.0083 2.2124 52 199 89
-12.2722 -0.0029 2.1905 52 199 89
-12.2616 0.0397 3.9139 52 199 89
-11.6162 0.0401 -1.8278 52 199 89
-12.4326 -0.1242 -0.2241 52 199 89
-12.3253 0.0322 -1.1268 52 199 89
-12.3905 -0.0596 -1.8946 52 199 89
-12.4207 -0.1183 -0.7751 52 199 89
-12.3665 -0.1946 -2.7287 52 199 89
-12.0438 -0.6993 -3.5474 52 199 89
-12.4201 -0.1336 -0.1485 52 199 89
-12.2592 -0.0179 1.8724 52 199 89
-12.1856 -0.0319 -2.8021 52 199 89
-12.1399 0.0063 0.1012 52 199 89
-12.3822 -0.0922 -1.0190 52 199 89
-12.4314 -0.0447 -2.0879 52 199 89
-12.0338 0.1693 1.3535 52 199 89
-12.1100 -0.3415 -3.4211 52 199 89
-12.2843 0.0990 0.9204 52 199 89
-12.0383 0.1182 0.8840 52 199 89
-12.0186 0.1954 0.9316 52 199 89
-12.0139 0.2015 0.8241 52 199 89
-12.3342 -0.1982 -2.9918 52 199 89
-12.4107 -0.0262 0.6745 52 199 89
-12.3258 0.0352 -0.8128 52 199 89
-12.3723 -0.2197 -2.7467 52 199 89
-12.0255 0.0918 0.7415 52 199 89
-12.4365 -0.1861 0.5629 52 199 89
-12.0898 -0.3802 -2.8901 52 199 89
-12.3124 0.0575 -1.2258 52 199 89
-12.4010 -0.0513 -2.1455 52 199 89
-12.2034 0.1609 -2.3224 52 199 89
-12.4116 -0.0928 -1.9691 52 199 89
-12.1823 0.0749 -2.1571 52 199 89
-12.2635 -0.0328 2.1451 52 199 89
-11.6121 0.1360 -0.5351 52 199 89
-12.0686 -0.0587 -1.7604 52 199 89
-11.9942 0.2054 0.0366 52 199 89
-12.2917 0.1817 -1.9294 52 199 89
-12.3119 0.1009 -0.2139 52 199 89
-12.3939 -0.1006 -0.0410 52 199 89
-11.9996 0.2181 -0.0393 52 199 89
-11.6926 0.0658 -1.8641 52 199 89
-12.4301 -0.1380 -0.1355 52 199 89
-12.1881 0.1354 -0.1871 52 199 89
-11.6055 0.0421 -1.6048 52 199 89
-12.0419 0.0017 -1.2817 52 199 89
-12.3584 -0.0068 -1.3056 52 199 89
-12.4319 -0.1060 -1.1315 52 199 89
-12.4248 -0.1325 -0.2821 52 199 89
-12.1444 0.0218 -0.3056 52 199 89
-12.4219 -0.0533 -1.9861 52 199 89
-12.1671 0.0622 -1.1059 52 199 89
-11.8140 0.0375 -1.0794 52 199 89
-12.3096 0.0546 -0.0730 52 199 89
-11.6122 0.0260 -1.0165 52 199 89
-11.8335 0.1199 -0.5172 52 199 89
-11.6109 0.0793 -0.6672 52 199 89
-12.0404 -0.0131 3.8784 52 199 89
-12.2698 0.0357 2.2588 52 199 89
-11.6205 0.0369 -1.8065 52 199 89
-12.0282 -0.6946 -3.6363 52 199 89
-12.0297 -0.6866 -3.6213 52 199 89
-12.0373 -0.6996 -3.5163 52 199 89
-12.2889 0.0452 1.8210 52 199 89
-12.4246 -0.2535 -3.6392 52 199 89
-12.0554 -0.3465 -3.5734 52 199 89
-12.3262 -0.1691 -3.1579 52 199 89
-12.1053 -0.3933 -2.8340 52 199 89
-12.3798 -0.0532 -1.8627 52 199 89
-12.2724 -0.0216 1.7974 52 199 89
-12.2095 0.0825 -1.0508 52 199 89
-12.3935 -0.1035 -0.4111 52 199 89
-12.2754 0.0790 2.1549 52 199 89
-11.8525 0.0356 -0.7116 52 199 89
-12.2818 0.0761 1.7656 52 199 89
-12.0294 -0.0844 3.9095 52 199 89
-12.3424 0.0441 -1.2116 52 199 89
-12.2919 0.1743 -1.8154 52 199 89
-12.2272 0.1264 -2.0638 52 199 89
-12.1852 -0.0190 -2.8255 52 199 89
-11.7633 0.0269 -2.3033 52 199 89
-12.3919 -0.0707 -1.0005 52 199 89
-12.3734 -0.0479 -1.9381 52 199 89
-12.3766 -0.0461 -0.8977 52 199 89
-12.4039 -0.1514 -0.1029 52 199 89
-12.3283 -0.1390 -2.8317 52 199 89
-12.0361 0.0368 -1.3037 52 199 89
-12.0900 0.0097 -1.7650 52 199 89
-11.6693 0.0902 -0.4803 52 199 89
-11.6409 0.0674 -0.5178 52 199 89
-11.6189 0.0427 -1.8096 52 199 89
-11.8237 0.0071 -1.0356 52 199 89
-12.1486 0.0298 0.1764 52 199 89
-11.6127 0.0764 -0.6628 52 199 89
-12.4000 -0.1423 0.0367 52 199 89
-12.3065 0.1276 -0.2814 52 199 89
-12.0429 0.1517 0.0668 52 199 89
-12.3939 -0.0967 -0.0414 52 199 89
-11.6519 0.1252 -1.6593 52 199 89
-12.1047 -0.3012 -3.5412 52 199 89
-12.2034 0.1033 -0.2816 52 199 89
-12.3145 0.1072 -1.4078 52 199 89
-12.2713 0.0579 2.3168 52 199 89
-12.1999 -0.0520 -2.7688 52 199 89
-12.1993 -0.0422 -2.7043 52 199 89
-12.1987 -0.0323 -2.6389 52 199 89
-12.2074 -0.0366 -2.5464 52 199 89
-12.2632 -0.0108 2.1631 52 199 89
-12.1860 -0.0314 -2.8100 52 199 89
-12.0509 0.0990 0.2721 52 199 89
-12.4047 -0.0015 -2.1964 52 199 89
-12.0693 -0.0691 -2.0509 52 199 89
-12.2135 0.1222 -2.2456 52 199 89
-12.3135 -0.0298 -1.5732 52 199 89
-12.4112 -0.0135 -0.0020 52 199 89
-12.3921 -0.2982 -2.6648 52 199 89
-12.0319 -0.0131 -1.3568 52 199 89
-12.0375 0.1780 1.0309 52 199 89
-12.3012 0.1419 -1.3958 52 199 89
-12.4234 -0.0788 -1.9537 52 199 89
-12.2934 0.1279 0.8025 52 199 89
-12.3391 0.0331 -1.0761 52 199 89
-12.0301 -0.0008 -0.9564 52 199 89
-12.3515 0.0332 0.2056 52 199 89
-12.0945 0.0057 -0.3098 52 199 89
-12.3238 0.0256 3.0114 52 199 89
-12.2721 -0.0365 1.7808 52 199 89
-11.8943 -0.0094 -0.8404 52 199 89
-12.0410 -0.0577 -1.4770 52 199 89
-12.0493 -0.0514 -1.4825 52 199 89
-12.3674 -0.0462 -1.4350 52 199 89
-12.2049 -0.0153 -1.4545 52 199 89
-12.2811 0.0753 -1.5136 52 199 89
-12.0431 -0.0702 -1.3281 52 199 89
-12.3401 0.0337 -1.3161 52 199 89
-12.3964 -0.1281 -1.1410 52 199 89
-12.3395 0.0164 -1.1247 52 199 89
-11.8863 0.0284 -0.8813 52 199 89
-12.0287 -0.6989 -3.6155 52 199 89
-12.2430 0.1363 -1.7285 52 199 89
-12.1105 -0.3296 -3.7184 52 199 89
-12.1055 -0.3015 -3.5538 52 199 89
-12.0889 -0.3719 -2.9458 52 199 89
-12.3740 -0.1959 -2.7991 52 199 89
-12.2617 0.0896 2.2093 52 199 89
-12.2532 -0.0252 1.8379 52 199 89
-12.2896 -0.1137 -2.2659 52 199 89
-12.0275 0.0088 -2.2819 52 199 89
-12.0042 0.0036 -2.1278 52 199 89
-12.1872 0.1374 -2.2479 52 199 89
-12.2555 0.1118 1.0767 52 199 89
-12.3892 -0.0646 -1.8635 52 199 89
-12.2611 0.0797 0.8448 52 199 89
-12.2944 0.1037 0.7998 52 199 89
-12.2539 0.1518 0.4905 52 199 89
-12.2793 0.1192 0.4114 52 199 89
-12.2838 0.1378 0.1635 52 199 89
-12.1516 -0.0033 0.1554 52 199 89
-12.2689 0.1360 0.0647 52 199 89
-12.0395 0.1874 0.0828 52 199 89
-11.6818 0.1100 -1.8517 52 199 89
-12.1968 0.0948 0.0230 52 199 89
-12.3912 -0.1340 -0.0342 52 199 89
-12.3258 0.0397 -0.2218 52 199 89
-12.3137 -0.0627 -1.5700 52 199 89
-12.0887 0.0652 -0.3341 52 199 89
-12.2535 -0.0336 1.9664 52 199 89
-12.0981 0.0381 0.1208 52 199 89
-12.3142 0.0423 -0.7723 52 199 89
-11.5977 0.1047 -0.8740 52 199 89
-12.3748 -0.0295 -1.1290 52 199 89
-12.3085 0.0509 -0.9479 52 199 89
-12.3372 -0.0382 -1.0714 52 199 89
-12.2934 0.1945 -1.0798 52 199 89
-12.0602 -0.3817 -2.8633 52 199 89
-12.1993 0.1842 -0.2774 52 199 89
-12.3732 -0.2122 -2.7661 52 199 89
-12.1965 0.0102 -2.7168 52 199 89
-12.2587 0.0142 3.0166 52 199 89
-12.2739 -0.0728 2.2098 52 199 89
-12.0863 -0.0323 -2.0634 52 199 89
-12.0089 -0.0248 -1.9202 52 199 89
-12.2978 0.2178 1.1122 52 199 89
-12.0617 0.0030 -1.8338 52 199 89
-12.0493 0.1659 0.8747 52 199 89
-12.1600 -0.1231 0.2028 52 199 89
-12.3373 0.0552 0.0429 52 199 89
-11.6231 0.0470 -1.8342 52 199 89
-12.1774 0.1465 0.0367 52 199 89
-12.3255 0.0121 -0.1998 52 199 89
-12.3649 -0.0796 -1.4009 52 199 89
-12.2992 0.1661 -1.5723 52 199 89
-12.3172 0.1737 -1.5777 52 199 89
-12.3771 0.0300 -1.3184 52 199 89
-12.3589 -0.0297 -1.2378 52 199 89
-12.0763 -0.0765 -0.9009 52 199 89
-12.2009 0.0950 -1.2204 52 199 89
-11.6632 0.1524 -0.4233 52 199 89
-12.0593 0.0222 -1.2579 52 199 89
-12.6520 -0.3903 -1.4599 52 199 89
-13.0311 -0.5148 -1.6583 52 199 89
-13.0478 -0.4904 -1.6974 52 199 89
-12.6542 -0.2956 1.5444 52 199 89
-12.8654 -0.3626 3.2200 52 199 89
-12.5231 -0.2881 -1.5963 52 199 89
-13.0528 -0.4132 -0.8265 52 199 89
-13.0496 -0.4591 -0.7865 52 199 89
-12.8957 -0.1867 -0.5336 52 199 89
-12.8004 -0.4385 -2.3808 52 199 89
-12.6961 -0.3792 2.4154 52 199 89
-12.5596 -0.1500 -2.7316 52 199 89
-12.8216 -0.3652 2.9415 52 199 89
-13.0646 -0.2811 -0.4343 52 199 89
-13.0623 -0.3212 -0.4378 52 199 89
-12.8851 -0.3139 3.2159 52 199 89
-12.7076 -0.3168 2.4319 52 199 89
-12.8663 -0.3173 -0.9915 52 199 89
-12.7238 -0.3335 2.7761 52 199 89
-13.1051 -0.3146 -2.3011 52 199 89
-12.7178 -0.3420 2.7195 52 199 89
-12.5747 -0.1355 -1.2058 52 199 89
-12.9821 -0.3204 -2.1494 52 199 89
-12.9027 -0.1174 0.1752 52 199 89
-12.7823 -0.2568 0.4645 52 199 89
-13.0369 -0.4597 -1.2675 52 199 89
-13.0855 -0.3556 -2.0169 52 199 89
-12.9258 -0.6085 -2.9869 52 199 89
-12.9989 -0.3096 -1.5969 52 199 89
-13.0415 -0.4545 -1.4688 52 199 89
-12.8409 -0.2627 2.8159 52 199 89
-13.0394 -0.4743 -1.4880 52 199 89
-12.6736 -0.0486 -1.0831 52 199 89
-12.7461 -0.3005 2.8160 52 199 89
-12.6728 -0.4428 2.2727 52 199 89
-12.6333 -0.3834 2.9828 52 199 89
-12.8827 -0.3346 3.2589 52 199 89
-12.6302 -0.4022 2.8495 52 199 89
-12.8855 -0.3128 3.2435 52 199 89
-13.0552 -0.3549 -0.3087 52 199 89
-12.9065 -0.1376 -0.1239 52 199 89
-12.6388 -0.3993 2.5094 52 199 89
-12.8928 -0.2893 2.6900 52 199 89
-12.8457 -0.2936 2.7655 52 199 89
-12.6036 -0.1908 -1.1051 52 199 89
-12.7152 -0.3809 2.7384 52 199 89
-12.7231 -0.3930 2.7041 52 199 89
-12.7400 -0.2170 -1.2770 52 199 89
-13.0435 -0.4283 2.3309 52 199 89
-12.4747 -0.2949 2.0929 52 199 89
-12.6137 -0.3714 1.2934 52 199 89
-12.6219 -0.2883 1.3857 52 199 89
-12.9825 -0.3325 -1.5723 52 199 89
-13.0234 -0.4240 0.9277 52 199 89
-12.9787 -0.2791 -2.2454 52 199 89
-12.7106 -0.3707 2.6225 52 199 89
-13.0876 -0.3160 -2.3459 52 199 89
-12.6352 -0.3240 1.9730 52 199 89
-12.9918 -0.4132 1.0884 52 199 89
-13.0037 -0.3948 0.9886 52 199 89
-12.9721 -0.4429 2.3748 52 199 89
-12.6951 -0.3784 2.4501 52 199 89
-12.5647 -0.3613 -1.7664 52 199 89
-12.8077 -0.3604 2.9772 52 199 89
-12.9302 -0.3265 -1.8289 52 199 89
-12.8105 -0.4298 -1.6021 52 199 89
-12.7040 -0.8281 -2.5208 52 199 89
-12.8300 -0.2749 2.7331 52 199 89
-12.8527 -0.2141 2.8534 52 199 89
-12.5837 -0.3880 -1.8870 52 199 89
-12.9293 -0.1118 -0.6356 52 199 89
-12.8803 -0.2598 -1.0256 52 199 89
-13.0289 -0.4913 -0.7981 52 199 89
-12.8805 -0.3777 -2.2213 52 199 89
-13.0748 -0.2614 -0.3990 52 199 89
-13.0615 -0.3441 -0.3498 52 199 89
-12.8282 -0.3428 2.5116 52 199 89
-13.0582 -0.3634 -0.0456 52 199 89
-13.0811 -0.3699 -1.9500 52 199 89
-12.7255 -0.2139 -1.2152 52 199 89
-12.7323 -0.3379 2.6939 52 199 89
-13.1019 -0.2813 -2.4142 52 199 89
-13.0415 -0.4545 -1.4688 52 199 89
-13.0009 -0.3926 1.0062 52 199 89
-12.8710 -0.3078 3.3271 52 199 89
-13.0741 -0.2958 -1.8728 52 199 89
-12.8748 -0.3209 3.2007 52 199 89
-12.6317 -0.3865 2.8570 52 199 89
-13.0054 -0.4296 1.0578 52 199 89
-12.7143 -0.7721 -3.1258 52 199 89
-12.5240 -0.2652 -1.5753 52 199 89
-12.9960 -0.3421 -2.5332 52 199 89
-12.7827 -0.3536 2.8156 52 199 89
-12.9015 -0.3293 -2.3292 52 199 89
-12.9976 -0.4575 0.9681 52 199 89
-12.7737 -0.3424 2.8184 52 199 89
-12.9788 -0.3616 -1.5051 52 199 89
-12.7353 -0.3324 2.7494 52 199 89
-12.7146 -0.3549 2.6902 52 199 89
-12.6959 -0.4059 2.5809 52 199 89
-12.6396 -0.4013 2.5214 52 199 89
-12.8165 -0.4550 -1.9669 52 199 89
-12.9982 -0.2932 -0.8901 52 199 89
-12.7043 -0.3287 2.4050 52 199 89
-13.0602 -0.3918 -1.9656 52 199 89
-12.7033 -0.3461 2.5128 52 199 89
-12.6417 -0.3536 2.2535 52 199 89
-12.6376 -0.4174 2.1134 52 199 89
-12.8020 -0.4713 -1.7874 52 199 89
-12.6367 -0.3482 2.2230 52 199 89
-12.6673 -0.0810 -1.0521 52 199 89
-12.6100 -0.3481 1.3128 52 199 89
-12.7702 -0.5338 -1.5747 52 199 89
-12.6168 -0.3497 1.3431 52 199 89
-13.0271 -0.2953 -2.2233 52 199 89
-12.6971 -0.3780 2.4219 52 199 89
-12.6465 -0.3057 1.5215 52 199 89
-12.5863 -0.4252 -1.5644 52 199 89
-12.7534 -0.3490 2.5015 52 199 89
-12.6465 -0.2981 1.4988 52 199 89
-12.9923 -0.4521 1.1867 52 199 89
-12.8886 -0.3019 3.4250 52 199 89
-12.6175 -0.4678 2.8093 52 199 89
-12.9925 -0.4535 0.6396 52 199 89
-12.9407 -0.0889 -0.0035 52 199 89
-12.6644 -0.3784 -1.4986 52 199 89
-12.5265 -0.2554 -1.5687 52 199 89
-13.0212 -0.4993 -1.4963 52 199 89
-13.0517 -0.4197 -1.5664 52 199 89
-12.8320 -0.3337 2.5230 52 199 89
-13.0526 -0.3605 -0.3382 52 199 89
-12.5316 -0.3254 -1.9951 52 199 89
-12.5272 -0.2813 -1.4565 52 199 89
-13.0862 -0.2959 -2.4168 52 199 89
-13.1107 -0.2042 -0.4383 52 199 89
-12.5524 -0.1776 -1.4605 52 199 89
-13.0073 -0.4246 0.7563 52 199 89
-12.5262 -0.2952 -1.8666 52 199 89
-12.5423 -0.2384 -1.2347 52 199 89
-12.7729 -0.1523 0.3012 52 199 89
-12.5597 -0.1812 -1.1745 52 199 89
-12.8226 -0.4354 -2.0487 52 199 89
-12.5833 -0.1738 -1.0676 52 199 89
-12.9556 -0.0798 0.1547 52 199 89
-12.7110 -0.7794 -3.0944 52 199 89
-12.6306 -0.3676 3.0743 52 199 89
-13.0586 -0.3237 -1.8132 52 199 89
-12.7936 -0.4573 -1.6624 52 199 89
-12.9946 -0.3221 -1.7581 52 199 89
-12.7873 -0.2615 0.4398 52 199 89
-12.5872 -0.3804 -1.6608 52 199 89
-13.0882 -0.3053 -2.1999 52 199 89
-13.1011 -0.2803 -1.5529 52 199 89
-12.7040 -0.8117 -2.5318 52 199 89
-12.9155 -0.3747 -1.7676 52 199 89
-12.6123 -0.1151 -1.1605 52 199 89
-12.6466 -0.3736 2.2001 52 199 89
-13.0366 -0.4028 1.9155 52 199 89
-12.8129 -0.3410 2.5933 52 199 89
-12.8143 -0.3802 -1.4609 52 199 89
-12.6372 -0.3307 3.0494 52 199 89
-12.7142 -0.3017 2.5283 52 199 89
-12.6609 -0.1121 -1.0310 52 199 89
-12.7739 -0.2870 2.6225 52 199 89
-12.7153 -0.3624 2.7154 52 199 89
-12.6424 -0.3714 2.8621 52 199 89
-13.0172 -0.4397 0.7126 52 199 89
-12.8868 -0.2688 3.4397 52 199 89
-12.7018 -0.3524 2.5028 52 199 89
-12.8859 -0.3853 -0.4110 52 199 89
-12.9837 -0.3186 -2.0046 52 199 89
-12.7106 -0.3737 -1.3368 52 199 89
-13.0708 -0.2967 -0.5810 52 199 89
-13.0824 -0.3147 -1.5229 52 199 89
-12.8810 -0.3210 3.3663 52 199 89
-12.6109 -0.4835 2.7476 52 199 89
-12.9774 -0.2827 -2.2555 52 199 89
-12.7172 -0.2490 -1.1855 52 199 89
-12.8877 -0.3099 3.2369 52 199 89
-13.0482 -0.3111 -0.4453 52 199 89
-12.6338 -0.4373 2.5730 52 199 89
-12.7155 -0.3802 2.7248 52 199 89
-12.9919 -0.3278 -1.9804 52 199 89
-12.5750 -0.4073 -1.6641 52 199 89
-12.8469 -0.2478 2.8582 52 199 89
-12.6906 -0.8413 -2.3963 52 199 89
-12.8472 -0.2830 2.7039 52 199 89
-12.9238 -0.6364 -2.7447 52 199 89
-12.6400 -0.3547 2.2585 52 199 89
-12.8119 -0.3177 -2.4808 52 199 89
-12.9823 -0.3494 -1.7174 52 199 89
-12.6345 -0.3603 2.1929 52 199 89
-13.0154 -0.3162 -2.5177 52 199 89
-12.9010 -0.3372 -1.6570 52 199 89
-12.5274 -0.2426 -1.5930 52 199 89
-12.9111 -0.4082 -0.9008 52 199 89
-12.6445 -0.3069 1.5346 52 199 89
-13.0213 -0.4219 0.9682 52 199 89
-12.9945 -0.4043 0.9068 52 199 89
-13.0042 -0.3013 -0.7349 52 199 89
-13.0467 -0.3491 0.0601 52 199 89
-12.9458 -0.0970 -0.6213 52 199 89
-12.6351 -0.3747 3.0389 52 199 89
-12.7095 -0.8099 -2.5702 52 199 89
-12.8206 -0.3839 -2.1326 52 199 89
-13.1036 -0.2839 -2.3997 52 199 89
-13.0734 -0.3858 -0.8504 52 199 89
-13.1071 -0.2957 -2.3236 52 199 89
-12.9728 -0.2917 -2.2340 52 199 89
-12.9811 -0.3519 -1.5463 52 199 89
-12.9831 -0.3283 -0.6515 52 199 89
-12.5862 -0.3320 -1.8693 52 199 89
-12.8799 -0.4110 -0.4828 52 199 89
-13.1032 -0.3143 -2.0748 52 199 89
-13.0830 -0.3106 -0.3422 52 199 89
-12.7970 -0.3764 -2.3002 52 199 89
-12.5626 -0.2290 -1.1058 52 199 89
-12.5924 -0.2410 -1.0488 52 199 89
-13.0675 -0.3631 -1.4877 52 199 89
-12.5509 -0.1910 -1.2463 52 199 89
-12.6679 -0.3606 -1.5182 52 199 89
-12.5534 -0.1703 -1.4500 52 199 89
-13.0635 -0.3308 -2.0023 52 199 89
-12.9958 -0.4339 0.7128 52 199 89
-12.7784 -0.1380 0.2944 52 199 89
-12.9788 -0.3570 -2.4917 52 199 89
-12.9800 -0.3541 -1.7062 52 199 89
-12.7262 -0.2263 -1.0701 52 199 89
-13.0775 -0.3460 -1.5203 52 199 89
-12.8084 -0.3459 -2.3845 52 199 89
-12.8704 -0.2816 -0.9627 52 199 89
-12.8668 -0.3194 -0.9501 52 199 89
-13.0958 -0.2815 -2.4684 52 199 89
-12.8223 -0.4426 -2.0321 52 199 89
-12.9670 -0.3041 -2.3201 52 199 89
-12.9702 -0.3047 -2.2586 52 199 89
-12.9195 -0.4793 -2.6811 52 199 89
-12.8384 -0.3331 2.5413 52 199 89
-13.0000 -0.3923 -2.2983 52 199 89
-12.9357 -0.6371 -2.2364 52 199 89
-12.6352 -0.4436 2.1081 52 199 89
-12.9078 -0.0980 -0.6580 52 199 89
-13.0670 -0.3234 -2.0114 52 199 89
-13.0858 -0.2719 -0.5831 52 199 89
-12.8004 -0.3690 -1.8084 52 199 89
-13.0959 -0.2961 -1.9690 52 199 89
-12.6732 -0.3461 -1.5374 52 199 89
-13.0687 -0.3485 -1.7178 52 199 89
-12.8633 -0.2510 -0.4921 52 199 89
-13.0921 -0.2962 -1.5623 52 199 89
-13.0524 -0.3584 -0.3591 52 199 89
-12.5548 -0.2259 -1.1286 52 199 89
-12.9482 -0.0505 -0.0616 52 199 89
-12.7416 -0.2857 -1.5915 52 199 89
-12.9308 -0.4319 -2.9449 52 199 89
-12.8105 -0.3486 -2.1085 52 199 89
-12.8933 -0.2852 3.2702 52 199 89
-12.7271 -0.3408 2.8100 52 199 89
-12.6139 -0.3264 -1.5664 52 199 89
-13.1034 -0.2455 -2.5861 52 199 89
-12.6192 -0.1331 -1.1161 52 199 89
-12.6273 -0.3811 3.0426 52 199 89
-12.9004 -0.2937 -0.9416 52 199 89
-12.6454 -0.4012 2.1871 52 199 89
-12.8592 -0.3094 -0.9349 52 199 89
-12.8192 -0.3207 -1.8994 52 199 89
-12.7247 -0.2125 -1.3695 52 199 89
-12.6771 -0.3351 -1.5774 52 199 89
-13.0027 -0.4134 1.7361 52 199 89
-12.9972 -0.2918 -2.5782 52 199 89
-12.9087 -0.1435 -0.4439 52 199 89
-12.8586 -0.2631 -0.4968 52 199 89
-12.6958 -0.8331 -2.4375 52 199 89
-12.6140 -0.2089 -2.0023 52 199 89
-13.0773 -0.3344 -1.7318 52 199 89
-12.5940 -0.3594 1.6484 52 199 89
-12.9620 -0.3966 -1.4934 52 199 89
-12.8217 -0.3133 -2.3620 52 199 89
-12.7352 -0.3295 2.7511 52 199 89
-12.9837 -0.2819 -1.7147 52 199 89
-12.8683 -0.3173 2.6068 52 199 89
-13.0980 -0.2957 0.1306 52 199 89
-13.0926 -0.2623 -2.5554 52 199 89
-12.6115 -0.4530 2.8219 52 199 89
-12.6472 -0.3962 2.2362 52 199 89
-12.6446 -0.3226 2.3643 52 199 89
-12.6043 -0.3038 1.7272 52 199 89
-12.6571 -0.3052 1.4743 52 199 89
-12.9574 -0.3873 -2.1018 52 199 89
-12.5846 -0.2657 -1.9607 52 199 89
-13.0770 -0.2671 -0.0185 52 199 89
-12.5927 -0.3543 -1.6765 52 199 89
-13.0733 -0.2640 -0.3032 52 199 89
-12.8883 -0.1885 -0.5233 52 199 89
-13.0363 -0.2835 -1.9132 52 199 89
-12.8215 -0.3140 -1.9136 52 199 89
-12.7084 -0.3359 -1.6676 52 199 89
-12.5913 -0.1434 -1.0849 52 199 89
-12.5842 -0.2655 -1.0335 52 199 89
-12.7243 -0.3249 -1.5628 52 199 89
-12.5412 -0.2918 -1.1452 52 199 89
-12.7313 -0.2990 -1.4051 52 199 89
-12.7072 -0.6779 -1.4551 52 199 89
-12.6243 -0.7726 1.5793 52 199 89
-12.7466 -0.6506 -0.1333 52 199 89
-12.6375 -0.7496 1.5341 52 199 89
-12.6342 -0.7745 1.3614 52 199 89
-12.6488 -0.6970 0.6135 52 199 89
-12.7037 -0.6774 1.5260 52 199 89
-12.6351 -0.7636 1.3168 52 199 89
-12.7220 -0.6604 1.5236 52 199 89
-12.6117 -0.6964 -1.6384 52 199 89
-12.6319 -0.7743 1.2686 52 199 89
-12.6372 -0.6665 -2.1769 52 199 89
-12.5798 -0.6426 -1.2037 52 199 89
-12.6837 -0.6817 -1.1998 52 199 89
-12.7259 -0.6572 1.4902 52 199 89
-12.6898 -0.6648 -1.2006 52 199 89
-12.7370 -0.6724 -1.0088 52 199 89
-12.6392 -0.7531 1.1295 52 199 89
-12.6425 -0.7343 1.1482 52 199 89
-12.6440 -0.7349 1.2597 52 199 89
-12.7113 -0.6702 1.3245 52 199 89
-12.6371 -0.7094 -1.5100 52 199 89
-12.6445 -0.6755 -2.2307 52 199 89
-12.6955 -0.6732 -1.2322 52 199 89
-12.6303 -0.7477 1.5344 52 199 89
-12.6450 -0.7433 1.6165 52 199 89
-12.6750 -0.7373 1.2336 52 199 89
-12.6959 -0.7250 1.5033 52 199 89
-12.6469 -0.6714 0.6934 52 199 89
-12.6286 -0.7432 1.1165 52 199 89
-12.7196 -0.6483 1.5416 52 199 89
-12.6284 -0.7761 1.9504 52 199 89
-12.6385 -0.7231 1.7530 52 199 89
-12.6320 -0.7436 1.6427 52 199 89
-12.7285 -0.6848 -0.9757 52 199 89
-12.7108 -0.6593 -0.2418 52 199 89
-12.7494 -0.6437 -0.1380 52 199 89
-12.7449 -0.6419 -0.1075 52 199 89
-12.6511 -0.6835 1.5149 52 199 89
-12.6358 -0.7609 1.3508 52 199 89
-12.7060 -0.7090 1.4481 52 199 89
-12.5782 -0.6242 -2.2453 52 199 89
-12.6335 -0.7692 1.2774 52 199 89
-12.6162 -0.6584 -1.8910 52 199 89
-12.6557 -0.7119 -1.4735 52 199 89
-12.5699 -0.6603 -1.4006 52 199 89
-12.6999 -0.6602 -1.2548 52 199 89
-12.6415 -0.7176 1.1498 52 199 89
-12.5801 -0.6375 -1.2116 52 199 89
-12.5956 -0.6366 -1.1328 52 199 89
-12.6116 -0.8099 1.4627 52 199 89
-12.6476 -0.6687 0.6959 52 199 89
-12.6469 -0.7508 1.2806 52 199 89
-12.7183 -0.6498 1.3532 52 199 89
-12.6957 -0.6576 -1.2270 52 199 89
-12.6457 -0.7170 1.5910 52 199 89
-12.6296 -0.7301 1.6086 52 199 89
-12.5800 -0.6420 -1.2050 52 199 89
-12.5855 -0.6375 -1.2021 52 199 89
-12.7252 -0.6411 0.2583 52 199 89
-12.6917 -0.6608 -1.2074 52 199 89
-12.6318 -0.7130 0.8220 52 199 89
-12.7015 -0.6660 -1.0656 52 199 89
-12.7260 -0.6472 1.5504 52 199 89
-12.5717 -0.6626 -1.3286 52 199 89
-12.5715 -0.6482 -1.2623 52 199 89
-12.6223 -0.7998 1.8900 52 199 89
-12.6312 -0.7427 1.6842 52 199 89
-12.6127 -0.8311 1.4864 52 199 89
-12.6336 -0.7643 1.5028 52 199 89
-12.6305 -0.7480 1.5205 52 199 89
-12.6648 -0.7078 -1.5293 52 199 89
-12.4744 -0.8418 -1.1680 52 199 89
-12.5584 -0.6899 -1.6163 52 199 89
-12.6321 -0.7747 1.2721 52 199 89
-12.6446 -0.6746 -2.2294 52 199 89
-12.6869 -0.6996 1.3213 52 199 89
-12.7421 -0.6495 -0.1025 52 199 89
-12.6966 -0.6705 -1.2319 52 199 89
-12.6568 -0.7152 1.3376 52 199 89
-12.6303 -0.7256 0.9280 52 199 89
-12.6893 -0.7085 1.3207 52 199 89
-12.6328 -0.7255 1.1402 52 199 89
-12.6458 -0.7319 1.1679 52 199 89
-12.6789 -0.6899 1.3209 52 199 89
-12.6353 -0.7479 1.9947 52 199 89
-12.7237 -0.6549 1.5586 52 199 89
-12.5760 -0.6334 -1.3780 52 199 89
-12.7117 -0.6623 -0.1918 52 199 89
-12.6923 -0.6576 -1.2025 52 199 89
-12.6598 -0.6813 1.5597 52 199 89
-12.6304 -0.7835 1.3193 52 199 89
-12.6467 -0.7247 1.3869 52 199 89
-12.7283 -0.6847 -0.9759 52 199 89
-12.6405 -0.6771 0.8569 52 199 89
-12.5973 -0.7815 0.7407 52 199 89
-12.6030 -0.7828 0.6828 52 199 89
-12.6475 -0.6693 0.7003 52 199 89
-12.6497 -0.6799 0.6673 52 199 89
-12.7301 -0.6255 0.2557 52 199 89
-12.6200 -0.7999 1.4708 52 199 89
-12.6385 -0.7088 1.1363 52 199 89
-12.6371 -0.7091 1.1745 52 199 89
-12.6368 -0.7005 0.8966 52 199 89
-12.5732 -0.6515 -1.2411 52 199 89
-12.5794 -0.6491 -1.1796 52 199 89
-12.5853 -0.6442 -1.1725 52 199 89
-12.6114 -0.6788 -1.8266 52 199 89
-12.6961 -0.6892 -1.6367 52 199 89
-12.6619 -0.7020 -1.4817 52 199 89
-12.7165 -0.6580 -1.5696 52 199 89
-12.7141 -0.6570 -1.5019 52 199 89
-12.5975 -0.6330 -1.1424 52 199 89
-12.6583 -0.6456 1.9480 52 199 89
-12.7046 -0.6685 -1.0768 52 199 89
-12.6045 -0.6556 -1.1331 52 199 89
-12.6420 -0.6942 0.6937 52 199 89
-12.6996 -0.6705 -1.0559 52 199 89
-12.7173 -0.6425 -0.2481 52 199 89
-12.6345 -0.7656 1.3481 52 199 89
-12.6216 -0.7691 1.5654 52 199 89
-12.6399 -0.7024 1.1899 52 199 89
-12.6234 -0.7619 1.5223 52 199 89
-12.6165 -0.8330 1.3706 52 199 89
-12.6489 -0.6607 -2.2536 52 199 89
-12.6030 -0.6726 -1.8015 52 199 89
-12.6348 -0.6853 -2.1179 52 199 89
-12.6638 -0.6754 -2.0832 52 199 89
-12.6372 -0.6928 0.8529 52 199 89
-12.6338 -0.7149 -1.4901 52 199 89
-12.6576 -0.6797 -2.0846 52 199 89
-12.6698 -0.7360 1.2951 52 199 89
-12.6359 -0.6870 -2.1240 52 199 89
-12.6472 -0.7214 1.4275 52 199 89
-12.6404 -0.7156 1.1752 52 199 89
-12.6080 -0.6884 -1.6807 52 199 89
-12.6493 -0.7250 1.0746 52 199 89
-12.6348 -0.7136 0.5999 52 199 89
-12.6457 -0.7161 0.5819 52 199 89
-12.6973 -0.6768 0.1827 52 199 89
-12.5675 -0.6754 -1.3600 52 199 89
-12.6982 -0.7023 -1.3859 52 199 89
-12.6160 -0.6334 -1.1462 52 199 89
-12.6426 -0.6848 -2.1734 52 199 89
-12.6193 -0.8227 1.3901 52 199 89
-12.6444 -0.7574 1.2613 52 199 89
-12.6376 -0.7117 1.1791 52 199 89
-12.6309 -0.7136 0.7108 52 199 89
-12.6426 -0.7425 1.3565 52 199 89
-12.5900 -0.6640 -1.8516 52 199 89
-12.6930 -0.6945 -1.6245 52 199 89
-12.7087 -0.6701 -1.6058 52 199 89
-12.7027 -0.6605 0.1783 52 199 89
-12.6042 -0.6520 -1.1500 52 199 89
-12.6429 -0.6614 -2.1985 52 199 89
-12.6510 -0.7201 1.0787 52 199 89
-12.6422 -0.7021 0.6884 52 199 89
-12.5931 -0.7963 0.6023 52 199 89
-12.6358 -0.6998 0.6657 52 199 89
-12.6462 -0.6894 1.1350 52 199 89
-12.6337 -0.7446 1.7486 52 199 89
-12.6440 -0.7317 1.5636 52 199 89
-12.6790 -0.5822 2.4870 52 199 89
-12.6480 -0.7170 1.4366 52 199 89
-12.6873 -0.6758 -1.1223 52 199 89
-12.5719 -0.6836 -1.8206 52 199 89
-12.6474 -0.6734 -2.2067 52 199 89
-12.6367 -0.6842 -2.1169 52 199 89
-12.6365 -0.7256 0.6774 52 199 89
-12.6717 -0.7197 -1.3051 52 199 89
-12.1157 -0.3037 0.7841 52 199 89
-12.1037 -0.3109 0.6016 52 199 89
-12.1101 -0.3223 0.5642 52 199 89
-12.0118 -0.3532 2.6455 52 199 89
-12.1078 -0.4354 2.0920 52 199 89
-12.2568 -0.2325 -3.3636 52 199 89
-12.2556 -0.2179 -3.3907 52 199 89
-12.0457 -0.3912 1.8154 52 199 89
-12.0366 -0.3720 1.6341 52 199 89
-12.1605 -0.1227 1.8884 52 199 89
-12.2544 -0.1809 0.9228 52 199 89
-12.2556 -0.2075 0.9047 52 199 89
-11.8911 -0.4466 0.3394 52 199 89
-12.1376 -0.1056 1.8722 52 199 89
-12.0744 -0.3807 1.6188 52 199 89
-12.0779 -0.4343 2.2842 52 199 89
-12.0661 -0.4284 2.2782 52 199 89
-12.0871 -0.3163 0.6156 52 199 89
-12.1373 -0.2349 1.2451 52 199 89
-12.0224 -0.3364 1.2167 52 199 89
-12.0416 -0.3453 1.2826 52 199 89
-12.0249 -0.3953 2.4177 52 199 89
-11.8961 -0.3735 0.4871 52 199 89
-12.1140 -0.3650 1.9265 52 199 89
-11.9212 -0.4023 -0.9053 52 199 89
-12.0925 -0.4436 2.2220 52 199 89
-12.0217 -0.3570 2.4636 52 199 89
-12.0144 -0.4322 2.9766 52 199 89
-12.1305 -0.3839 2.4296 52 199 89
-12.0774 -0.4313 2.2817 52 199 89
-12.1010 -0.4187 2.1887 52 199 89
-12.0989 -0.4157 2.1268 52 199 89
-12.0575 -0.3983 1.8530 52 199 89
-11.9874 -0.2807 1.8193 52 199 89
-12.0790 -0.3947 1.5866 52 199 89
-12.1284 -0.0725 1.8111 52 199 89
-12.0447 -0.3552 1.2712 52 199 89
-12.0347 -0.3481 1.2598 52 199 89
-12.2524 -0.1290 0.9527 52 199 89
-12.2562 -0.2116 0.8965 52 199 89
-12.1147 -0.2985 0.7874 52 199 89
-12.1037 -0.3099 0.6040 52 199 89
-12.2940 -0.2371 -2.8799 52 199 89
-12.2569 -0.2342 -3.3611 52 199 89
-12.0238 -0.4367 2.9183 52 199 89
-12.0078 -0.3437 2.6793 52 199 89
-12.1313 -0.3867 2.4196 52 199 89
-12.1151 -0.4314 2.2735 52 199 89
-12.0643 -0.4207 2.2994 52 199 89
-12.1036 -0.4120 2.1540 52 199 89
-12.1698 -0.0607 2.1309 52 199 89
-12.1000 -0.4007 1.5598 52 199 89
-12.0327 -0.3573 1.6427 52 199 89
-12.1445 -0.0704 1.9652 52 199 89
-12.0051 -0.2950 1.6358 52 199 89
-11.9953 -0.2947 1.5465 52 199 89
-12.0965 -0.3660 1.3461 52 199 89
-12.0863 -0.3710 1.2149 52 199 89
-12.0244 -0.3391 1.2180 52 199 89
-11.9597 -0.3295 1.0969 52 199 89
-12.0984 -0.2391 0.8288 52 199 89
-12.0874 -0.2742 0.6998 52 199 89
-12.0808 -0.2944 0.6299 52 199 89
-11.9522 -0.3796 0.4986 52 199 89
-12.0900 -0.3090 -0.3724 52 199 89
-12.2880 -0.2409 -2.7163 52 199 89
-12.0065 -0.4312 3.0474 52 199 89
-12.0202 -0.4272 2.9461 52 199 89
-12.1086 -0.4082 2.3402 52 199 89
-12.1045 -0.4221 2.1369 52 199 89
-12.1037 -0.4301 2.0979 52 199 89
-12.0582 -0.4004 1.8525 52 199 89
-12.1200 -0.2867 1.8692 52 199 89
-12.1680 -0.0449 2.1554 52 199 89
-12.1025 -0.3999 1.5713 52 199 89
-12.1637 -0.0917 2.0024 52 199 89
-12.1427 -0.0718 2.0428 52 199 89
-12.0736 -0.3637 1.6172 52 199 89
-12.1327 -0.0657 1.9881 52 199 89
-12.1600 -0.1473 1.8459 52 199 89
-12.1324 -0.0745 1.9161 52 199 89
-12.1210 -0.0620 1.9310 52 199 89
-11.9954 -0.2939 1.5493 52 199 89
-12.0121 -0.3129 1.4680 52 199 89
-12.0988 -0.3765 1.3330 52 199 89
-12.0473 -0.3749 1.2564 52 199 89
-12.0303 -0.3370 1.3007 52 199 89
-12.1380 -0.2295 1.2567 52 199 89
-12.0962 -0.2881 0.7423 52 199 89
-12.1045 -0.2984 0.6763 52 199 89
-12.1149 -0.3355 0.5499 52 199 89
-12.0913 -0.3103 -0.3667 52 199 89
-11.9282 -0.4183 -0.8261 52 199 89
-11.9227 -0.3923 -0.9138 52 199 89
-12.2629 -0.1539 -1.7296 52 199 89
-12.2829 -0.2950 -2.5122 52 199 89
-12.2566 -0.2263 -3.3766 52 199 89
-12.2227 -0.2341 -3.4430 52 199 89
-12.0086 -0.4345 3.0379 52 199 89
-12.0158 -0.4322 2.9866 52 199 89
-12.1135 -0.3391 2.5952 52 199 89
-12.0454 -0.3427 2.5031 52 199 89
-12.1057 -0.4363 2.0918 52 199 89
-12.0586 -0.3985 1.8557 52 199 89
-12.0442 -0.3874 1.8664 52 199 89
-12.1687 -0.0512 2.1455 52 199 89
-11.9861 -0.2731 1.8503 52 199 89
-12.0341 -0.3598 1.6476 52 199 89
-12.0785 -0.3835 1.5806 52 199 89
-12.1351 -0.0667 1.9830 52 199 89
-12.1345 -0.0884 1.9008 52 199 89
-12.1157 -0.0856 1.9033 52 199 89
-12.0063 -0.2958 1.6322 52 199 89
-12.1195 -0.2801 1.5957 52 199 89
-12.0137 -0.3161 1.4678 52 199 89
-12.0935 -0.3579 1.3495 52 199 89
-12.1428 -0.2474 1.2449 52 199 89
-12.1186 -0.3789 0.6690 52 199 89
-12.2292 -0.2797 -2.3346 52 199 89
-12.2827 -0.2857 -2.5354 52 199 89
-12.0115 -0.4206 3.0309 52 199 89
-12.0088 -0.4322 2.9852 52 199 89
-12.0830 -0.4497 2.2507 52 199 89
-12.1208 -0.4200 2.2624 52 199 89
-12.1016 -0.4196 2.1347 52 199 89
-12.1121 -0.4302 1.7682 52 199 89
-12.0410 -0.3796 1.8869 52 199 89
-11.9848 -0.2646 1.8707 52 199 89
-12.1425 -0.0622 2.0568 52 199 89
-12.1228 -0.0577 1.9580 52 199 89
-12.1327 -0.0453 1.8965 52 199 89
-12.1152 -0.2622 1.6141 52 199 89
-12.0912 -0.3466 1.3774 52 199 89
-12.1032 -0.2481 0.8324 52 199 89
-12.0152 -0.3793 2.5161 52 199 89
-12.1233 -0.3972 2.3765 52 199 89
-12.1196 -0.4143 2.2707 52 199 89
-12.1097 -0.4196 1.7895 52 199 89
-12.0010 -0.3090 1.7881 52 199 89
-12.0891 -0.3532 1.6423 52 199 89
-11.9902 -0.2718 1.5452 52 199 89
-12.1365 -0.2191 1.2733 52 199 89
-11.9654 -0.3430 1.0961 52 199 89
-12.1011 -0.2971 0.4499 52 199 89
-12.2416 -0.1904 -3.4338 52 199 89
-12.0009 -0.3899 2.9557 52 199 89
-12.1269 -0.4136 2.3610 52 199 89
-12.1234 -0.4366 2.2148 52 199 89
-12.1302 -0.3070 2.4549 52 199 89
-12.1099 -0.4256 1.7890 52 199 89
-12.1201 -0.2971 1.8616 52 199 89
-11.9911 -0.2762 1.8566 52 199 89
-12.0715 -0.3609 1.6372 52 199 89
-11.9837 -0.2561 1.5875 52 199 89
-12.0939 -0.3747 1.3215 52 199 89
-12.8774 -0.0145 2.7265 52 199 89
-12.6893 0.0720 2.2426 52 199 89
-13.1237 -0.0278 1.4026 52 199 89
-13.1906 0.0057 1.2561 52 199 89
-13.1235 -0.0123 0.9536 52 199 89
-12.5886 0.0228 0.1507 52 199 89
-13.0033 -0.0337 0.0693 52 199 89
-12.6575 0.0389 0.0393 52 199 89
-12.6429 -0.0786 -1.0329 52 199 89
-12.6896 0.0735 2.2425 52 199 89
-12.6414 0.0287 2.1066 52 199 89
-13.1681 0.1145 1.4198 52 199 89
-13.1231 -0.0130 0.9494 52 199 89
-12.8575 -0.0629 -0.1039 52 199 89
-12.6430 -0.0786 -1.0297 52 199 89
-12.8746 -0.0270 2.6908 52 199 89
-12.6884 0.0688 2.2381 52 199 89
-12.6422 0.0322 2.1106 52 199 89
-12.8795 -0.0132 1.5920 52 199 89
-12.9174 -0.1220 1.3062 52 199 89
-13.1347 -0.0080 1.4337 52 199 89
-12.9027 0.0529 1.3170 52 199 89
-13.1979 0.0137 1.2479 52 199 89
-12.9793 -0.0622 0.1453 52 199 89
-12.9718 -0.1065 0.0474 52 199 89
-12.6631 0.0688 -0.0705 52 199 89
-12.8818 -0.0114 2.7233 52 199 89
-12.9385 -0.1324 1.3042 52 199 89
-12.9092 -0.1376 1.2921 52 199 89
-13.1485 0.0493 1.2729 52 199 89
-13.1101 -0.0403 0.9301 52 199 89
-12.8322 0.0423 0.7848 52 199 89
-12.6633 0.0702 0.0223 52 199 89
-12.6601 -0.0364 -0.0428 52 199 89
-12.6585 0.0411 -0.0636 52 199 89
-12.6566 -0.0306 -0.3146 52 199 89
-12.6621 -0.0447 -0.5598 52 199 89
-12.6498 0.0624 2.1557 52 199 89
-12.8968 0.0120 1.5885 52 199 89
-13.1521 0.0495 1.4366 52 199 89
-13.1471 0.0409 1.2786 52 199 89
-13.2107 0.0316 1.2659 52 199 89
-12.8245 0.0137 0.7740 52 199 89
-12.6658 -0.0176 -0.0369 52 199 89
-12.6612 -0.0025 -0.1811 52 199 89
-12.6440 -0.0648 -0.1616 52 199 89
-12.8886 -0.0201 2.8023 52 199 89
-12.8833 -0.0167 2.7143 52 199 89
-12.6529 0.0741 2.1939 52 199 89
-12.8851 -0.0017 1.9180 52 199 89
-12.8787 -0.0213 1.2130 52 199 89
-13.1650 0.0691 1.2913 52 199 89
-12.6607 -0.0227 0.5727 52 199 89
-12.6688 -0.0076 -0.0342 52 199 89
-12.6605 -0.0054 -0.1755 52 199 89
-12.6841 0.0739 -1.2368 52 199 89
-12.8868 -0.0189 2.8187 52 199 89
-12.8866 0.0020 1.9169 52 199 89
-12.9235 -0.1094 1.3413 52 199 89
-13.1647 0.0616 1.4247 52 199 89
-13.0751 -0.0423 1.3046 52 199 89
-13.1067 -0.0524 0.9296 52 199 89
-12.6639 0.0792 0.8642 52 199 89
-12.6820 0.0594 -0.6167 52 199 89
-13.1533 0.0440 1.4119 52 199 89
-13.1509 0.0388 1.2755 52 199 89
-12.6598 0.0555 -0.0158 52 199 89
-12.9938 -0.2159 0.8349 52 199 89
-13.0126 -0.1764 -0.7880 52 199 89
-12.7617 -0.1096 -1.2430 52 199 89
-13.2902 -0.0551 -0.4463 52 199 89
-12.9794 -0.2434 0.8092 52 199 89
-13.1064 -0.2687 0.5079 52 199 89
-13.2391 -0.1262 -0.4054 52 199 89
-12.9766 -0.1014 -0.8155 52 199 89
-12.8111 -0.1623 -1.3115 52 199 89
-12.8881 -0.2787 2.1259 52 199 89
-12.9762 -0.2471 0.8074 52 199 89
-13.2534 -0.0735 -0.4112 52 199 89
-12.9754 -0.2618 -0.6343 52 199 89
-13.0149 -0.1547 0.8404 52 199 89
-13.1412 -0.2211 0.5607 52 199 89
-13.0079 -0.1499 0.5071 52 199 89
-13.0295 -0.1030 0.3527 52 199 89
-13.3214 -0.0332 -0.8018 52 199 89
-12.9717 -0.2695 -0.6240 52 199 89
-12.8881 -0.2861 2.1045 52 199 89
-13.0605 -0.1363 1.6266 52 199 89
-13.0960 -0.1920 0.9170 52 199 89
-13.1249 -0.2465 0.5462 52 199 89
-13.0240 -0.1153 0.3434 52 199 89
-12.9375 -0.2065 -0.7492 52 199 89
-13.0172 -0.3295 -1.1280 52 199 89
-13.0259 -0.2040 1.5044 52 199 89
-13.0098 -0.1459 0.5080 52 199 89
-12.8161 -0.1107 0.3713 52 199 89
-13.0095 -0.1658 -0.1070 52 199 89
-12.8178 -0.1342 -1.3722 52 199 89
-13.0377 -0.2895 0.8335 52 199 89
-13.2272 -0.0971 0.6405 52 199 89
-13.0462 -0.0715 0.5718 52 199 89
-12.8042 -0.2435 -1.2525 52 199 89
-12.4442 -0.7170 -0.1452 52 199 89
-12.4398 -0.0377 -0.5485 52 199 89
-12.4462 -0.1793 -0.3786 52 199 89
-12.4330 0.1456 -0.6547 52 199 89
-12.4488 -0.2090 -0.4489 52 199 89
-12.4205 0.7164 -0.5056 52 199 89
-12.4152 0.5610 -0.6833 52 199 89
-12.4524 -0.1975 -0.2387 52 199 89
-12.8686 -0.0608 -0.5304 52 199 89
-12.8648 -0.0796 -0.8935 52 199 89
-12.8487 -0.0852 -1.5683 52 199 89
-12.8640 -0.0480 -0.4312 52 199 89
-12.8680 -0.0618 -0.6377 52 199 89
-12.8592 -0.0878 -0.8686 52 199 89
-12.8749 -0.1179 -1.6012 52 199 89
-12.8631 0.0271 0.2132 52 199 89
-12.8661 -0.0370 -0.5477 52 199 89
-12.8598 -0.0866 -0.8671 52 199 89
-12.8895 -0.1026 -1.7132 52 199 89
-12.8906 0.0614 1.3352 52 199 89
-12.8699 -0.0594 -0.5190 52 199 89
-12.8510 -0.0713 -1.5727 52 199 89
-12.8805 -0.0991 -1.6245 52 199 89
-12.8469 -0.1414 -2.7022 52 199 89
-12.8962 0.0725 1.3470 52 199 89
-12.8753 -0.0022 0.2038 52 199 89
-12.8609 -0.0012 -0.3456 52 199 89
-12.8776 -0.0111 -0.4549 52 199 89
-12.8650 -0.0457 -0.6437 52 199 89
-12.8614 -0.0696 -0.7244 52 199 89
-12.8793 -0.1035 -1.6095 52 199 89
-12.8871 -0.1259 -1.7239 52 199 89
-12.8485 -0.1385 -2.7094 52 199 89
-12.9428 0.1509 1.4894 52 199 89
-12.8877 0.0215 0.2042 52 199 89
-12.8741 -0.0219 -0.4516 52 199 89
-12.8761 -0.0513 -0.5198 52 199 89
-12.8601 -0.0712 -0.6084 52 199 89
-12.8661 -0.0436 -0.6437 52 199 89
-12.8677 -0.0566 -0.7318 52 199 89
-12.8810 -0.1026 -1.6165 52 199 89
-12.8891 -0.1228 -1.7201 52 199 89
-12.8472 -0.1163 -2.7894 52 199 89
-12.8977 0.0689 1.3506 52 199 89
-12.8923 0.0303 0.2019 52 199 89
-12.8726 -0.0235 -0.4931 52 199 89
-12.8649 -0.0785 -0.9153 52 199 89
-12.8591 -0.0672 -1.3002 52 199 89
-12.8742 -0.1173 -1.5885 52 199 89
-12.8426 -0.1246 -2.7555 52 199 89
-12.8874 0.0185 0.2097 52 199 89
-12.8724 -0.0640 -0.4717 52 199 89
-12.8814 -0.1022 -1.6049 52 199 89
-12.8573 -0.1256 -2.7428 52 199 89
-12.8372 -0.1341 -2.7120 52 199 89
-13.1897 0.3323 2.7562 52 199 89
-13.0248 0.2922 2.1923 52 199 89
-13.2133 0.3932 2.4848 52 199 89
-13.1635 0.3103 2.3168 52 199 89
-13.1862 0.3477 2.3852 52 199 89
-13.1239 0.2723 2.0230 52 199 89
-13.1027 0.2763 1.9826 52 199 89
-13.1361 0.4100 1.5406 52 199 89
-13.1220 0.3840 1.5084 52 199 89
-13.1085 0.3590 1.4774 52 199 89
-13.1100 0.2838 1.2698 52 199 89
-13.1861 0.3391 1.3291 52 199 89
-13.1942 0.3496 1.2642 52 199 89
-13.2320 0.2820 1.1558 52 199 89
-13.2924 0.3461 0.0332 52 199 89
-13.4008 0.1981 -0.1242 52 199 89
-13.2298 0.2960 -0.1423 52 199 89
-13.6520 0.1649 -0.4010 52 199 89
-13.1842 0.3453 2.3952 52 199 89
-13.1186 0.2635 2.0071 52 199 89
-13.0457 0.3018 1.5242 52 199 89
-13.2216 0.2516 1.5917 52 199 89
-13.3572 0.2917 1.7170 52 199 89
-13.1288 0.3971 1.5231 52 199 89
-13.1202 0.3773 1.3547 52 199 89
-13.1955 0.3544 1.3452 52 199 89
-13.0809 0.3628 1.2364 52 199 89
-13.1973 0.3547 1.2683 52 199 89
-13.2320 0.2819 1.1545 52 199 89
-13.2942 0.3473 0.0348 52 199 89
-13.4056 0.2027 -0.1311 52 199 89
-13.2244 0.2867 -0.1441 52 199 89
-13.6911 0.1751 -0.3967 52 199 89
-13.1596 0.2703 2.6257 52 199 89
-13.5950 0.1030 2.4517 52 199 89
-13.0965 0.3460 2.0168 52 199 89
-13.1248 0.3123 1.8937 52 199 89
-13.2171 0.2531 1.6148 52 199 89
-13.2089 0.2317 1.5634 52 199 89
-13.3522 0.2852 1.7089 52 199 89
-13.0920 0.3530 1.4429 52 199 89
-13.1807 0.3276 1.3826 52 199 89
-13.1914 0.3449 1.3849 52 199 89
-13.1194 0.3008 1.3039 52 199 89
-13.1115 0.3587 1.3347 52 199 89
-13.0659 0.3432 1.2320 52 199 89
-13.0825 0.3658 1.2409 52 199 89
-13.2280 0.2761 1.1485 52 199 89
-13.1382 0.3800 1.0629 52 199 89
-13.2969 0.3518 0.0349 52 199 89
-13.6623 0.1016 -2.6131 52 199 89
-13.3330 0.2476 2.0664 52 199 89
-13.1235 0.3063 1.8184 52 199 89
-13.0277 0.2888 1.5957 52 199 89
-13.1714 0.3097 1.3860 52 199 89
-13.1147 0.3628 1.3908 52 199 89
-13.1289 0.3180 1.3324 52 199 89
-13.0613 0.3308 1.2948 52 199 89
-13.2031 0.3681 1.3858 52 199 89
-13.1124 0.3627 1.3348 52 199 89
-13.1872 0.3318 1.3260 52 199 89
-13.0784 0.3567 1.2229 52 199 89
-13.0509 0.3212 1.1705 52 199 89
-13.2143 0.2560 1.1346 52 199 89
-13.0706 0.3271 0.9462 52 199 89
-13.2941 0.3653 -0.1229 52 199 89
-13.5367 0.2420 -2.5925 52 199 89
-13.5432 0.2312 -2.8010 52 199 89
-13.6329 0.1907 -3.3087 52 199 89
-13.1597 0.2682 2.6189 52 199 89
-13.1859 0.3485 2.4037 52 199 89
-13.2360 0.3823 2.4203 52 199 89
-13.1122 0.3729 2.0774 52 199 89
-13.3433 0.2606 2.1022 52 199 89
-13.1932 0.3456 1.5167 52 199 89
-13.1766 0.3182 1.3985 52 199 89
-13.1098 0.3546 1.3897 52 199 89
-13.0914 0.3819 1.2490 52 199 89
-13.1794 0.3240 1.2404 52 199 89
-13.2087 0.2444 1.1502 52 199 89
-13.1297 0.3622 0.9752 52 199 89
-13.3861 0.3297 0.9796 52 199 89
-13.3819 0.3033 0.9473 52 199 89
-13.6214 0.1840 0.9437 52 199 89
-13.6226 0.1103 0.4960 52 199 89
-13.2894 0.3543 -0.1153 52 199 89
-13.6664 0.1484 -0.3817 52 199 89
-13.6955 0.1404 -2.4457 52 199 89
-13.1716 0.2872 2.6659 52 199 89
-13.1682 0.3419 2.6821 52 199 89
-13.1935 0.3509 2.5020 52 199 89
-13.2377 0.3003 2.3671 52 199 89
-13.1931 0.3023 2.2893 52 199 89
-13.1094 0.3677 2.0686 52 199 89
-13.3380 0.2575 2.1072 52 199 89
-13.2421 0.2827 1.9330 52 199 89
-13.3566 0.2973 1.7143 52 199 89
-13.1125 0.3595 1.3902 52 199 89
-13.1828 0.3295 1.2543 52 199 89
-13.0966 0.3920 1.2542 52 199 89
-13.2153 0.2541 1.1630 52 199 89
-13.3865 0.3302 0.9856 52 199 89
-13.2492 0.2888 0.9156 52 199 89
-13.6033 0.1604 0.0398 52 199 89
-13.2925 0.3509 -0.0845 52 199 89
-13.3097 0.3281 -0.2174 52 199 89
-13.6008 0.1203 -0.3538 52 199 89
-13.5668 0.1610 -1.4253 52 199 89
-13.4533 0.3175 -3.1840 52 199 89
-13.2116 0.3488 2.8189 52 199 89
-13.1657 0.2756 2.6470 52 199 89
-13.1892 0.3719 2.7075 52 199 89
-13.2285 0.3161 2.4784 52 199 89
-13.2125 0.3341 2.3679 52 199 89
-13.1363 0.2965 2.1619 52 199 89
-13.4122 0.3576 2.1865 52 199 89
-13.2550 0.3014 1.9554 52 199 89
-13.3719 0.3193 1.7357 52 199 89
-13.2670 0.3146 1.6721 52 199 89
-13.1911 0.3501 1.2626 52 199 89
-13.2308 0.2815 1.1962 52 199 89
-13.1325 0.3748 1.0007 52 199 89
-13.6123 0.1697 0.0131 52 199 89
-13.5705 0.0939 -0.3255 52 199 89
-13.6233 0.1464 -1.4371 52 199 89
-13.5530 0.1481 -1.4081 52 199 89
-13.1508 0.2464 2.6007 52 199 89
-13.2190 0.3017 2.4977 52 199 89
-13.3846 0.3223 2.1183 52 199 89
-13.2342 0.2651 1.9185 52 199 89
-13.1301 0.2517 1.8307 52 199 89
-13.3122 0.2220 1.7586 52 199 89
-13.3778 0.3297 1.7703 52 199 89
-13.3044 0.2348 1.6043 52 199 89
-13.1349 0.3203 1.3832 52 199 89
-13.1739 0.3407 1.0097 52 199 89
-13.2576 0.2967 0.9279 52 199 89
-13.4753 0.2246 0.8876 52 199 89
-13.2730 0.3423 0.0758 52 199 89
-13.5781 0.1390 0.0194 52 199 89
-13.2924 0.3474 -0.0713 52 199 89
-13.2970 0.3090 -0.2083 52 199 89
-13.6074 0.1282 -0.2621 52 199 89
-12.8849 0.8129 0.8389 52 199 89
-12.7901 0.7729 -0.0544 52 199 89
-12.7481 0.8223 -0.1086 52 199 89
-12.7465 0.8377 -0.1552 52 199 89
-12.7996 0.8262 -0.1654 52 199 89
-12.6439 0.8520 -0.9479 52 199 89
-12.8934 0.8617 0.0228 52 199 89
-12.7462 0.8650 -0.1688 52 199 89
-12.7432 0.8294 -0.2807 52 199 89
-12.7421 0.8850 -0.3219 52 199 89
-12.7401 0.8511 -1.0688 52 199 89
-12.7357 0.8556 -1.2089 52 199 89
-12.8868 0.8174 0.7777 52 199 89
-12.7497 0.8009 0.0639 52 199 89
-12.8916 0.8337 0.0327 52 199 89
-12.7164 0.8246 0.0267 52 199 89
-12.7908 0.7894 -0.0714 52 199 89
-12.7413 0.8712 -0.0953 52 199 89
-12.7996 0.7849 -0.1817 52 199 89
-12.8001 0.8351 -0.2108 52 199 89
-12.7949 0.8283 -0.2203 52 199 89
-12.7362 0.8463 -1.1994 52 199 89
-12.8817 0.8107 0.8104 52 199 89
-12.8870 0.8420 0.4076 52 199 89
-12.7268 0.8426 0.0210 52 199 89
-12.7163 0.8267 0.0321 52 199 89
-12.7907 0.8522 -0.0987 52 199 89
-12.7415 0.8777 -0.0911 52 199 89
-12.7999 0.8261 -0.2073 52 199 89
-12.7949 0.8321 -0.2218 52 199 89
-12.7395 0.8461 -1.0538 52 199 89
-12.7443 0.8372 -1.0796 52 199 89
-12.8820 0.8158 0.9830 52 199 89
-12.8855 0.8647 0.8106 52 199 89
-12.8021 0.7835 -0.0150 52 199 89
-12.7940 0.7897 -0.0652 52 199 89
-12.7554 0.8309 -0.1265 52 199 89
-12.8825 0.8898 -3.8588 52 199 89
-12.7505 0.7811 0.0718 52 199 89
-12.8016 0.7622 -0.0010 52 199 89
-12.7938 0.7910 -0.0628 52 199 89
-12.7436 0.7892 -0.2143 52 199 89
-12.8763 0.8943 -3.5975 52 199 89
-12.7754 0.7913 0.0894 52 199 89
-12.7673 0.8029 0.0634 52 199 89
-12.7168 0.7855 0.0483 52 199 89
-12.7414 0.8431 -0.1402 52 199 89
-12.8020 0.7883 -0.1787 52 199 89
-12.7498 0.8295 -0.2343 52 199 89
-12.8781 0.9174 -3.6663 52 199 89
-12.7711 0.8819 0.0699 52 199 89
-12.7394 0.8634 -0.1141 52 199 89
-12.8029 0.7917 -0.1634 52 199 89
-12.8778 0.9718 -3.9998 52 199 89
-11.7344 0.8932 -3.8571 52 199 89
-11.7118 0.9976 0.9484 52 199 89
-11.5930 1.1021 0.5052 52 199 89
-11.6189 1.0531 0.4830 52 199 89
-11.5800 1.0788 0.4639 52 199 89
-11.6060 1.0309 0.4430 52 199 89
-11.5875 1.1213 0.4600 52 199 89
-11.4950 1.0199 0.3786 52 199 89
-11.5352 1.0420 0.3568 52 199 89
-11.6321 1.0073 0.1516 52 199 89
-11.7067 1.0083 0.9547 52 199 89
-11.5847 1.1312 0.4500 52 199 89
-11.5475 1.0395 0.3060 52 199 89
-11.6151 1.1002 0.2544 52 199 89
-11.5952 1.0764 0.1777 52 199 89
-11.6314 1.0088 0.1503 52 199 89
-11.4659 1.0611 0.4033 52 199 89
-11.6171 1.0136 0.1742 52 199 89
-11.6123 1.0687 0.1639 52 199 89
-11.6343 1.0041 0.1517 52 199 89
-11.3166 0.5475 -3.4616 52 199 89
-11.5687 1.1046 0.4819 52 199 89
-11.5965 1.1060 0.4555 52 199 89
-11.6597 1.0317 0.2650 52 199 89
-11.5974 1.0702 0.1915 52 199 89
-11.6376 1.0317 0.1641 52 199 89
-11.2946 0.5702 -3.5141 52 199 89
-11.6000 1.1030 0.4673 52 199 89
-11.6112 1.1269 0.2935 52 199 89
-11.6347 1.0369 0.1686 52 199 89
-11.5057 1.0905 0.3766 52 199 89
-11.6686 0.8748 -3.2056 52 199 89
-11.6572 0.8954 -3.2440 52 199 89
-12.4900 0.2287 -0.8532 52 199 89
-12.1869 1.4851 -2.1896 52 199 89
-12.2276 1.4551 -3.3808 52 199 89
-12.2084 1.4433 -3.2822 52 199 89
-12.4125 0.7661 -1.5075 52 199 89
-12.2610 1.4410 -2.2890 52 199 89
-12.4648 0.4271 -1.0888 52 199 89
-12.2725 1.1585 -2.3652 52 199 89
-12.2853 1.1579 -2.7985 52 199 89
-12.2233 1.3554 -2.2390 52 199 89
-12.5115 0.0975 -0.6819 52 199 89
-13.3878 -0.1025 -0.8621 52 199 89
-14.1701 0.1595 -1.9540 52 199 89
-14.3768 0.2212 -2.2173 52 199 89
-14.6466 0.3211 -2.5680 52 199 89
-14.5084 0.3032 -2.0784 52 199 89
-14.4048 0.7856 0.5865 52 199 89
-14.2648 0.6907 0.6867 52 199 89
-14.3379 0.7436 0.7996 52 199 89
-14.4722 0.8328 0.7419 52 199 89
-14.2507 0.7513 0.7096 52 199 89
-14.4386 0.8096 0.6078 52 199 89
-13.7885 0.3743 0.4567 52 199 89
-13.4755 0.2048 0.1365 52 199 89
-13.7602 0.3617 0.3431 52 199 89
-13.6732 0.3469 0.1814 52 199 89
-14.4039 0.7730 0.8698 52 199 89
-14.0017 0.5680 0.6164 52 199 89
-13.7923 0.3836 0.3505 52 199 89
-13.4519 0.1656 0.1608 52 199 89
-14.3898 0.7862 0.2261 52 199 89
-13.9645 1.4827 -2.4340 52 199 89
-13.7101 1.0036 -1.8035 52 199 89
-13.5779 0.7254 -1.3736 52 199 89
-13.6947 0.9313 -1.6837 52 199 89
-13.8461 1.2111 -2.3030 52 199 89
-13.6126 0.8005 -1.6635 52 199 89
-13.4047 0.4568 -0.8779 52 199 89
-13.9923 1.4632 -2.5218 52 199 89
-13.5497 0.7156 -1.3669 52 199 89
-14.0601 1.5901 -2.8429 52 199 89
-13.6322 0.8484 -1.6397 52 199 89
-13.5675 0.7315 -1.4669 52 199 89
-13.2732 0.2231 -0.5568 52 199 89
-13.8994 1.3486 -2.7058 52 199 89
-14.0257 1.4460 -2.4561 52 199 89
-13.2750 0.2239 -0.5663 52 199 89
-13.9469 1.3656 -2.6976 52 199 89
-13.9218 1.2947 -2.3039 52 199 89
-13.9874 1.4254 -3.0327 52 199 89
-13.5595 0.7172 -1.4982 52 199 89
-14.0008 1.3684 -2.6515 52 199 89
-13.3554 0.3615 -0.7965 52 199 89
-13.3692 0.3878 -0.8228 52 199 89
-6.2887 -2.4328 2.6225 128 106 57
-7.1413 -2.0631 3.8856 212 196 162
-6.0533 -2.4851 1.9860 225 205 155
-6.8005 -2.1759 3.2843 251 236 197
-7.9009 -2.8553 2.5863 114 119 115
-6.8956 -3.0839 -0.1519 185 185 183
-8.0173 -2.7951 1.9226 172 182 174
-8.1096 -2.6912 1.8701 187 191 192
-6.3753 -2.9033 0.8279 111 120 119
-6.3158 -2.8965 0.7799 169 179 171
-6.8945 -3.1352 0.0122 178 180 177
-5.9997 -2.9203 0.5953 157 166 165
-5.3090 -2.9545 0.2283 157 166 165
-6.0782 -2.9132 0.6259 179 185 183
-8.4424 -2.0130 0.2499 218 188 150
-6.7427 -3.0320 -1.3148 13 9 6
-6.6876 -3.0442 -0.8515 169 172 165
-6.8828 -3.0283 -0.8824 146 136 134
-6.9424 -3.0224 -0.7838 127 122 118
-8.5998 -2.0326 0.3820 158 134 106
-7.9763 -2.7947 2.0441 192 196 197
-7.7667 -2.8045 1.8662 163 167 168
-6.9004 -3.1320 0.0120 181 183 178
-8.2458 -2.0663 0.0366 203 183 159
-8.0738 -2.6446 1.6230 93 94 89
-6.1784 -2.9160 0.7076 96 102 100
-7.5598 -2.8075 1.4737 115 118 111
-8.2538 -1.7424 1.9956 229 201 153
-8.2598 -2.1070 2.8769 74 66 45
-8.1032 -2.0094 3.3593 238 216 179
-8.1837 -1.9000 3.7579 96 75 44
-8.4643 -1.9937 -0.6212 230 218 192
-8.4629 -1.9907 -0.8649 194 175 158
-6.6475 -3.0903 -0.7924 152 153 147
-7.2982 -2.9516 -1.9731 118 107 103
-7.1156 -3.0176 -2.5593 83 82 80
-7.2060 -3.0217 -2.8677 83 74 67
-7.0586 -2.9564 -2.7081 88 83 80
-6.5974 -3.1452 -2.2102 86 91 87
-6.5557 -3.1028 -2.9568 112 117 111
-6.5830 -3.1198 -3.0244 110 116 112
-7.8901 -2.6644 2.1358 43 45 40
-6.7464 -3.0601 -0.8468 167 168 160
-8.7627 -2.6844 3.2085 160 156 145
-6.7286 -3.0349 -1.3562 117 112 109
-6.8792 -3.1341 0.0138 197 199 196
-6.5037 -2.9097 0.8091 64 66 63
-6.6389 -2.8832 0.9149 179 185 183
-6.5052 -2.9036 0.8534 36 41 37
-6.0564 -2.9174 0.6253 157 166 165
-6.3532 -2.8953 0.8014 159 168 163
-6.0515 -2.9188 0.6492 111 120 119
-6.6806 -2.8839 1.0028 29 40 36
-7.9914 -2.8071 1.8511 18 23 19
-6.3322 -2.8887 0.8816 48 60 50
-8.7078 -2.8186 3.1175 58 54 51
-8.7266 -2.6756 3.3015 123 120 101
-6.4271 -3.1779 -3.4369 130 135 131
-6.6954 -3.0296 -1.2393 133 132 128
-6.6930 -3.0681 -0.8810 151 152 144
-6.7312 -3.0956 -0.8369 156 157 151
-6.8636 -3.0275 -0.8775 137 129 126
-6.8273 -2.9725 -0.7316 32 18 17
-7.1378 -3.0360 -2.7266 87 66 63
-7.0506 -2.9567 -2.6963 88 83 80
-8.2016 -2.1227 2.8235 74 66 45
-8.6178 -2.6950 3.0978 156 153 136
-8.1062 -1.9269 3.6674 96 75 44
-8.5190 -1.9604 -1.0299 171 151 116
-8.0691 -1.8928 3.6081 226 213 181
-8.6333 -1.8999 -0.6209 134 117 89
-7.9839 -1.9194 3.4764 241 230 200
-6.6890 -3.0609 -0.7967 163 164 156
-8.2779 -2.1424 2.8188 92 79 47
-8.5391 -2.7597 2.3682 129 133 134
-8.6044 -2.0374 2.1506 223 212 190
-7.0585 -2.9634 -2.7174 106 99 93
-6.5488 -3.1037 -3.0098 70 74 75
-6.7200 -3.0328 -1.2948 24 20 17
-6.7300 -3.0307 -1.2648 149 148 143
-6.6798 -3.0451 -0.8437 169 172 165
-6.9233 -3.0276 -0.9042 151 140 134
-7.0043 -3.0214 -0.7833 167 156 150
-6.8047 -3.0766 -0.1453 185 185 183
-7.0905 -2.8664 1.1790 159 168 167
-6.0522 -2.9128 0.6375 159 168 163
-6.9897 -2.8464 1.1604 122 125 116
-8.6735 -2.6423 2.2921 239 239 239
-7.5782 -2.8099 1.6235 125 139 126
-8.7814 -2.8272 3.2595 224 224 224
-6.6005 -3.1220 -3.0730 104 110 106
-6.7192 -3.1571 -2.3600 61 66 62
-7.0888 -3.0336 -2.6652 82 57 53
-7.1702 -3.0177 -2.6276 81 77 76
-8.1921 -1.9448 3.7661 255 255 204
-8.0453 -1.8994 3.5862 249 238 206
-7.1781 -2.9598 -2.8470 80 75 71
-8.4703 -1.9918 -0.9285 77 62 41
-8.4213 -2.0137 3.8019 125 111 72
-7.2537 -2.9513 -1.8686 54 51 42
-6.7409 -3.0639 -0.8221 68 69 63
-6.4702 -2.8964 0.9363 100 99 97
-8.6182 -2.0339 2.1672 223 212 190
-8.2562 -1.7408 1.9824 214 187 140
-8.5296 -1.9289 -1.1728 95 87 64
-8.3797 -2.0463 0.0637 64 43 24
-7.5796 -2.8569 1.4381 45 50 46
-7.6907 -2.8372 1.5855 34 43 40
-6.8848 -2.8752 1.1841 100 99 97
-8.1219 -2.0040 3.7817 129 106 62
-7.7083 -2.8125 1.7177 177 187 179
-8.2888 -1.9133 3.8651 255 246 193
-7.6411 -2.8122 1.9019 148 152 153
-8.3697 -2.6292 2.4476 167 169 166
-8.4551 -2.6089 2.9148 42 47 41
-8.4513 -2.0094 0.0346 125 103 79
-8.4599 -1.9836 -0.1831 162 157 151
-6.7249 -3.0478 -0.8721 171 174 167
-6.6609 -3.0828 -0.8855 127 128 123
-6.8921 -3.0106 -1.3598 47 32 27
-6.9182 -3.0400 -1.4722 24 20 17
-7.2326 -2.9509 -1.9185 105 96 91
-7.2223 -3.0436 -2.9019 91 72 68
-6.5548 -3.1085 -2.9623 22 22 22
-6.5985 -3.1057 -3.0420 91 96 90
-6.5770 -3.1132 -3.0951 21 25 26
-8.3553 -2.0530 0.1481 127 98 66
-6.5575 -3.1095 -2.9591 13 13 11
-7.2213 -3.0241 -2.8864 97 84 76
-7.1276 -3.0345 -2.7262 95 65 63
-8.5788 -2.5985 -2.5266 78 70 59
-6.8763 -3.0115 -1.3445 47 32 27
-6.6601 -3.0482 -0.8338 150 153 144
-6.7046 -3.0900 -0.8187 163 164 158
-6.8192 -3.0796 -0.8506 41 40 35
-6.8096 -3.0128 -0.6780 147 134 126
-6.8142 -3.0365 -0.0836 60 61 55
-6.9703 -3.0721 0.0288 188 190 187
-8.1540 -2.0027 3.7351 128 103 49
-6.9058 -2.8528 1.1456 131 144 124
-6.7903 -2.8819 1.0787 26 32 30
-7.2579 -2.8570 1.4090 94 94 92
-6.3672 -2.8971 0.9009 33 35 34
-7.6340 -2.8182 1.6853 172 182 174
-8.0288 -2.6534 2.3830 51 55 56
-7.9398 -2.7976 2.1162 91 95 96
-8.4546 -2.6091 2.4890 53 55 54
-8.3214 -2.0435 3.6607 135 121 82
-8.2238 -1.9204 0.2907 76 62 33
-8.5978 -1.7729 0.4629 63 43 16
-6.5506 -3.1027 -3.0131 70 74 75
-8.5696 -1.9782 0.0458 135 113 90
-6.8840 -3.1893 -0.8553 81 80 78
-8.1421 -1.9730 2.7400 102 70 19
-6.8115 -3.0747 -0.1533 206 206 204
-5.6918 -2.9348 0.4356 174 183 180
-7.2518 -2.8307 1.3479 117 132 111
-6.4247 -2.8980 0.8763 57 63 61
-7.6264 -2.8196 1.6830 167 176 171
-8.3600 -2.6584 2.1829 42 46 45
-8.1546 -2.6555 2.2957 52 54 53
-8.6553 -2.5887 2.8657 57 61 62
-8.6172 -2.8161 3.0255 64 60 57
-8.5685 -2.8239 3.1594 160 160 152
-6.8648 -3.0189 -0.5522 48 43 39
-6.8335 -3.0181 -0.6118 36 26 25
-6.7475 -3.0203 -0.8021 148 135 127
-6.6135 -3.0597 -0.7632 176 177 169
-6.5588 -3.0434 -0.7756 156 159 150
-6.6001 -3.0629 -0.8168 145 146 138
-6.7626 -3.0311 -1.2851 83 84 79
-7.3824 -2.9735 -2.6196 20 19 15
-6.5418 -3.1082 -2.9328 22 22 22
-7.1092 -3.0104 -1.6542 107 94 88
-8.1376 -1.9644 3.6911 255 246 193
-8.4649 -1.6767 2.7142 155 136 96
-8.0543 -1.9903 3.1341 73 54 0
-7.4355 -2.6816 2.3913 156 161 157
-6.9325 -2.5630 3.8569 178 184 148
-7.9511 -2.6179 2.8905 156 161 157
-8.3621 -2.6200 2.8306 42 47 41
-8.5646 -1.8405 3.0935 108 80 33
-8.2273 -2.6340 2.5342 57 61 62
-6.9401 -2.8500 1.1730 118 131 113
-7.2606 -2.7649 1.3284 43 47 48
-5.5771 -2.9404 0.3712 182 191 188
-8.3130 -2.0985 0.2588 67 48 18
-6.5550 -3.0335 -0.3636 28 33 29
-7.3239 -3.0241 -0.8781 158 144 135
-6.6596 -3.0889 -0.8056 156 157 151
-6.6577 -3.0695 -0.8566 90 91 83
-7.0335 -3.0413 -1.5528 150 143 137
-7.1986 -3.0116 -1.7352 107 94 88
-7.1531 -3.0346 -2.7766 102 68 66
-8.4059 -2.5627 3.3354 156 161 157
-7.7995 -2.8570 2.4916 211 213 208
-6.3116 -2.8934 0.9627 138 142 143
-6.4172 -2.8873 0.9281 147 159 149
-6.0955 -2.9023 0.6772 128 139 122
-5.4967 -2.9440 0.3347 168 177 174
-7.0774 -3.0782 0.0205 188 190 187
-6.9977 -3.0805 -0.1597 198 198 196
-6.9188 -3.0119 -0.6968 158 144 135
-6.5365 -3.0796 -0.7294 156 157 151
-6.8822 -3.0173 -0.8861 148 128 117
-8.5345 -2.6375 -2.5084 158 149 140
-6.8693 -3.0173 -1.3794 42 29 20
-7.5668 -2.9611 -2.8143 78 69 64
-7.3324 -1.2361 -2.1329 10 7 2
-7.3235 -1.2420 -2.0739 156 157 151
-7.3307 -1.3233 -1.4395 75 78 71
-7.3068 -1.3323 -1.4174 172 177 170
-7.3545 -1.3294 -1.5025 31 32 27
-7.3253 -1.3043 -1.4179 184 185 179
-7.3540 -1.2491 -1.4134 153 156 149
-7.3870 -1.2485 -1.3718 91 92 87
-7.6621 -0.9757 -1.2281 108 98 97
-5.9514 -1.4009 3.5365 236 210 87
-7.5226 -1.4423 -1.1976 10 15 11
-7.4041 -1.3251 -1.3403 162 162 160
-7.3783 -1.1954 -2.1651 140 137 130
-7.3717 -1.2093 -2.1114 153 155 150
-7.3614 -1.1990 -2.0771 33 29 18
-7.3106 -1.3661 -1.4432 138 137 133
-7.3093 -1.3299 -1.4261 172 177 170
-7.5071 -1.4460 -1.1527 80 82 79
-7.8019 -0.7143 -2.9221 99 86 80
-7.7466 -0.9089 -1.2287 175 157 155
-6.0930 -1.1966 3.9872 255 254 190
-7.3367 -1.3433 -1.3551 156 158 153
-7.3210 -1.3400 -1.4263 158 157 152
-7.3045 -1.3670 -1.4445 149 150 145
-7.4123 -1.3155 -1.3429 161 161 159
-7.2758 0.2917 2.6364 112 95 52
-7.1840 -1.5734 -3.5661 66 71 75
-7.5676 -1.3728 -1.2844 81 82 77
-7.1376 -1.5992 -3.4747 59 64 68
-7.3856 -1.1992 -2.1087 142 144 139
-7.3396 -1.3292 -1.3593 117 118 113
-7.6131 -1.0169 -1.4184 143 134 129
-7.3400 -1.2061 -1.9705 92 92 84
-7.4966 -1.1398 -0.6705 88 92 93
-7.6809 -0.9619 -0.8822 62 59 54
-7.5642 -1.0359 -0.9487 36 27 22
-7.3895 -1.3008 -1.3971 117 118 113
-7.3670 -1.3364 -1.4086 31 30 26
-7.3882 -1.2856 -1.4391 163 162 157
-7.6596 -0.8210 -3.6977 112 81 78
-5.6725 -1.9099 2.3666 215 210 84
-7.6624 -0.9926 -0.9520 41 37 34
-7.3863 -1.3255 -1.3185 175 177 174
-7.6700 -1.0097 -2.4865 136 136 128
-7.8422 -0.7107 -3.7249 97 73 69
-6.7110 -0.5598 2.3994 169 147 110
-8.0715 -0.9691 0.2186 167 164 159
-7.7747 -0.9548 -0.0107 56 55 53
-7.7400 -0.8325 -1.3065 59 58 56
-7.2978 -1.2541 -2.0184 154 157 150
-7.7529 -0.8659 -2.5142 119 90 84
-7.8070 -0.7291 -2.7379 70 63 57
-6.6292 -1.0758 -1.8931 143 142 137
-6.6191 -1.0759 -1.8680 34 27 21
-6.6015 -1.2101 -1.3850 37 37 29
-6.6061 -1.2131 -1.3849 115 116 111
-6.6400 -1.1881 -1.3940 123 124 118
-6.6260 -1.1711 -1.3707 95 94 89
-6.6078 -1.2015 -1.3373 67 67 57
-6.6129 -1.1581 -1.3545 167 168 163
-6.6040 -1.1925 -1.3134 160 159 154
-6.6379 -1.1645 -1.3223 80 81 75
-6.6598 -1.0853 -1.3531 173 174 166
-6.6682 -1.0851 -1.3365 76 77 69
-6.7459 -0.9239 -1.3322 123 115 112
-6.5988 1.1035 3.7883 190 165 109
-6.8125 0.9762 2.5820 100 85 54
-6.7420 -1.0819 0.5301 151 152 147
-6.6097 -1.3132 -3.9965 151 150 145
-6.7288 -0.9286 -1.1116 104 94 93
-6.7984 -0.8662 -1.3565 83 64 60
-6.6679 -1.1716 -1.2720 159 160 154
-6.7937 -0.7369 -3.6815 80 73 65
-6.6729 -1.0886 -1.3362 197 198 190
-6.8479 -0.9812 0.5555 151 152 147
-6.6547 -1.1500 -1.3360 84 85 77
-6.6234 -1.2047 -1.3722 121 122 116
-6.6167 -1.2052 -1.3915 138 139 134
-6.6186 -1.1353 -1.3655 100 101 96
-6.8153 -0.8514 -1.3975 109 98 94
-6.6178 1.0994 2.5580 186 160 99
-6.6279 -1.1497 -1.3365 134 135 129
-6.7953 -0.7364 -3.6837 80 73 65
-6.7779 -0.7451 -3.7676 31 20 14
-6.6573 -1.1462 -1.3442 80 81 75
-6.7575 -0.7692 -3.6485 90 84 72
-6.8184 -0.8399 -1.3455 121 102 96
-6.8979 -0.9930 0.3291 105 116 112
-6.6582 -1.1146 -1.2508 118 121 114
-6.8114 -0.7193 -3.7410 93 84 75
-6.7858 -0.7363 -3.7803 25 18 8
-6.6150 -1.2097 -1.9288 96 100 99
-6.5922 -1.1299 -1.9670 91 86 80
-6.8069 0.9229 3.6605 100 86 51
-6.8022 0.9127 3.8248 95 94 64
-6.6182 -1.1452 -1.3562 82 83 78
-6.9563 -0.5429 -3.1901 94 75 68
-6.8251 -0.6943 -3.8109 98 90 79
-6.5863 -1.2046 -1.3070 171 172 166
-6.6611 -1.0796 -1.3705 170 172 167
-6.6882 -1.0761 -1.3136 167 168 162
-6.6582 -1.1146 -1.2508 118 121 114
-6.8980 -0.7766 -0.2143 65 64 62
-6.7030 1.0698 2.6310 184 153 109
-6.5977 1.0795 3.7115 112 83 27
-6.7624 0.8749 0.6426 141 118 86
-6.7568 -0.8558 -1.5450 47 40 32
-6.6618 -1.1190 -1.3968 179 180 175
-6.6484 -1.0309 -1.8568 127 117 108
-6.5960 -1.1252 -1.9751 91 86 80
-6.6319 -1.1943 -1.9566 96 100 99
-6.6293 -1.2157 -2.2063 68 69 71
-6.9667 -0.5430 -3.5302 117 96 93
-6.7935 -0.7433 -3.9202 101 89 73
-6.6172 1.0551 2.6378 123 95 48
-6.8032 0.8767 3.1648 183 160 110
-6.7524 1.0081 0.4400 207 176 130
-6.7061 -1.0697 -1.2909 88 89 83
-6.8711 -0.6505 -3.2066 41 28 22
-6.9662 -0.6684 -3.9410 65 50 47
-6.7913 -0.7396 -3.7005 100 90 81
-6.6060 -1.2352 -2.1723 97 101 102
-6.7594 -1.0679 -0.4906 71 75 76
-6.5879 -1.1878 -1.2325 186 187 181
-6.6394 -1.1912 -1.2514 166 167 161
-6.7579 -0.8589 -1.4378 88 79 72
-6.7615 -0.8787 -1.0773 153 134 128
-6.5994 1.0912 3.6961 102 73 17
-6.6252 -1.1986 -1.3117 38 37 33
-6.6151 -1.2083 -1.3714 133 134 128
-6.5500 -1.2713 -1.8337 92 98 96
-6.8635 -0.6546 -3.2818 120 85 81
-6.8879 -0.7723 -3.6385 65 53 55
-6.5927 1.0962 2.9131 121 98 57
-6.5967 1.0843 3.8843 204 185 106
-6.8084 -1.0220 -0.5151 71 75 76
-6.5856 -1.2554 -2.1324 100 104 105
-6.7710 -0.8010 -3.5876 47 42 38
-6.6038 1.0312 2.5336 201 175 116
-6.8985 -0.7501 -1.4604 123 94 86
-6.8090 -0.8314 -1.1221 106 86 85
-6.9100 -0.8751 -0.2883 187 187 185
-7.0832 -0.5958 -0.2164 61 57 56
-6.7416 0.9696 0.4346 149 116 71
-7.2812 0.5353 3.6289 74 75 70
-6.8041 -0.7267 -3.7200 93 84 75
-6.5951 -1.2460 -2.2224 53 56 63
-6.6166 1.1032 3.0101 91 59 8
-6.7540 0.8744 1.0666 188 174 147
-7.0075 0.1257 3.4509 219 225 225
-7.2318 -1.8286 -1.6388 89 92 83
-7.2519 -1.7773 -1.6325 176 175 173
-7.2626 -1.7871 -1.5751 169 170 164
-7.1787 -1.8575 -1.6651 136 137 131
-7.2070 -1.8273 -1.6867 195 195 193
-7.1945 -1.8366 -1.6758 63 66 59
-7.2008 -1.8164 -1.6821 52 53 48
-7.1984 -1.8435 -1.6715 154 157 148
-7.2033 -1.8120 -1.6681 167 168 162
-7.2252 -1.7946 -1.6770 164 165 160
-7.1767 -1.8651 -1.6596 45 46 41
-7.1911 -1.8412 -1.7066 47 46 41
-7.2989 -1.7057 -2.1717 120 116 107
-7.2857 -1.7175 -2.2145 123 119 110
-7.2753 -1.7271 -2.2851 160 152 141
-7.2841 -1.7259 -2.3393 137 127 118
-7.1994 -1.8713 -2.5526 39 45 43
-7.2608 -1.7885 -1.5713 190 191 185
-7.2465 -1.8440 -2.3637 112 116 119
-7.1928 -1.8410 -1.7109 47 46 41
-7.1980 -1.8469 -1.7074 137 136 131
-7.1949 -1.8426 -1.6687 148 151 142
-7.9395 -1.2859 -3.1478 104 89 86
-7.1972 -1.8756 -2.5795 81 87 87
-7.2743 -1.7842 -1.5817 169 170 164
-7.5729 -1.5693 -1.4434 137 112 115
-7.2754 -1.7764 -1.6202 69 70 65
-7.2117 -1.8047 -1.6688 74 75 69
-7.2465 -1.8308 -1.7133 154 157 148
-7.2004 -1.8346 -1.6840 69 72 65
-7.2981 -1.7122 -2.2265 120 116 105
-7.2716 -1.7418 -2.3335 28 23 17
-7.2028 -1.8710 -2.5507 39 43 44
-7.2449 -1.8447 -2.3591 112 116 119
-7.2240 -1.8443 -1.6210 176 179 172
-7.9985 -0.1499 2.3876 194 178 145
-7.5789 -1.5663 -1.4201 151 123 122
-7.5483 -1.5801 -1.4652 34 24 23
-7.5316 -1.6062 -1.7058 100 101 95
-7.2689 -1.8452 -1.5966 160 162 157
-7.2278 -1.7906 -1.6679 133 134 129
-7.1492 -1.8576 -1.6166 170 173 164
-7.2502 -1.7563 -2.3836 130 127 120
-7.1769 -1.8816 -2.5982 98 102 105
-7.1931 -1.8824 -2.6903 83 93 94
-7.5767 -1.5956 -1.4778 53 43 42
-7.2878 -1.8201 -1.6972 89 92 83
-7.1957 -1.8445 -1.5980 89 92 83
-7.2760 -1.7746 -1.6290 64 65 60
-7.3560 -1.7520 -1.7044 64 65 60
-7.5627 -1.5942 -1.7199 103 104 98
-8.0310 0.0804 0.0887 97 73 49
-7.5236 -1.5970 -1.6211 101 82 78
-7.2144 -1.8422 -2.2865 114 120 120
-7.2475 -1.7575 -2.3795 130 127 120
-7.5914 -1.5839 -3.0749 116 112 111
-7.2024 -1.8710 -2.5491 39 43 44
-7.2268 -1.8550 -1.5493 170 172 167
-7.5541 -1.5873 -1.6415 101 82 78
-7.4144 -1.6449 -1.3547 61 49 49
-8.1771 0.1533 -1.4422 102 88 79
-7.2038 -1.7913 -1.6087 187 187 185
-7.2968 -1.8174 -1.7100 89 92 83
-7.1678 -1.8702 -1.6743 145 146 140
-7.2741 -1.7948 -1.5759 175 177 172
-7.5079 -1.6010 -1.1641 68 59 54
-8.1123 -1.2247 -3.2267 64 56 53
-7.6092 -1.5320 -1.9906 35 28 22
-7.8757 -0.3131 2.7661 144 119 79
-7.6106 -1.5341 -1.9781 44 36 33
-8.0059 -1.2686 -3.0856 64 56 53
-8.0559 -2.1467 0.0145 173 155 131
-7.5106 -2.2033 0.0086 173 155 131
-9.3793 -2.0118 0.0228 192 174 150
-9.2253 -1.9755 -0.2019 139 137 122
-8.9343 -2.0728 0.1223 100 80 53
-7.7601 -6.4818 0.3846 244 222 199
-7.7746 -6.3250 0.8444 184 159 129
-6.8102 -3.6232 1.3207 75 56 14
-7.1895 -4.8301 3.6458 176 148 85
-6.9458 -4.1513 2.0984 186 173 131
-7.4944 -6.3512 -1.3374 123 105 83
-7.5260 -6.4346 -0.5582 133 133 123
-7.5999 -6.4837 -0.3117 145 128 108
-7.7229 -6.4812 0.1642 170 149 122
-7.6840 -6.2989 0.1723 35 19 3
-7.7093 -6.3686 0.2472 255 249 226
-6.9750 -5.1540 2.7094 164 153 123
-7.4123 -6.1174 0.0860 249 227 180
-7.7146 -6.3992 0.1784 39 22 4
-7.7391 -6.4634 0.2478 255 252 232
-7.2494 -5.0239 3.5398 87 71 35
-7.2488 -5.0588 3.9829 206 176 124
-7.2585 -5.0345 3.4083 164 148 112
-7.6990 -6.4077 0.1565 151 130 103
-7.5167 -6.4419 -1.3777 123 105 83
-7.5233 -6.4820 -0.1238 183 165 145
-7.7035 -6.3438 0.2402 255 247 226
-7.7262 -6.3648 0.2939 49 31 17
-7.1635 -4.7917 3.7134 213 187 130
-7.6871 -6.2485 0.3805 244 222 199
-7.4966 -6.4007 -1.4777 159 142 124
-7.5514 -6.4779 -0.5134 166 156 144
-7.0279 -4.3984 2.4935 130 112 74
-7.3740 -5.1612 3.8391 196 178 138
-7.5985 -6.4736 -0.2254 145 130 111
-7.4338 -6.3362 -0.2409 37 23 10
-7.7301 -6.3890 0.3816 244 222 199
-7.4916 -6.4085 -1.9640 57 52 46
-7.0640 -4.9089 3.4225 72 64 45
-6.9990 -4.2868 2.3284 78 60 24
-6.9576 -4.6250 3.2161 183 162 105
-6.7164 -3.2354 0.7460 105 88 58
-7.4750 -6.1261 1.1531 42 26 0
-7.6754 -6.4397 3.3265 69 41 0
-7.1995 -4.8412 3.9328 135 104 39
-7.1579 -4.7716 3.7600 92 71 18
-7.1536 -4.7509 3.5767 90 54 4
-7.1146 -6.0409 3.7343 50 42 21
-7.2376 -5.0206 3.9312 207 177 123
-7.0921 -4.5469 2.8350 59 36 0
-7.1065 -5.3079 3.7585 60 54 32
-6.7781 -3.4959 1.1339 147 133 98
-7.6782 -6.2786 0.5252 142 126 103
-7.2594 -5.9377 0.4386 157 151 139
-7.6609 -6.2475 0.1635 57 39 17
-7.5382 -6.3676 -1.8411 45 29 14
-7.4731 -6.2175 -1.3422 182 165 139
-7.3784 -5.8991 -0.4527 137 138 133
-7.4907 -6.3832 -0.0793 61 41 16
-7.7239 -6.4679 0.1483 57 39 17
-6.8388 -3.7481 1.4934 147 133 98
-7.5678 -6.0732 3.0136 69 41 0
-7.0535 -5.0648 3.2538 139 126 91
-7.1806 -6.4620 3.9907 56 47 14
-6.9153 -4.2234 2.2179 157 151 129
-7.3464 -6.1397 0.7507 108 100 79
-7.0088 -4.6569 3.0485 150 143 127
-6.9608 -4.6653 3.2010 132 122 87
-7.1978 -5.5198 1.8615 154 143 115
-7.3830 -6.2599 3.6314 79 73 51
-7.1336 -4.6924 3.4685 136 97 40
-6.7435 -3.3555 0.9276 116 100 64
-7.0556 -5.2501 3.4879 90 64 13
-6.7685 -3.4349 0.9317 149 126 76
-7.1997 -5.5936 1.6762 78 66 40
-7.6324 -6.4606 0.3966 135 122 105
-7.4461 -6.2706 0.0690 171 147 99
-7.4727 -6.5129 -0.2002 55 38 20
-7.4980 -6.3929 -0.3541 40 26 15
-6.6760 -5.8571 3.8739 111 115 114
-7.3094 -6.1671 1.3514 53 36 8
-7.3417 -6.3604 0.5409 152 148 136
-7.4396 -6.3696 0.3563 120 107 90
-7.4716 -6.2865 -0.3336 40 26 15
-6.9370 -4.1475 0.6644 43 36 10
-6.8265 -3.7292 0.4299 30 25 3
-6.7790 -6.8461 3.6078 85 82 67
-7.2433 -5.2673 1.2734 52 45 17
-6.9355 -4.1169 0.6417 30 25 3
-7.5776 -6.6477 2.7480 128 105 73
-6.8176 -3.6987 0.4141 44 39 17
-7.5644 -6.4395 1.9771 196 190 168
-6.8007 -6.6193 2.2306 155 160 164
-7.0899 -4.7161 2.5679 90 86 77
-6.8054 -6.7449 2.3044 155 160 164
-7.0944 -4.6848 0.9528 38 32 8
-7.6323 -6.5653 3.3325 50 44 22
-7.7419 -6.0951 3.1724 165 139 55
-6.9932 -4.3234 0.7567 44 39 17
-7.3839 -5.5039 3.3048 73 55 19
-7.6566 -6.6663 3.6356 50 42 21
-7.4658 -5.7011 -0.1472 74 57 31
-7.4096 -5.7820 2.5323 42 36 14
-6.6714 -6.8266 2.3344 87 101 84
-7.1440 -4.7980 0.3417 60 43 23
-9.1929 -5.0238 2.5219 167 162 130
-9.7326 -4.9648 -2.4064 170 151 118
-9.6961 -4.9256 -1.5234 132 126 114
-9.8185 -5.0106 -1.5947 20 14 0
-9.8725 -5.0356 -1.5752 242 233 218
-9.8508 -5.0999 -1.3976 115 99 84
-9.7299 -5.0144 -1.2913 233 215 195
-9.6821 -4.9832 -1.0150 170 145 115
-9.7577 -5.0439 -0.9844 163 132 101
-9.7423 -4.8958 -0.8907 148 132 107
-9.4753 -4.8509 1.2820 161 140 113
-9.2747 -4.8361 1.2791 37 25 9
-9.4614 -4.7066 1.3945 43 23 0
-9.8595 -5.0684 -2.5454 50 36 23
-9.6993 -4.9347 0.4888 115 96 64
-9.4493 -5.0189 2.4733 67 52 21
-9.6543 -4.7811 2.7664 149 121 56
-9.9314 -5.1187 -2.7733 33 20 4
-8.8442 -4.6506 1.6809 136 122 85
-9.7485 -4.9252 -2.4698 34 28 16
-9.7448 -4.9692 1.4947 48 30 10
-9.1359 -4.8214 1.2232 57 36 5
-9.7269 -5.0133 -1.2870 233 215 195
-9.7061 -4.9992 -1.0241 151 125 92
-9.3232 -4.7643 1.2051 165 145 118
-9.3868 -4.9050 1.3333 37 25 9
-9.2256 -4.5880 1.2380 174 153 106
-9.4763 -4.7476 1.3899 43 27 2
-9.3014 -5.0385 3.7801 175 160 129
-9.7899 -5.0809 -1.1739 200 182 162
-9.8275 -5.0485 -1.1759 130 109 88
-9.8135 -5.0542 -1.2112 172 152 119
-9.8081 -4.9524 -1.3123 135 114 97
-9.9087 -5.1345 -1.4314 115 99 84
-9.7935 -4.9958 -1.5779 20 14 0
-9.9550 -5.1221 -2.6164 55 43 29
-9.9046 -5.0626 -2.5768 170 151 118
-9.9093 -5.0915 -2.6332 144 128 113
-9.2133 -4.8725 1.2608 57 36 5
-8.8055 -4.4628 0.9745 165 145 118
-9.4071 -4.8462 -0.7259 116 94 81
-9.1816 -4.8805 1.9887 108 92 59
-9.9109 -5.0964 -3.1575 52 53 48
-9.8562 -5.0270 -3.1519 76 74 75
-9.9169 -5.1122 -2.6871 56 50 38
-10.0707 -5.1454 0.2885 125 105 70
-9.1369 -5.6207 2.7297 35 37 34
-9.6660 -5.0712 2.7691 42 36 14
-9.8940 -5.0535 -2.5741 154 136 98
-9.8164 -5.0426 -2.4801 55 43 29
-9.7034 -4.9440 -1.5537 27 19 8
-9.7271 -4.9377 -1.5381 136 133 128
-9.8167 -5.0241 -1.5993 130 125 121
-9.9885 -5.1026 -1.6393 242 233 218
-9.7445 -5.0254 -1.2881 204 185 168
-9.6922 -4.9710 -1.1077 130 109 88
-9.7739 -5.0394 -1.0118 177 149 112
-9.2354 -4.7141 1.1625 165 145 118
-9.7864 -4.8811 1.5125 174 153 106
-9.4206 -4.7228 1.4126 163 147 121
-9.2810 -4.6462 1.3904 55 37 25
-9.9826 -5.0965 -3.2096 43 29 18
-8.3589 -4.2036 0.7756 165 145 118
-9.9205 -5.0184 -2.6163 38 31 21
-9.7270 -5.0407 -1.2872 32 20 8
-9.4122 -4.7749 0.2008 40 21 0
-9.6108 -5.0695 0.2017 122 107 88
-9.6611 -5.0050 -1.1081 200 182 162
-9.6617 -4.8764 -0.9524 122 106 90
-9.6156 -4.9734 -0.7721 130 114 98
-8.9081 -4.5436 3.9916 90 79 49
-9.1412 -4.8262 1.2712 110 89 58
-9.6027 -4.9791 -1.2557 102 89 83
-9.1051 -4.7736 2.5073 232 225 199
-9.3004 -4.8717 1.2890 74 62 36
-9.6196 -4.8290 1.4597 43 27 2
-9.2744 -4.8372 1.3862 40 34 22
-9.0788 -4.5403 1.2308 162 148 122
-9.0640 -4.7263 1.3076 35 27 4
-9.8607 -5.0367 -2.5423 169 150 117
-9.9577 -5.0657 -1.6904 136 133 128
-9.7131 -4.9486 -1.5639 33 26 16
-9.7059 -5.0036 -1.2667 204 185 168
-9.0851 -4.9418 2.4673 63 56 28
-8.7139 -4.4821 1.9234 47 37 10
-9.5079 -5.0611 2.5939 139 125 80
-8.8037 -4.5339 1.9033 42 36 14
-9.7543 -5.0115 -2.5755 45 32 16
-9.7660 -4.9261 -1.2374 177 161 138
-9.7975 -4.9489 -0.9893 135 119 103
-9.9719 -5.0190 -0.9582 141 123 99
-9.6044 -4.8823 0.2061 45 26 0
-10.0929 -5.1143 -2.7710 26 19 3
-8.9699 -4.7146 1.0928 122 106 80
-9.9165 -5.1551 -0.8619 123 110 93
-9.7238 -5.1282 -0.7689 139 128 108
-9.7687 -5.0233 -2.6962 89 77 61
-9.3385 -4.8980 1.3824 210 203 184
-8.7412 -4.5050 1.1049 40 34 22
-9.3365 -5.1267 2.7503 63 56 28
-9.1936 -5.6850 3.0631 204 206 205
-9.4376 -4.8425 3.8348 73 59 33
-9.7412 -4.9207 -0.9382 129 116 97
-9.5894 -4.9235 -1.0868 172 152 119
-9.7039 -4.9725 -1.5012 139 138 134
-9.8952 -5.0291 -1.6176 135 132 127
-9.9307 -5.0724 -1.7115 33 26 16
-9.9854 -5.1111 -2.6619 102 82 55
-9.7522 -5.0115 -2.5742 45 32 16
-9.7459 -4.9388 -2.8110 44 32 20
-9.9384 -5.1197 -3.1452 58 54 43
-9.9455 -5.0883 -2.9965 43 22 5
-9.6183 -5.3724 3.7118 168 150 114
-9.7180 -4.9046 -1.2081 41 26 5
-9.9329 -5.2002 -1.0035 118 97 80
-9.4215 -4.9566 -0.5618 150 145 126
-9.7626 -5.0694 -0.7815 125 112 93
-9.4605 -4.9497 -0.6233 108 93 74
-9.9880 -5.0596 -2.6697 26 19 3
-9.6359 -5.0539 3.9598 135 126 109
-8.4649 -4.2727 2.1716 74 60 33
-9.2538 -5.6351 3.4453 105 109 108
-9.5829 -5.3089 3.0315 63 56 28
-9.1016 -4.8248 1.9519 153 140 106
-9.5285 -5.0234 1.4838 170 155 136
-8.2813 -4.1607 0.7468 98 79 49
-9.9143 -5.1146 -1.2374 54 31 0
-9.6633 -4.9836 -1.2500 190 173 153
-10.2430 -5.2829 -1.8539 139 138 134
-9.9267 -5.0709 -1.7093 33 26 16
-9.8140 -5.0475 -2.5131 58 46 30
-9.8377 -5.0284 -2.5165 102 82 55
-9.8888 -5.0055 -2.5717 26 19 3
-9.8673 -5.0868 -2.6817 89 85 76
-9.7691 -4.9892 -2.7995 43 22 5
-9.8653 -5.0357 -3.0834 62 49 40
-8.2966 -4.1719 2.0600 73 59 32
-9.1339 -4.9549 3.0991 151 136 97
-9.4419 -4.9659 3.1544 64 58 36
-10.2090 -5.4147 3.2209 49 42 26
-9.5205 -5.0156 1.4859 71 58 39
-9.2368 -4.8954 1.1052 62 44 22
-9.2216 -4.8758 0.6301 144 136 123
-9.5404 -5.0480 0.4094 44 29 8
-9.3376 -4.8610 -0.2266 143 130 111
-10.0653 -5.1967 -1.2973 41 20 0
-9.7341 -5.0327 -1.3066 84 69 50
-9.8180 -5.0622 -2.6475 63 60 51
-9.4701 -4.8497 -2.6173 80 79 74
-9.0762 -5.4797 3.1205 101 105 106
-9.3365 -4.8803 1.0366 150 137 120
-9.3967 -4.9554 0.3807 45 30 11
-9.7365 -5.0833 0.2002 46 28 8
-9.9684 -5.1990 -0.7962 117 110 92
-10.6173 -3.7200 1.5781 45 24 0
-10.4514 -3.8689 3.3442 255 249 222
-10.7049 -3.8708 1.7878 52 40 16
-10.7010 -3.6094 1.7424 38 27 9
-10.6127 -3.6711 1.6753 115 89 62
-10.8395 -3.6965 -3.0311 162 139 98
-10.5504 -3.8483 1.6288 59 48 26
-10.7997 -3.6749 -1.9531 134 127 109
-10.7875 -3.6871 -1.8837 255 253 239
-10.8303 -3.6384 -1.6571 108 88 64
-10.8615 -3.6367 -1.5994 128 107 86
-10.8872 -3.6903 -2.0153 32 20 4
-10.3760 -4.0569 3.1140 58 46 20
-10.7517 -4.8402 3.6596 101 94 84
-10.8842 -3.7433 -1.5421 234 207 178
-10.8056 -3.7238 -1.4590 170 146 120
-10.5268 -3.8760 3.1344 178 159 129
-10.0304 -4.5463 3.0623 220 220 220
-10.5512 -3.6014 3.2183 66 52 23
-10.4913 -3.8713 2.9575 167 148 105
-10.8115 -3.6145 -1.1705 158 132 105
-10.7600 -3.7283 -2.9745 63 45 25
-10.7345 -3.6757 0.2079 125 100 69
-10.8267 -3.7996 -1.6418 52 38 27
-10.6397 -3.9323 1.7059 156 137 107
-10.8178 -3.7989 -1.5878 95 77 63
-10.5742 -3.8793 3.2254 109 95 68
-10.5678 -3.8970 2.3410 120 91 61
-10.4108 -3.9054 3.3132 164 140 102
-10.9923 -3.7411 -3.8376 64 55 50
-10.5526 -3.9075 3.0862 87 68 25
-10.9288 -3.7020 -3.6038 84 60 32
-10.5638 -3.9247 3.4823 164 140 102
-10.8252 -3.7293 -2.6277 120 104 79
-11.1045 -3.7046 -2.4698 45 22 0
-10.4702 -3.7442 -1.4908 115 97 85
-10.4960 -3.6918 3.6973 152 125 72
-10.8240 -3.6127 -1.5162 33 12 0
-10.6365 -3.7866 -0.3720 97 80 60
-10.4332 -4.0370 3.4732 112 96 63
-10.6784 -3.7224 1.5347 121 98 64
-10.8284 -3.6348 -1.5769 128 107 86
-10.8143 -3.7834 -1.4599 170 148 125
-10.8737 -3.7972 -1.4218 110 90 66
-10.6671 -3.6071 1.8233 40 25 4
-10.1424 -4.5907 3.1730 207 206 204
-10.8978 -3.7163 -3.0042 227 204 188
-10.6044 -3.8232 3.2468 54 42 18
-10.4331 -3.8068 2.9723 50 39 11
-9.5510 -4.4928 2.5266 160 153 137
-11.0097 -3.8200 -1.6531 110 91 74
-10.0726 -4.5637 3.0187 88 84 72
-10.8251 -3.6453 -1.3076 119 104 85
-10.5717 -3.8790 3.2296 109 95 68
-10.6679 -3.8148 -0.5624 126 108 88
-10.5863 -3.9410 2.5568 151 131 106
-10.5623 -3.8776 3.0895 73 57 24
-10.5835 -4.9171 3.6304 104 102 90
-10.4671 -3.9124 3.3694 164 140 102
-10.7897 -3.6628 -2.1870 125 114 96
-10.8199 -3.6796 -2.2248 110 89 72
-10.8845 -3.6997 -3.1773 142 117 86
-10.9433 -3.7567 -3.3069 84 76 74
-10.9228 -3.7424 -3.2833 51 35 22
-11.0304 -3.7562 -3.7041 68 61 51
-10.8588 -3.6976 -3.5248 84 60 32
-10.9008 -3.8245 -0.5972 107 89 69
-9.9110 -4.4519 3.1532 90 94 93
-10.5093 -3.6055 2.9969 87 70 44
-10.8427 -3.6864 -3.6780 40 31 22
-10.7809 -3.7278 -2.5212 50 33 13
-10.5050 -3.9002 2.8650 59 42 16
-9.9936 -4.5985 2.8634 140 133 117
-10.3703 -3.9024 3.2968 146 124 87
-10.8898 -3.7407 -3.2531 51 35 22
-10.7972 -3.7100 -2.9008 227 204 188
-10.6391 -3.6781 -2.1139 45 22 0
-10.8072 -3.6749 -1.9827 127 120 101
-10.8107 -3.6897 -1.9918 43 34 19
-10.9162 -3.7045 -1.8840 65 51 40
-10.8302 -3.6392 -1.6690 108 88 64
-10.8732 -3.7546 -1.6811 242 221 202
-10.9251 -3.7941 -1.6905 44 30 21
-10.7645 -3.6124 -1.5384 165 143 120
-10.8279 -3.6348 -1.5728 128 107 86
-10.7618 -3.7352 -1.4835 234 207 178
-10.8787 -3.6179 -1.1881 141 115 90
-10.4398 -3.8387 1.5537 66 54 30
-10.4085 -4.6846 2.2534 27 28 30
-10.5505 -3.9379 2.5948 181 164 134
-10.5477 -3.9242 3.3632 76 60 27
-10.7280 -3.7042 -1.5080 89 70 56
-10.8196 -3.8052 -1.5601 110 91 74
-10.6211 -3.6616 0.5189 89 71 33
-11.0122 -3.6827 -3.7997 101 91 79
-10.7785 -3.7274 -2.5058 54 37 19
-10.8360 -3.8740 -1.3542 116 104 92
-10.8401 -3.6957 -3.4996 84 60 32
-10.8593 -3.8628 -1.2884 131 117 104
-10.0656 -4.4718 3.4429 82 86 85
-10.5871 -3.8802 0.5139 112 92 59
-10.7521 -3.8734 1.7721 208 200 177
-10.3749 -3.8929 1.5906 105 82 51
-10.6132 -3.9159 2.3151 102 78 52
-10.4693 -3.8908 2.8235 51 36 13
-10.3634 -4.0518 2.9480 70 60 35
-10.3753 -3.8571 2.9310 73 57 24
-10.5104 -3.9019 3.0840 71 53 13
-10.5945 -3.8219 3.2625 54 42 18
-10.5623 -4.1187 3.4323 164 143 98
-9.3843 -4.2569 2.5647 91 95 94
-10.3329 -4.0199 3.3859 103 87 51
-10.3390 -4.0787 3.3422 158 139 106
-10.6817 -3.8043 -1.0714 89 71 51
-11.0069 -3.7727 -1.1523 53 35 21
-10.6384 -3.8759 -1.1796 131 120 114
-10.7310 -3.8596 -1.3220 133 123 111
-10.8586 -3.7271 -1.4741 148 124 98
-10.7202 -3.6337 -1.6004 97 77 53
-10.9294 -3.6858 -1.9091 37 23 12
-10.9381 -3.6984 -1.9490 69 55 42
-10.8023 -3.7285 -2.5374 50 33 13
-10.7786 -3.6973 -2.6505 81 64 36
-10.9140 -3.7299 -3.1425 98 80 58
-10.9603 -3.7520 -3.2817 77 67 57
-10.9553 -3.7513 -3.6421 61 52 43
-11.0264 -3.6687 -3.7092 34 24 12
-10.7993 -3.8627 -0.9352 51 34 14
-10.6270 -3.8469 -0.8625 60 47 28
-10.6800 -3.6766 0.2604 115 92 51
-10.4942 -3.8232 1.5924 75 64 44
-10.4501 -3.8934 2.8268 59 42 16
-10.4612 -4.0741 3.0289 67 55 33
-10.5905 -3.8871 3.1183 93 74 41
-10.4855 -4.7331 3.2695 37 39 36
-10.1780 -4.0009 3.6994 163 146 103
-10.3569 -3.8618 3.1535 74 59 30
-10.4356 -4.0951 3.3123 164 143 98
-10.3948 -4.0867 3.3565 154 134 97
-10.6792 -3.7413 -1.2366 187 154 109
-10.7697 -3.7224 -1.4352 148 124 98
-11.0832 -3.8065 -1.7194 51 33 21
-10.8937 -3.7606 -1.6705 160 139 120
-10.8062 -3.6916 -2.0022 43 34 19
-10.8172 -3.7329 -2.5469 75 62 46
-10.5180 -3.7131 -2.7605 59 41 21
-11.0753 -3.7470 -3.2848 59 41 21
-10.9942 -3.6857 -3.7608 58 44 31
-9.4835 -4.2709 2.7716 113 117 116
-10.4057 -4.0570 2.7431 91 75 42
-9.9952 -4.4603 2.2040 98 99 101
-10.5341 -3.8674 -0.8085 63 54 39
-10.7770 -3.6769 0.6167 48 29 0
-10.3032 -3.7716 0.3860 88 75 58
-10.6501 -3.8355 -0.1449 134 122 106
-10.2390 -4.0141 3.9665 81 60 29
-10.2365 -4.0131 3.7681 161 144 101
-10.3975 -3.8636 3.3208 217 203 176
-10.2539 -4.0605 3.2099 154 134 97
-10.1565 -4.6076 3.2170 205 209 208
-10.5452 -3.9223 3.2475 63 40 8
-10.6311 -3.8954 3.1820 74 57 31
-10.5139 -3.8185 3.0060 55 43 21
-10.5113 -3.9021 2.8877 62 43 13
-10.5906 -3.8820 2.7924 143 122 69
-10.4806 -3.9209 1.7293 128 111 81
-10.5242 -3.8271 1.6283 99 91 70
-10.5108 -3.9168 1.3993 41 21 0
-10.7290 -3.8832 1.2782 69 53 28
-10.7164 -3.8270 -0.4526 131 115 99
-10.3957 -3.8571 -0.6083 145 139 127
-10.8754 -3.7614 -1.2807 123 89 43
-10.6778 -3.7750 -1.5059 51 33 21
-10.0770 -3.9823 3.7832 91 64 34
-10.3831 -3.9059 3.6260 68 53 34
-9.3663 -4.3023 2.3848 205 209 208
-10.3138 -3.8870 3.1145 79 60 27
-10.6160 -3.8275 3.3145 56 41 18
-10.2873 -3.8831 2.9825 64 41 7
-10.5079 -4.0837 3.0625 67 55 33
-10.4791 -3.8132 -0.2307 108 97 77
-10.7293 -3.7825 -0.9742 127 110 92
-9.8244 -3.7494 -1.0009 132 128 116
-10.8787 -3.7895 -1.5962 48 30 16
-10.3468 -3.8081 3.3012 73 59 30
-10.5226 -3.8843 3.1085 74 56 32
-10.9380 -3.8554 -0.4093 118 105 88
-10.7601 -3.8463 -1.1749 62 43 28
-7.9081 -2.7837 0.4811 126 104 57
-9.4346 -0.6583 -1.5616 148 136 120
-9.8903 -0.0223 -2.0552 148 136 120
-9.6211 -0.3954 -1.7616 148 136 120
-7.4569 -7.3537 1.1359 140 150 152
-7.4918 -6.8693 1.0110 139 150 152
-7.5017 -6.8325 1.0167 30 39 34
-7.4419 -7.1582 1.2181 71 77 77
-7.5289 -7.1235 1.2347 88 94 82
-7.4607 -6.8542 1.1408 12 18 18
-7.4678 -6.8192 1.1603 71 77 75
-7.5328 -7.1626 1.3570 131 139 126
-7.5014 -7.0448 1.3930 4 9 5
-7.4721 -6.8845 1.3611 68 72 71
-7.4660 -7.0064 1.4689 62 62 64
-7.8694 -4.9688 3.5279 190 182 135
-7.8986 -4.9622 3.5174 83 65 29
-7.9591 -4.9211 3.4313 96 74 35
-7.8433 -4.8421 3.1898 190 182 135
-7.8510 -4.8787 3.2484 87 78 37
-7.4104 -6.9496 1.7241 95 100 103
-7.8836 -4.8923 3.2442 142 124 86
-7.9087 -4.9497 3.3278 104 88 62
-7.9016 -4.9251 3.2443 166 147 107
-7.9054 -4.9497 3.2642 159 127 76
-7.8415 -4.9148 3.1650 194 177 108
-7.9623 -4.9346 3.1708 204 184 98
-7.9062 -4.9396 3.1093 96 65 10
-7.8956 -4.9084 3.0011 255 223 131
-7.8483 -4.7111 0.8809 159 144 113
-7.8449 -4.9249 2.9597 96 80 54
-7.4207 -6.7849 2.3377 130 139 136
-7.8204 -4.5856 0.8053 68 53 24
-7.8712 -4.9041 2.7851 252 238 175
-7.8925 -4.8773 2.6219 87 63 25
-7.5658 -7.2469 2.7677 132 129 114
-7.8067 -4.5574 0.8138 77 57 20
-7.5320 -7.1655 2.7209 126 119 103
-7.4583 -7.0418 2.6212 149 143 127
-7.9278 -4.9109 2.4972 243 237 211
-7.9109 -4.8643 2.3803 234 229 189
-7.4109 -6.8681 2.5044 177 181 182
-7.8956 -4.8449 2.1627 255 249 144
-7.5425 -7.1044 2.7183 87 78 63
-7.8967 -4.8462 2.1198 255 241 129
-7.9340 -4.8990 2.1691 129 106 64
-7.5564 -6.8413 2.5333 125 116 101
-7.9291 -4.8798 2.0521 133 112 65
-7.4282 -6.7482 2.4733 192 194 191
-7.9043 -4.9097 2.0523 117 93 29
-7.9359 -4.7720 1.0138 94 74 37
-7.5309 -6.9333 2.6588 98 91 73
-7.9537 -4.8140 1.6703 113 97 63
-7.9264 -4.8444 1.6919 199 166 113
-7.8914 -4.8341 1.6389 145 116 74
-7.9196 -4.8692 1.6824 75 57 35
-7.5001 -6.8882 2.6285 142 135 116
-7.9375 -4.7574 1.5003 109 88 41
-7.9321 -4.7505 1.0417 128 106 57
-7.8874 -4.8280 1.4366 93 70 36
-7.8214 -4.6272 0.9487 101 86 55
-7.8698 -4.7378 1.0550 119 99 62
-7.8573 -4.6988 1.2071 114 93 46
-7.8516 -4.7754 1.2238 84 71 39
-7.4218 -6.8450 0.8912 42 44 43
-7.4155 -6.9666 0.9046 42 44 43
-7.5138 -7.1199 -1.2890 152 152 150
-7.5072 -7.2803 -1.4305 42 43 45
-7.5385 -7.3872 -1.4745 182 182 184
-7.5241 -7.2854 -1.4664 54 55 57
-7.5449 -7.3807 -1.5054 100 99 97
-7.4430 -7.2148 -1.5601 96 95 93
-7.4423 -7.2828 -1.7206 151 141 132
-7.4445 -7.3169 -1.8071 70 57 48
-7.4847 -7.3782 -1.8524 82 72 73
-7.4493 -7.2402 -1.8193 117 103 94
-7.4246 -7.3760 -1.9609 60 47 41
-7.4683 -7.3854 -2.0275 139 132 126
-7.5008 -7.0841 -2.0219 49 30 24
-7.4809 -7.2717 -2.1619 53 40 32
-7.4195 -7.3312 -2.2103 48 37 33
-7.5400 -7.2901 -2.3179 113 92 87
-7.4766 -7.3373 -2.5450 111 96 89
-7.4506 -7.0254 -2.6515 110 86 82
-7.9229 -4.8101 1.3907 151 118 51
-7.9327 -4.7499 1.3653 172 142 80
-7.4729 -6.9861 1.1694 110 125 120
-7.5408 -7.1306 1.3491 110 120 109
-7.4931 -6.9002 1.2864 88 92 93
-7.4954 -7.2279 1.4614 0 5 1
-7.4791 -7.0478 1.4304 80 86 84
-7.5073 -7.2212 1.5311 114 126 116
-7.5363 -7.2720 1.5856 89 105 94
-7.5042 -7.1723 1.6120 96 102 98
-7.5264 -7.0284 1.5627 34 47 38
-7.9081 -4.9485 3.3262 104 88 62
-7.8383 -4.8782 3.0957 133 121 69
-7.8991 -4.9163 3.1874 159 134 78
-7.9422 -4.8570 3.0658 96 80 46
-7.4128 -6.8666 2.1791 75 79 82
-7.8363 -4.8655 2.9089 180 162 114
-7.8760 -4.9457 3.0798 97 79 33
-7.8946 -4.8821 2.9520 255 240 171
-7.9064 -4.9375 3.0259 255 231 116
-7.8162 -4.5773 0.7858 159 144 113
-7.8233 -4.5971 0.8187 64 49 20
-7.8691 -4.8994 2.7798 255 245 177
-7.6114 -5.1855 1.2406 41 42 37
-7.4331 -6.7288 2.3650 132 133 128
-7.5721 -6.7152 2.3798 132 129 114
-7.4617 -6.9662 2.5609 149 143 127
-7.9386 -4.8933 2.5246 137 102 44
-7.8434 -4.6826 2.1185 128 116 90
-7.9142 -4.8780 2.4302 255 254 239
-7.9043 -4.8392 2.3398 242 238 203
-7.5972 -5.2285 1.3203 85 83 60
-7.5240 -6.8727 2.5383 123 117 101
-7.5534 -7.0102 2.6619 125 116 101
-7.8943 -4.8522 2.2017 172 136 13
-7.8976 -4.8490 2.1270 255 241 129
-7.9215 -4.8608 2.1299 93 76 48
-7.9355 -4.7708 1.0109 94 74 37
-7.9265 -4.7809 1.9970 183 154 76
-7.9215 -4.8546 2.0966 149 126 84
-7.8971 -4.8798 2.0048 129 109 56
-7.8758 -4.9744 1.9732 109 94 55
-7.4953 -7.0079 2.7204 142 135 116
-7.9102 -4.7895 1.7119 153 125 77
-7.9370 -4.7564 1.6537 115 100 69
-7.9608 -4.8449 1.7303 161 146 107
-7.9498 -4.8030 1.6565 110 94 58
-7.9230 -4.8325 1.6746 199 166 113
-7.9475 -4.7952 1.6240 153 137 101
-7.9089 -4.8309 1.6554 157 139 103
-7.9064 -4.8211 1.6201 75 57 35
-7.4292 -6.9195 2.6962 146 143 136
-7.9431 -4.7773 1.5313 114 96 50
-7.8725 -4.7523 1.4206 137 104 50
-7.8734 -4.7725 1.3741 115 98 70
-7.9236 -4.8236 1.4309 104 69 13
-7.8318 -4.6917 1.2049 88 72 39
-7.8745 -4.7553 1.2480 125 104 59
-7.9246 -4.7277 1.0480 86 63 22
-7.8350 -4.7048 1.1530 72 57 26
-7.4396 -7.1608 1.0897 23 29 27
-7.4096 -7.2080 1.0800 49 51 48
-7.5371 -7.1027 1.0508 65 67 62
-7.5357 -7.3848 -1.5807 139 139 139
-7.4517 -7.2489 -1.6175 190 187 180
-7.4811 -7.1462 -1.6482 33 29 26
-7.4502 -7.3596 -1.8714 141 127 118
-7.4288 -7.2867 -1.9069 60 47 41
-7.4360 -7.3129 -1.9836 139 128 124
-7.5004 -7.0766 -2.0140 49 30 24
-7.4776 -7.3721 -2.2165 45 32 24
-7.4224 -7.3132 -2.1941 43 32 28
-7.5374 -7.2800 -2.3132 119 98 93
-7.4489 -7.0590 -2.6801 110 86 82
-7.1742 -6.4548 -3.2647 159 154 148
-7.9293 -4.8607 1.8914 147 119 72
-7.4267 -7.2177 -2.1352 48 37 33
-7.4793 -7.3543 -2.1959 45 32 24
-7.4419 -7.2398 -1.9506 150 140 138
-7.4537 -7.2959 -1.8192 154 141 132
-7.4865 -7.2520 -1.7820 92 84 82
-7.4776 -7.3871 -1.7879 36 32 33
-7.4704 -7.2818 -1.5366 33 39 35
-7.5103 -7.2304 -1.4872 95 99 98
-7.5199 -7.3501 -1.4877 54 55 57
-7.5351 -7.3203 -1.4491 185 185 187
-7.8962 -4.9476 3.4831 84 66 30
-7.9444 -4.9306 3.4008 127 104 50
-7.5213 -7.2461 -1.2708 60 61 56
-7.8464 -4.9421 3.2713 235 219 144
-7.4158 -7.0179 0.8887 45 47 46
-7.9114 -4.9567 3.1601 88 59 15
-7.4869 -6.9637 1.0388 139 150 152
-7.9012 -4.9131 2.9782 255 244 115
-7.5043 -6.9699 1.0987 89 101 91
-7.8749 -4.9153 2.8998 90 71 29
-7.8693 -4.8300 3.1679 84 66 30
-7.4965 -7.1595 1.2295 128 140 130
-7.5345 -7.1548 1.2648 93 95 84
-7.8718 -4.9091 2.8083 255 255 172
-7.9319 -5.0229 3.0032 99 71 24
-7.9004 -4.8926 2.7217 99 71 24
-7.5002 -6.9931 1.4015 15 20 16
-7.8935 -4.8801 2.5427 223 202 159
-7.5289 -6.8903 1.5001 43 59 49
-7.9010 -4.9186 2.5623 241 221 184
-7.5199 -7.1982 1.8032 72 76 77
-7.9216 -4.7537 0.6695 153 133 98
-7.5211 -7.1044 1.9787 100 101 103
-7.8113 -4.5558 0.7695 152 137 108
-7.4281 -6.8200 2.3717 34 38 37
-7.8154 -4.5674 0.7995 72 57 26
-7.6114 -5.1870 1.2388 41 42 37
-7.4338 -6.7857 2.4124 127 124 115
-7.5240 -6.8751 2.5324 123 117 101
-7.9291 -4.7452 0.9840 74 51 17
-7.9251 -4.8455 1.8316 80 50 16
-7.9072 -4.7789 1.6988 153 125 77
-7.9156 -4.8092 1.6815 96 65 18
-7.9320 -4.7555 1.0396 142 124 76
-7.6115 -5.1900 1.3724 214 214 212
-7.9085 -4.7825 1.5845 97 63 18
-7.9078 -4.8229 1.6156 78 62 29
-7.8616 -4.7153 1.2125 93 79 44
-7.5350 -7.3333 -2.3399 114 95 89
-7.9135 -4.7886 1.3926 104 69 13
-7.9323 -4.8730 1.9652 162 130 83
-7.4903 -7.0053 1.3176 106 112 112
-7.5361 -7.1112 1.0613 65 67 62
-7.9012 -4.8860 1.5037 115 98 70
-7.4738 -7.3407 -2.5503 112 97 90
-7.8640 -4.7120 1.2012 125 104 59
-7.8378 -4.6104 0.9529 109 84 43
-7.8518 -4.6695 1.1946 150 129 66
-7.8584 -4.8738 1.8938 100 84 50
-7.8684 -4.9431 2.0683 106 93 61
-7.4578 -6.9970 2.5789 151 145 129
-7.8481 -4.8409 2.0363 98 81 55
-7.9295 -4.8771 3.2703 128 105 53
-7.8438 -4.9276 3.2408 188 169 101
-7.9058 -4.9515 3.2663 187 156 102
-7.9087 -4.9426 3.1382 87 58 16
-7.8955 -4.8961 2.9799 252 232 143
-7.8768 -4.9395 2.8740 220 209 145
-7.9028 -4.9286 2.8326 114 94 59
-7.9086 -4.9233 2.7873 99 71 24
-7.9826 -5.2562 3.3092 121 106 77
-7.8865 -4.8575 2.5000 121 106 77
-7.8450 -4.6828 2.1450 121 106 77
-7.9303 -4.9402 2.5427 250 248 227
-7.9017 -4.8650 2.1598 255 246 139
-7.8971 -4.8546 2.0863 144 111 8
-7.8342 -4.7794 1.9577 77 65 39
-7.9063 -4.7920 1.8836 97 73 29
-7.9022 -4.9013 2.0256 109 89 54
-7.8717 -4.9590 2.0927 106 93 61
-7.9321 -4.8751 1.9690 162 133 89
-7.9248 -4.8469 1.8269 84 58 25
-7.9220 -4.8363 1.7789 152 128 82
-7.9146 -4.9165 1.8465 165 139 78
-7.8705 -4.7627 1.3738 145 130 111
-7.8624 -4.7140 1.2736 158 138 88
-7.8809 -4.7887 1.3155 140 120 67
-7.9008 -4.8783 1.3787 123 114 97
-7.8619 -4.7091 1.0400 132 116 83
-7.4440 -6.6732 2.5134 138 135 128
-7.8076 -4.5988 0.8355 77 61 38
-7.4301 -6.7714 2.3460 41 43 40
-7.4099 -6.8742 2.2582 156 161 164
-7.4087 -6.9005 2.1955 113 118 121
-7.9375 -4.8132 0.7033 103 83 50
-7.8963 -4.8881 0.7170 92 76 50
-7.5161 -7.3483 1.8717 72 76 77
-7.5158 -6.9288 1.4994 140 151 143
-7.4686 -7.0543 1.4413 56 57 59
-7.4978 -7.0651 1.4268 15 20 16
-7.4951 -7.1940 1.2430 128 140 130
-7.4121 -6.9484 1.0476 178 180 179
-7.4160 -7.1148 1.1017 42 44 41
-7.5356 -7.1822 1.0683 65 67 62
-7.4140 -7.0445 0.8973 45 47 46
-7.5460 -7.3835 -1.4111 168 167 165
-7.5338 -6.8763 -1.2627 69 70 72
-7.4359 -7.2435 -1.6128 92 88 87
-7.4341 -7.2154 -1.7384 57 52 48
-7.4507 -7.3248 -1.8316 154 141 132
-7.4251 -7.3769 -1.9210 59 48 42
-7.4648 -7.2531 -1.9511 163 155 152
-7.4529 -7.2865 -2.0959 136 137 129
-7.4819 -7.2974 -2.1612 45 32 24
-7.5318 -7.3160 -2.3359 118 99 93
-7.8538 -4.9872 3.3809 202 193 136
-7.9008 -4.9113 3.0645 87 58 16
-7.9098 -4.9604 3.1244 255 248 151
-7.8411 -4.9176 2.9125 154 154 142
-7.9075 -4.9345 2.7666 207 178 134
-7.9025 -4.9238 2.6309 206 186 149
-7.8866 -4.8446 2.3791 108 82 25
-7.9027 -4.8350 2.3511 255 250 228
-7.9247 -4.9694 2.3598 255 247 129
-7.8863 -4.8133 2.0878 255 247 129
-7.9007 -4.8711 2.1081 146 114 15
-7.9104 -4.7941 1.7587 98 72 39
-7.8533 -4.8789 1.8384 125 115 90
-7.8906 -4.8206 1.7130 165 139 78
-7.8440 -4.8073 1.6129 159 138 93
-7.9200 -4.8720 1.6674 81 66 47
-7.9061 -4.9070 1.5387 145 130 111
-7.8668 -4.7350 1.2693 156 137 81
-7.6675 -5.2983 1.6685 96 98 95
-7.6424 -5.1395 1.4506 90 92 89
-7.8569 -4.6923 1.0314 135 116 84
-7.5319 -6.7645 2.4806 133 126 108
-7.8017 -4.5141 0.7744 63 48 19
-7.4207 -6.8956 2.4390 65 70 66
-7.8681 -4.7910 0.8965 51 39 15
-7.4679 -7.0586 1.4517 56 57 59
-7.5012 -6.7378 1.0992 120 137 127
-7.4414 -6.8426 1.0420 23 25 24
-7.4779 -6.9669 1.0633 163 178 183
-7.4138 -7.0591 0.8920 45 47 46
-7.5360 -7.2176 -1.4039 177 177 179
-7.4329 -7.3320 -1.8937 58 45 37
-7.4500 -7.1750 -1.9144 155 145 143
-7.4603 -7.3691 -2.0223 163 155 152
-7.9086 -4.9526 3.1784 92 59 5
-7.8928 -4.8851 2.9494 252 232 143
-7.9226 -5.0087 3.0982 255 247 109
-7.8728 -5.0366 3.0922 172 147 67
-7.8768 -4.9447 2.8954 210 198 124
-7.8494 -4.7097 2.2009 125 110 87
-7.8453 -4.8122 1.6191 159 138 93
-7.8264 -4.6236 0.8630 89 74 43
-7.4235 -6.8887 2.4311 41 43 40
-7.8186 -4.5771 0.6711 107 91 58
-7.5182 -6.7556 1.4258 126 135 130
-7.4656 -7.0400 1.3002 23 25 24
-7.4205 -6.9520 1.1083 24 26 23
-7.4432 -6.7883 1.0422 23 25 24
-7.4669 -7.0182 1.1175 140 154 155
-7.4481 -7.3761 -1.7671 145 135 126
-7.9060 -4.9420 2.9535 210 186 60
-7.8786 -4.9467 2.8962 255 248 162
-7.9054 -4.9194 2.6818 92 61 15
-7.8577 -4.8844 2.0308 171 159 117
-7.8498 -4.6696 1.2979 94 67 24
-7.8341 -4.6048 1.1472 165 145 84
-7.8048 -4.5600 0.8679 153 134 94
-7.6092 -5.3044 1.3206 31 32 27
-7.5175 -6.8911 1.8455 53 57 58
-7.4829 -7.2576 1.5930 22 22 22
-7.5219 -6.6679 1.0315 32 34 23
-7.5436 -5.9824 0.8227 32 34 23
-7.4683 -6.9998 1.1038 140 154 155
-7.4846 -7.1292 -1.4143 33 42 37
-7.4342 -7.2236 -1.7771 62 51 45
-7.4513 -7.3128 -2.0308 151 148 143
-7.4177 -7.3906 -2.1832 44 34 32
-7.4810 -7.3469 -2.1542 66 48 44
-7.9151 -5.2912 3.8583 90 74 41
-7.6082 -5.3955 1.5649 203 207 206
-7.4306 -6.8914 2.4355 30 29 25
-7.6091 -5.4297 1.4078 31 32 27
-7.5225 -6.6995 1.7617 53 57 58
-7.5261 -7.2821 -1.3636 163 163 163
-7.4355 -7.0613 -2.0097 41 30 26
-11.3082 -4.1702 -1.8763 43 31 31
-10.4035 -1.5184 3.0994 96 79 35
-10.4083 -1.4182 2.9836 78 59 27
-10.4943 -1.4277 2.2012 62 46 12
-10.9331 -2.0427 -2.9341 89 90 85
-10.3589 -1.4587 3.1142 168 136 79
-10.4000 -1.5198 3.1011 85 70 29
-10.5518 -1.4278 2.7720 156 129 84
-10.4208 -1.4691 2.0716 129 106 65
-11.5563 -1.7727 0.4710 41 37 34
-10.5325 -1.4546 2.9310 99 80 48
-11.2841 -1.7855 3.1667 94 96 93
-10.4606 -1.5108 2.6157 69 49 25
-11.0992 -1.8310 3.1513 107 109 106
-11.7574 -3.5946 2.6642 86 83 68
-9.5006 -3.5150 0.9283 89 93 94
-11.5999 -3.5096 2.4994 160 151 134
-12.0623 -3.3925 2.8469 177 169 150
-11.8466 -3.6529 2.6599 82 70 54
-10.2248 -3.5638 1.4436 98 87 69
-11.8283 -3.4814 2.5804 179 173 151
-11.1069 -3.6380 2.0324 158 147 129
-10.9406 -3.6198 1.8995 91 80 62
-12.0698 -3.5319 2.6884 161 158 141
-11.1624 -3.6176 2.0315 171 165 149
-11.7795 -3.5767 2.4661 121 119 107
-10.1190 -3.5741 1.2799 125 127 126
-10.1959 -3.5811 1.2699 101 105 104
-10.8609 -3.6390 1.6634 159 163 162
-11.1161 -3.6674 1.7748 186 190 189
-12.1530 -3.7576 2.4062 155 159 158
-10.8148 -3.6369 1.5380 70 75 71
-11.0546 -3.6558 1.4088 76 81 77
-12.1149 -3.6185 1.6213 75 76 78
-11.8479 -3.5948 1.4056 77 79 76
-12.0117 -3.5918 1.3152 105 126 111
-11.9420 -3.4342 1.2873 31 32 34
-12.0901 -3.3745 1.2567 115 119 120
-11.7829 -3.6346 1.0704 122 127 123
-11.8750 -3.6215 1.0809 103 105 100
-11.5745 -3.5672 0.9898 119 128 109
-12.0663 -3.4005 1.1352 27 32 35
-11.9892 -3.5968 1.0818 146 159 129
-11.3852 -3.5757 0.8736 45 52 34
-11.9906 -3.6826 0.9943 109 114 110
-12.0611 -3.6610 1.0124 17 22 18
-12.0850 -3.6306 1.0191 128 128 120
-11.6833 -3.6123 0.8960 148 149 143
-12.0823 -3.3757 0.9985 206 212 212
-11.6847 -3.6640 0.8797 17 22 18
-11.7033 -3.6458 0.8846 162 171 166
-11.6897 -3.6734 0.8653 147 149 148
-11.7628 -3.6762 0.8192 69 75 73
-11.8238 -3.6371 0.8332 166 179 172
-11.9196 -3.6284 0.8540 123 131 120
-11.5372 -3.6599 0.7197 18 22 23
-11.9877 -3.6395 0.8178 32 39 32
-11.5605 -3.7030 0.7100 196 198 195
-11.5548 -3.6501 0.6939 126 135 134
-11.6096 -3.6964 0.6730 38 38 36
-11.4773 -3.6691 0.6312 78 78 76
-11.8852 -3.4813 0.7062 59 61 60
-11.7358 -3.4415 0.6811 123 123 123
-11.6525 -3.7117 0.2535 56 56 54
-11.6859 -3.5939 0.2560 18 17 15
-12.0449 -3.6077 -1.7863 79 75 66
-12.1309 -3.6139 -1.9187 51 46 40
-11.9915 -3.6228 -1.9188 169 165 162
-12.0965 -3.5758 -1.9723 174 175 170
-11.8630 -3.6153 -1.9029 32 32 30
-12.0336 -3.5803 -1.9931 87 86 82
-12.0645 -3.5901 -2.0283 179 181 178
-12.0809 -3.6212 -2.0901 162 161 159
-12.0970 -3.6153 -2.1170 29 28 26
-12.1179 -3.6028 -2.1469 135 134 130
-12.0840 -3.6250 -2.1456 153 152 148
-12.1348 -3.5968 -2.1746 144 143 138
-11.9534 -3.6757 -2.0897 162 161 157
-11.9232 -3.6792 -2.1751 184 175 166
-11.7276 -3.6711 -2.0745 78 68 58
-11.7884 -3.6679 -2.1939 167 154 146
-11.9644 -3.6649 -2.3554 38 28 19
-11.9754 -3.6869 -2.3801 52 38 29
-12.0014 -3.6790 -2.4319 183 163 156
-11.9666 -3.6626 -2.4958 46 27 21
-11.9005 -3.6965 -2.5019 148 135 127
-12.0906 -3.6669 -2.6332 174 159 152
-12.1841 -3.5399 -2.8432 103 90 84
-12.0552 -3.6342 -2.7865 124 105 99
-11.9129 -3.6835 -2.7153 136 129 119
-12.0882 -3.6581 -2.8649 35 24 18
-12.1138 -3.6767 -2.9381 154 148 136
-12.0298 -3.5886 -2.9973 141 121 114
-11.8211 -3.4852 -2.9119 121 98 90
-11.8115 -3.6394 -3.0218 127 112 105
-11.6084 -3.6770 -3.2233 60 37 31
-11.7236 -3.6731 -3.3511 117 93 89
-11.6513 -3.8077 -3.3755 170 160 151
-11.4588 -3.5098 -3.3024 110 81 75
-11.1118 -3.8791 -3.6450 162 148 139
-10.9459 -3.9041 -3.7450 126 116 107
-9.7401 -3.5302 1.1143 119 116 107
-9.9769 -3.5599 1.2859 89 93 94
-11.7376 -3.6276 2.5965 149 141 122
-11.6216 -3.3876 2.5161 172 165 146
-12.1449 -3.4960 2.8829 140 133 115
-12.0987 -3.5799 2.7755 125 118 102
-10.9303 -3.5108 1.9155 91 83 72
-10.5204 -3.4441 1.6186 113 110 91
-10.6963 -3.6275 1.7111 208 212 213
-11.3341 -3.6844 1.9039 142 146 145
-11.6214 -3.7066 1.5154 124 126 123
-11.8911 -3.6062 1.5330 75 76 78
-11.7005 -3.6553 1.2026 84 86 85
-11.9379 -3.5891 1.2838 92 117 98
-12.1437 -3.4326 1.3566 24 25 27
-11.8149 -3.6636 1.1830 83 88 84
-11.8274 -3.6439 1.1682 93 98 94
-12.0331 -3.6496 1.1301 109 114 110
-11.8580 -3.4033 1.0726 27 32 35
-11.3531 -3.6166 0.8546 21 26 22
-11.5313 -3.5652 0.8838 84 85 77
-11.7587 -3.6630 0.9289 95 101 97
-11.8331 -3.6214 0.9290 148 149 143
-12.1479 -3.3796 1.0169 212 216 217
-11.9093 -3.6606 0.9267 142 151 146
-11.6912 -3.6217 0.7557 31 36 30
-11.5684 -3.7043 0.7115 196 198 195
-11.6465 -3.6282 0.7284 175 181 179
-11.6561 -3.6999 0.6920 44 46 43
-11.7179 -3.7016 0.6659 97 97 95
-11.5808 -3.3654 0.6230 37 37 35
-12.0212 -3.4438 0.6604 117 117 115
-11.6859 -3.5939 0.2560 18 17 15
-12.0655 -3.5929 -1.8931 163 162 157
-12.0959 -3.6573 -1.9731 93 92 87
-12.1498 -3.6341 -2.0876 32 32 30
-12.1752 -3.6148 -2.1235 57 57 55
-12.0000 -3.6212 -2.0907 153 152 148
-12.0390 -3.7033 -2.1772 99 94 91
-12.1021 -3.6920 -2.3001 184 175 166
-11.7670 -3.6408 -2.1379 24 20 21
-11.9992 -3.6920 -2.3849 68 55 49
-12.1027 -3.7203 -2.5592 52 35 27
-12.0637 -3.6344 -2.8104 109 90 84
-12.0877 -3.7229 -2.8929 53 39 30
-11.9160 -3.6814 -2.7623 67 58 49
-12.0126 -3.5895 -2.9826 141 121 114
-11.8158 -3.6408 -3.0258 132 117 110
-11.6346 -3.6633 -3.2486 121 97 93
-11.6690 -3.8092 -3.3961 170 160 151
-10.9935 -3.9148 -3.8211 126 116 107
-10.8758 -3.6600 -3.9477 134 106 102
-11.3197 -3.3689 2.3724 214 216 211
-11.8472 -3.4949 2.7212 77 73 61
-12.0867 -3.4309 2.8435 79 70 53
-11.0745 -3.6545 2.0554 197 192 186
-10.5751 -3.5937 1.6683 144 133 115
-11.7194 -3.5968 2.4978 163 158 139
-11.9047 -3.4822 2.6353 179 173 151
-11.1859 -3.5472 2.0936 93 87 75
-10.4067 -3.6023 1.5201 204 208 209
-10.7200 -3.6151 1.7086 140 134 120
-11.2337 -3.6612 2.0098 38 38 36
-11.2045 -3.6733 1.7721 70 75 71
-11.4550 -3.5816 1.5783 149 150 152
-12.0015 -3.4307 1.3191 22 23 25
-11.7473 -3.6590 1.1598 83 88 84
-11.7143 -3.6413 1.1497 76 81 77
-12.1187 -3.4003 1.2864 213 221 224
-11.8318 -3.6268 1.1642 17 19 16
-11.4102 -3.6084 0.9625 84 89 85
-12.1862 -3.4315 1.2023 174 178 181
-11.6722 -3.5779 0.9943 137 148 118
-11.8125 -3.4013 1.0368 10 15 18
-11.7973 -3.5796 0.9596 88 90 76
-11.5975 -3.6100 0.8650 160 161 153
-11.9636 -3.3955 0.9601 206 210 211
-11.4221 -3.3697 0.7854 178 180 179
-11.3804 -3.6868 0.6806 182 184 181
-11.3876 -3.6505 0.6828 19 20 22
-11.9372 -3.5896 0.7534 74 77 70
-11.8107 -3.4429 0.6319 117 117 115
-11.6591 -3.6133 0.2635 28 27 25
-12.1578 -3.6349 -1.6417 27 27 27
-11.7916 -3.5975 -1.6995 65 60 54
-12.1296 -3.6280 -1.9686 172 167 163
-12.1270 -3.5836 -1.9942 174 176 173
-11.9571 -3.6039 -1.9802 58 58 56
-12.0000 -3.6204 -2.0786 157 156 152
-11.9853 -3.5936 -2.0692 139 138 133
-12.0009 -3.6632 -2.1040 45 48 41
-11.9656 -3.6813 -2.2343 202 193 184
-11.8966 -3.6673 -2.2170 112 101 95
-11.8813 -3.6799 -2.2564 166 153 145
-11.6462 -3.6746 -2.2912 155 140 133
-12.0893 -3.7077 -2.6449 155 140 133
-12.0751 -3.4957 -2.7384 112 97 92
-11.9769 -3.6869 -2.7417 130 126 115
-12.0034 -3.6509 -2.7868 34 23 17
-12.0052 -3.7151 -2.8134 28 14 5
-11.7401 -3.5290 -2.8011 116 93 87
-11.0498 -3.8668 -3.4952 118 105 96
-11.0399 -3.9244 -3.8963 126 116 107
-10.8905 -3.6632 -3.9673 128 100 96
-11.3090 -3.3714 2.3778 207 212 208
-9.7535 -3.5382 1.0834 72 72 70
-11.5413 -3.4105 2.3910 176 165 145
-10.9205 -3.5508 1.9230 156 149 133
-11.8595 -3.5251 2.5360 161 158 141
-10.8698 -3.6317 1.7542 36 36 34
-10.8538 -3.6432 1.5565 136 141 137
-11.7190 -3.4435 1.2681 225 226 228
-11.4438 -3.4265 1.1350 13 14 16
-11.4858 -3.3803 1.0752 116 120 121
-11.8614 -3.6281 1.1734 17 19 16
-11.9743 -3.6464 1.1211 122 127 123
-12.0906 -3.4068 1.1213 17 22 25
-11.9711 -3.3749 1.0974 8 12 13
-12.0663 -3.3649 1.0204 37 38 40
-11.5676 -3.6623 0.8374 147 149 148
-11.7439 -3.7078 0.7421 45 47 44
-11.4810 -3.6894 0.5296 50 50 48
-12.0319 -3.5817 -1.9380 174 176 173
-12.1116 -3.5941 -2.0433 170 172 169
-12.1193 -3.6121 -2.0782 58 58 56
-11.8366 -3.5671 -1.9529 72 69 62
-12.1707 -3.6028 -2.1695 140 141 136
-12.1725 -3.6328 -2.2015 145 144 140
-12.0693 -3.6498 -2.4508 86 75 71
-12.0911 -3.6891 -2.4964 167 149 139
-12.1309 -3.7043 -2.6790 158 143 138
-11.7847 -3.6365 -2.6083 34 23 17
-12.0417 -3.7197 -2.8307 33 20 12
-11.9092 -3.5890 -2.8785 133 114 107
-11.4611 -3.7837 -3.1424 166 156 147
-10.9042 -3.3790 2.0644 207 212 208
-10.1270 -3.5761 1.3978 105 110 113
-11.7155 -3.4964 2.5861 101 93 80
-11.1616 -3.6423 2.1517 109 100 83
-11.5050 -3.5147 2.3150 151 144 126
-11.3307 -3.6897 2.1625 212 216 217
-11.9589 -3.6132 1.6396 199 200 202
-12.0397 -3.6001 1.3388 92 115 97
-11.5482 -3.4104 0.9766 17 22 25
-11.6944 -3.7165 0.7537 148 150 147
-11.7039 -3.7048 0.7558 39 41 38
-11.8550 -3.6525 0.7872 156 168 166
-12.0945 -3.4403 0.7318 132 132 132
-11.4482 -3.3723 0.1489 40 35 32
-12.0309 -3.6178 -1.9144 169 166 161
-12.0031 -3.5855 -1.8984 164 166 165
-12.0704 -3.6409 -2.0082 52 51 49
-12.0973 -3.6004 -2.0231 169 171 170
-12.1126 -3.6153 -2.0683 85 85 83
-11.7893 -3.6105 -1.9278 110 109 105
-11.8019 -3.6725 -1.9694 176 175 171
-12.0120 -3.6507 -2.4136 98 87 83
-12.0558 -3.7124 -2.5162 55 36 29
-12.1309 -3.7043 -2.6790 158 143 138
-12.0691 -3.6779 -2.6360 176 166 157
-11.8854 -3.6784 -2.6135 133 126 116
-11.8644 -3.7025 -2.6681 33 20 12
-9.6629 -3.5248 1.0531 131 124 114
-9.8220 -3.5333 1.1753 127 121 109
-9.7248 -3.5368 1.0662 72 72 70
-11.2304 -3.5081 2.1191 151 144 126
-11.7240 -3.7091 2.3465 52 52 50
-11.6662 -3.5954 1.5101 199 200 202
-12.1009 -3.6279 1.4381 134 139 133
-11.9123 -3.4161 1.3297 25 26 28
-12.0374 -3.4434 1.3261 214 215 217
-11.8380 -3.4417 1.1708 141 145 148
-11.6205 -3.4077 1.1038 202 210 213
-11.6846 -3.5811 1.0009 146 159 129
-11.7731 -3.4165 1.0290 25 29 32
-11.5920 -3.3691 0.9429 35 35 35
-11.7060 -3.6273 0.8898 160 166 164
-11.6070 -3.6954 0.7860 39 41 38
-11.8358 -3.6983 0.7990 25 27 24
-12.1131 -3.6027 0.8145 53 56 47
-11.3694 -3.3721 0.6592 54 59 55
-10.9185 -3.3814 0.4133 23 22 20
-11.8008 -3.5848 -1.8451 175 177 174
-11.7530 -3.6435 -1.9005 36 39 32
-12.1199 -3.7148 -2.5515 58 38 31
-11.9269 -3.7070 -2.7218 33 20 12
-12.0290 -3.7402 -2.9736 81 67 54
-10.5698 -3.6171 -3.8233 146 127 120
-11.7933 -3.3730 2.7720 206 211 207
-9.5110 -3.5108 0.9380 131 124 114
-11.3158 -3.6694 2.0603 39 39 37
-10.8424 -3.4172 0.9789 25 26 28
-11.8174 -3.6612 1.0114 32 32 30
-11.1595 -3.6547 0.7006 39 41 38
-11.2243 -3.6103 0.6762 163 175 173
-11.9874 -3.6123 -1.9068 161 157 154
-11.6208 -3.6314 -1.8135 36 39 32
-11.7983 -3.6896 -2.2059 65 50 45
-12.0933 -3.6631 -2.3913 20 16 15
-11.9514 -3.7011 -2.4049 78 58 51
-11.8336 -3.5330 2.5441 133 126 110
-10.8459 -3.3865 1.7608 40 42 41
-11.6174 -3.6350 0.7648 168 180 178
-11.9242 -3.5961 -1.8661 159 160 155
-11.6989 -3.6385 -1.8649 36 39 32
-11.8727 -3.6385 -2.6255 61 46 39
-11.9975 -3.6110 -2.9051 97 77 70
-12.3457 -2.5671 2.9308 98 100 99
-12.2938 -2.5589 2.8740 114 110 98
-12.3313 -2.5249 2.8280 94 81 62
-12.1758 -2.6046 2.5736 196 196 196
-12.2966 -2.4665 2.6861 140 133 117
-12.2126 -2.5804 2.5347 120 121 115
-11.7345 -2.6952 1.7862 132 136 135
-12.1953 -2.5865 2.6731 167 166 161
-12.1765 -2.5869 2.5373 127 124 115
-12.3150 -2.5582 2.5656 46 50 49
-12.2939 -2.5835 2.3076 166 170 169
-12.1683 -2.5961 2.7367 192 192 190
-12.3134 -2.5064 2.6822 159 153 129
-12.2390 -2.5941 1.5181 119 123 122
-12.2940 -2.4959 0.8243 112 121 118
-12.2562 -2.5893 2.1913 111 115 114
-12.2031 -2.5110 1.0854 114 116 115
-12.2621 -2.5202 2.6631 142 134 111
-12.0186 -2.5584 0.8149 32 32 30
-12.0643 -2.5020 1.2035 152 158 146
-10.8355 -1.9819 0.1577 80 76 67
-10.7576 -1.9927 2.0508 82 81 76
-12.8020 -2.7183 2.2976 114 115 109
-12.8497 -2.5772 1.0067 99 104 100
-12.0853 -2.7518 0.5854 87 87 85
-12.1392 -2.7066 0.5830 7 10 1
-12.7297 -2.6445 0.6724 101 103 100
-12.8549 -2.6516 0.4567 102 107 103
-11.9383 -2.7241 0.3497 123 128 121
-12.6257 -2.6884 0.3783 22 28 24
-11.7737 -2.7487 0.2909 26 31 24
-12.6229 -2.6986 0.3613 116 118 115
-12.5180 -2.6882 0.3505 67 84 76
-12.0833 -2.7659 0.2483 16 18 17
-11.8361 -2.7496 0.1882 27 33 31
-12.0728 -2.7221 0.1619 170 176 174
-11.0403 -2.9172 0.0620 30 30 28
-10.9150 -2.9307 0.0302 95 95 93
-11.0294 -2.4181 -0.2953 20 19 17
-12.6366 -2.6457 0.5867 146 147 141
-12.6429 -2.5835 0.5891 112 124 104
-11.9793 -2.7661 0.3449 102 107 103
-11.8077 -2.7949 0.2931 23 28 24
-11.6849 -2.7680 0.2796 151 156 149
-12.6869 -2.6348 0.3008 167 173 171
-12.1323 -2.7141 0.1668 170 176 174
-10.9945 -2.8955 0.0949 114 120 120
-11.7995 -2.5277 0.1293 116 118 113
-12.3566 -2.6443 -0.2920 67 67 67
-11.0041 -2.4289 -0.2792 19 17 18
-12.6938 -2.6704 0.7927 82 82 80
-12.5221 -2.6546 0.6857 13 16 9
-12.5384 -2.6708 0.4458 27 32 28
-12.7674 -2.6635 0.4486 102 107 103
-12.3088 -2.6749 0.3699 144 149 143
-12.5509 -2.6966 0.3746 31 40 35
-12.1413 -2.7138 0.2465 167 173 171
-11.5256 -2.8226 0.1287 114 120 120
-12.3142 -2.7660 0.1305 33 33 31
-11.7175 -2.7334 -0.3065 43 39 38
-12.7644 -2.5695 0.9115 69 77 64
-12.4514 -2.6838 0.4342 27 32 28
-12.3914 -2.7104 0.3993 102 107 103
-11.3452 -2.8458 0.1229 124 133 132
-12.8155 -2.6368 0.5129 26 28 25
-11.3316 -2.8665 0.1294 23 23 25
-11.3486 -2.8322 0.1303 160 170 169
-12.2309 -2.6411 -2.5077 160 162 159
-12.0900 -2.6959 0.3321 46 48 37
-12.1182 -2.7715 0.1934 24 24 24
-11.8894 -2.7616 0.1779 155 165 166
-12.5850 -2.4209 0.1410 100 105 101
-12.0282 -2.4483 1.4608 22 22 24
-11.8209 -2.1340 1.3267 145 146 141
-12.6948 -2.6182 0.9083 133 136 127
-12.6848 -2.5898 0.8563 78 95 76
-12.5986 -2.6565 0.7841 17 19 18
-12.0739 -2.7427 0.5805 98 100 97
-12.5054 -2.6354 1.3502 112 113 115
-11.4117 -2.6199 0.9115 58 60 57
-12.1514 -2.6887 1.0534 59 60 62
-12.4256 -2.7032 0.5008 21 21 19
-11.7028 -2.7567 0.2581 29 30 22
-11.1869 -2.3787 0.1509 16 15 13
-11.4950 -2.7720 0.1149 50 52 47
-12.3806 -2.4611 0.1601 64 69 65
-12.3656 -2.6075 2.2076 134 128 114
-12.6531 -2.4388 2.4354 162 157 137
-12.1752 -2.7178 1.9096 134 139 135
-11.7011 -2.6775 0.9870 84 90 90
-12.7932 -2.4991 1.1879 90 96 92
-11.9060 -2.6375 0.7637 102 130 107
-12.5960 -2.5943 0.9105 94 96 93
-13.0024 -2.5160 0.9140 112 114 113
-12.8342 -2.5224 0.7714 148 150 147
-12.9509 -2.4547 0.6388 97 99 86
-12.1665 -2.6189 0.4612 172 179 171
-12.9695 -2.4799 0.5873 146 151 144
-12.6436 -2.5862 0.4697 106 117 111
-13.0536 -2.4744 0.5109 84 92 81
-12.7105 -2.5229 0.4639 120 126 116
-12.6329 -2.5496 0.4383 160 169 164
-12.8975 -2.5046 0.3668 143 149 147
-12.7085 -2.5813 0.3301 63 67 66
-12.9144 -2.2564 0.2673 89 91 88
-12.1989 -2.5273 2.1097 160 155 136
-12.5966 -2.2273 1.8021 64 68 69
-13.0838 -2.4687 0.5144 84 92 81
-12.5937 -2.6098 0.4272 23 25 22
-12.4277 -2.6167 0.3158 113 117 116
-12.9319 -2.5324 0.3446 132 138 136
-12.9253 -2.2542 0.2661 89 91 88
-12.5005 -2.5472 1.2684 137 141 142
-13.0096 -2.4529 1.1763 28 40 26
-12.7059 -2.5191 1.0578 148 150 145
-12.8343 -2.2738 1.0343 29 30 32
-11.8857 -2.6848 0.6445 130 132 131
-12.9016 -2.6158 0.3336 129 131 126
-13.0639 -2.6104 2.9167 129 131 128
-12.2361 -2.7054 2.2205 200 201 195
-12.9664 -2.5990 2.4801 22 21 16
-12.6415 -2.5471 0.8534 14 16 11
-12.8365 -2.4699 0.6660 112 118 92
-12.6741 -2.5621 0.5476 146 156 147
-13.0409 -2.4661 0.5130 126 132 120
-12.4872 -2.5784 0.3315 166 175 174
-13.0384 -2.5983 0.3507 129 131 126
-12.9926 -2.1502 2.9690 173 170 151
-11.3636 -2.8059 1.5880 124 116 97
-12.4798 -2.6911 2.2761 189 190 192
-12.8465 -2.0922 1.7853 221 222 224
-12.8872 -2.4827 1.6555 114 116 115
-12.9690 -2.4968 0.9479 25 27 24
-11.9922 -2.6188 0.5372 112 118 92
-12.9777 -2.5560 0.5394 141 143 138
-12.5094 -2.6420 0.2454 93 94 89
-12.7001 -2.5047 -2.6910 48 44 43
-11.4434 -2.7945 1.6507 124 116 97
-12.8785 -2.2083 2.7850 76 70 54
-11.5857 -2.6539 1.6894 126 117 100
-12.1428 -2.3457 1.6263 197 199 198
-12.2290 -2.5976 1.1777 53 54 56
-12.1309 -2.6516 0.7278 112 114 113
-12.6766 -2.5702 0.6600 29 28 26
-12.9993 -2.5536 0.5421 141 143 138
-12.9373 -2.0140 0.3562 124 130 126
-12.4296 -2.6600 0.2345 101 102 96
-12.3038 -2.6762 2.3174 124 116 97
-12.4559 -2.5941 0.3356 152 161 160
-12.8337 -2.6137 -0.1861 37 38 33
-12.4307 -2.5936 0.9051 20 22 21
-12.6952 -2.5625 0.8619 112 114 113
-12.2045 -2.6943 0.3816 27 29 24
-12.1762 -2.7013 -0.1187 37 38 33
-12.2958 -0.9440 0.2658 166 171 167
-12.4649 -0.8781 0.4304 161 163 160
-12.9656 -1.2924 0.5795 33 37 36
-10.3909 -2.4888 0.0327 139 138 136
-12.6846 -0.7344 0.5044 81 82 77
-12.6875 -0.6801 0.5031 105 111 109
-12.6010 -0.7271 0.4107 106 112 110
-12.6494 -0.6816 0.3014 166 171 167
-12.6172 -0.6215 0.3423 200 204 203
-12.4236 -0.9561 0.5374 105 106 100
-12.4679 -0.8077 0.3612 200 200 200
-12.1139 -1.6710 0.5001 35 39 38
-12.2726 -1.6228 0.4688 75 79 78
-12.3585 -0.9214 0.2714 76 81 77
-12.7015 -1.3965 0.7941 29 33 36
-12.5313 -0.7675 0.2860 166 171 167
-12.4945 -0.8013 0.4559 139 143 142
-12.5733 -0.7222 0.3796 206 206 206
-12.4155 -1.5593 0.5670 190 194 195
-12.6873 -1.4399 0.6480 97 101 102
-12.4288 -0.8699 0.2757 76 81 77
-12.5436 -1.3541 -1.1144 26 27 22
-12.9546 -1.5928 2.8560 132 126 110
-12.0818 -1.7185 0.5113 181 185 186
-12.5991 -0.7426 0.6645 165 167 166
-12.6238 -0.6389 0.3685 214 216 215
-12.5363 -0.9005 0.5187 106 109 100
-12.9678 -1.2661 1.0525 150 154 157
-12.0070 -1.7302 0.5667 31 35 36
-11.9186 -1.2089 0.3060 211 212 214
-12.5596 -0.8419 0.3899 11 13 10
-12.5431 -0.8656 0.2127 23 23 21
-12.9676 -1.3700 1.2069 28 29 31
-12.3010 -0.9995 0.5050 149 150 145
-12.0937 -1.2075 0.3376 98 101 94
-10.9691 -2.1725 0.1564 107 113 111
-12.2161 -1.0855 0.3273 19 21 18
-12.4550 -0.8764 0.0354 15 14 12
-13.3570 -1.7963 1.8796 102 107 103
-13.0674 -1.8649 0.7055 92 96 79
-10.7302 -2.1500 0.1095 103 103 95
-13.0753 -1.4386 -1.2307 22 22 20
-13.4073 -1.7629 0.7699 77 80 69
-13.4064 -1.9354 0.3357 47 46 44
-13.1711 -1.3969 -1.2641 22 22 20
-13.1827 -1.8695 1.2040 144 147 138
-12.3561 -2.1262 0.7611 21 23 20
-12.3556 -2.1136 0.4274 149 156 149
-12.6514 -2.0419 -2.1368 28 26 27
-12.9995 -1.5891 0.3638 109 114 110
-12.5439 -1.8168 0.3704 34 36 31
-12.8869 -1.9151 -2.8839 123 118 112
-12.2863 -1.7804 -0.9218 22 22 20
-13.3267 -1.8446 0.6421 144 153 148
-13.2263 -1.8436 0.6228 29 32 23
-12.8808 -1.6844 0.3948 33 38 34
-13.5265 -1.9336 3.3059 74 79 75
-12.6156 -1.6222 -1.0355 26 27 22
-12.7172 -2.7861 0.6423 110 115 109
-11.9342 -3.8110 1.9677 131 133 130
-12.1759 -3.8618 0.4124 144 149 145
-12.7844 -2.9848 0.8369 54 36 24
-12.3786 -3.7778 2.3497 66 59 53
-12.7808 -2.7454 0.8276 46 46 46
-12.6539 -3.2313 2.4957 100 91 76
-12.5628 -3.3470 0.7795 25 27 26
-12.6861 -3.3676 -2.1593 31 30 35
-12.4563 -3.5025 2.3505 103 100 85
-12.6862 -2.8639 -2.0595 9 11 8
-12.9681 -3.2853 1.6325 164 166 163
-12.6457 -3.2979 -3.2000 41 32 33
-12.4235 -3.9559 -3.0619 112 92 91
-12.4799 -3.0784 0.5756 64 66 63
-12.7371 -3.2678 0.8260 185 185 183
-11.9377 -3.8105 1.7618 137 141 142
-12.7804 -3.0650 0.8303 200 203 184
-12.7189 -2.8623 0.5239 135 132 127
-12.5369 -3.7441 0.7721 114 118 119
-12.6362 -3.3803 0.7789 156 160 161
-12.5778 -3.3646 0.7596 8 12 13
-12.6018 -3.2967 0.7489 166 167 161
-12.7770 -3.0729 0.8022 37 38 24
-12.5584 -3.0471 0.6069 129 131 126
-11.9450 -3.8118 1.7881 181 185 186
-12.8104 -2.7448 0.7890 88 92 91
-12.6717 -2.7571 0.6341 20 20 20
-12.7448 -3.1250 -2.3644 48 48 50
-11.9737 -3.8206 1.9368 171 173 170
-12.7557 -2.9852 0.5777 88 78 79
-12.7487 -3.2610 0.8561 32 34 31
-12.4474 -3.9416 -2.7119 174 165 160
-12.5193 -3.0443 0.5176 181 181 171
-12.6729 -3.3129 -2.6686 153 153 153
-12.8209 -3.2504 2.4201 90 83 65
-12.7431 -3.7653 0.6953 38 42 43
-12.3240 -3.8542 0.5210 139 142 133
-12.8860 -2.9935 1.3623 117 123 123
-12.5633 -3.0436 0.5316 181 181 171
-11.9801 -3.8257 1.7919 53 57 60
-12.7578 -2.7759 0.6561 21 26 22
-12.4286 -3.1719 0.5000 121 128 121
-12.6528 -2.9578 0.6602 73 73 71
-12.6491 -2.8693 0.5449 43 42 40
-12.5981 -2.8931 0.5382 172 168 169
-12.7952 -3.0807 2.4026 189 182 164
-12.6611 -3.3020 -2.7459 65 46 48
-12.6361 -2.8640 0.5465 171 171 163
-12.5041 -3.6908 0.6604 38 42 43
-12.3735 -3.8775 0.9613 151 156 150
-12.8053 -2.8784 1.0633 80 84 83
-12.8021 -3.1797 1.0846 213 212 210
-12.7454 -2.7284 -2.6930 110 111 106
-12.7512 -3.1754 2.4827 181 172 155
-12.4110 -3.9027 0.9904 106 106 104
-12.6396 -3.3214 -2.6898 150 146 145
-12.8456 -2.8892 1.1258 89 91 88
-12.8287 -3.1831 1.1320 30 30 28
-12.3666 -3.8794 1.0059 28 28 26
-12.8038 -2.7928 1.1271 107 107 109
-12.5565 -3.0152 0.3479 76 76 68
-12.5576 -2.9753 0.3482 141 140 135
-12.7797 -2.7209 -2.6860 16 11 8
-12.5165 -2.9501 0.3393 188 187 182
-12.5773 -3.0255 0.3746 55 55 43
-12.5868 -3.0356 0.3752 171 173 162
-12.5229 -3.9087 -2.6306 152 147 143
-12.8172 -2.7673 1.1702 188 190 189
-12.4546 -3.6809 0.5257 44 49 45
-12.5400 -2.9631 0.3347 171 170 165
-12.6630 -2.8385 0.5821 57 56 51
-12.5049 -3.2143 0.5128 78 80 77
-12.8075 -3.0585 1.1973 102 103 105
-12.6579 -3.3447 -2.6351 36 35 31
-12.4889 -3.0182 0.3127 163 162 157
-12.5477 -2.9356 0.3228 197 194 189
-12.5333 -3.0073 0.3090 162 163 158
-12.8860 -2.7431 1.2509 25 27 26
-12.6177 -3.2858 -2.5484 98 98 98
-12.6854 -2.8511 0.5924 54 53 48
-12.6144 -3.3060 -2.5495 43 43 43
-12.6478 -3.0670 0.6744 49 52 43
-12.5170 -3.7353 0.9166 38 38 40
-12.5504 -3.7091 0.9252 51 55 56
-12.2451 -3.8377 0.2778 155 166 160
-12.3305 -3.8555 1.1202 216 222 220
-12.3649 -3.0712 0.2692 249 251 250
-12.6614 -3.2156 0.6868 122 124 123
-12.6623 -3.2765 -2.5627 58 60 57
-12.8639 -3.0608 1.3174 32 32 30
-12.6634 -3.2826 -2.5529 142 144 141
-12.6814 -3.2875 -2.5678 146 148 145
-12.5856 -2.9879 0.5214 184 174 173
-12.5315 -3.0169 0.2839 50 51 46
-12.6427 -3.3088 -2.5372 56 56 56
-12.3673 -3.8726 1.1864 188 194 192
-12.6771 -3.2313 -2.5312 87 75 77
-12.6018 -3.6910 0.6194 175 179 178
-12.6343 -3.3182 -2.5061 28 28 28
-12.6240 -2.9810 0.5190 183 178 172
-12.6862 -3.2275 2.3952 88 80 57
-12.5726 -3.3542 -2.4564 109 97 97
-12.8016 -3.0197 1.3379 158 164 162
-12.6084 -2.9980 0.4154 107 108 94
-12.8558 -3.0089 1.3740 106 110 109
-12.6786 -3.2356 -2.5066 89 83 83
-12.6678 -3.2621 -2.5013 75 75 77
-12.8925 -3.0526 1.4341 103 102 98
-12.8424 -3.0682 1.4132 150 141 134
-12.8016 -3.0556 1.4071 205 204 200
-12.7101 -2.8815 0.5373 69 68 66
-12.6335 -3.0488 0.6844 111 93 73
-12.9209 -3.0014 0.9700 191 197 195
-12.6581 -3.3083 -2.4743 27 26 22
-12.7822 -2.9740 0.9168 219 210 195
-12.3916 -3.8907 0.4154 75 82 74
-12.5227 -3.3405 0.5844 74 75 77
-12.6450 -3.2451 -2.4279 75 77 76
-12.8266 -3.2009 1.5118 144 148 147
-12.6506 -3.2536 -2.4219 151 153 152
-12.5486 -3.3377 0.6881 50 52 49
-12.7721 -3.2684 1.5571 198 200 197
-12.9261 -3.3109 1.6474 187 187 189
-12.8372 -3.1514 1.6083 61 11 14
-12.8209 -2.9969 0.9074 111 111 111
-12.8711 -2.9910 0.9203 145 147 146
-12.6629 -3.2787 -2.3583 38 40 39
-12.8563 -3.1405 -2.4868 120 120 120
-12.6959 -3.2785 -2.3740 48 50 47
-12.6818 -3.0924 1.6049 52 6 8
-12.7518 -2.7905 0.8622 47 51 50
-12.6420 -3.2163 0.5169 160 162 159
-12.5945 -3.1987 0.7189 97 98 100
-12.6357 -3.3561 0.8268 174 176 175
-12.6390 -2.8708 0.5727 72 71 67
-12.6439 -2.9221 -2.0987 14 32 18
-12.7221 -2.8457 -2.1338 151 151 151
-12.6151 -3.0519 0.7327 185 181 134
-12.1929 -3.8571 0.4141 16 29 20
-12.6343 -3.4258 2.3942 91 86 64
-12.5659 -2.7824 0.3804 207 209 204
-12.6370 -2.8201 0.5779 37 39 34
-12.9044 -3.0237 2.5896 203 188 169
-12.5119 -3.8807 -2.5017 75 72 67
-12.9069 -3.0708 1.3785 173 163 138
-12.7088 -3.3799 -2.5837 118 118 118
-12.7659 -3.5895 2.5495 100 93 77
-12.5718 -2.8270 0.5057 94 95 87
-12.3020 -3.8798 0.7417 88 90 89
-12.8275 -3.0051 0.8955 35 35 37
-12.5914 -3.8152 2.5098 178 177 159
-12.8238 -2.9744 1.0114 255 245 235
-12.8713 -3.3519 2.6825 106 98 75
-12.3235 -3.8670 2.1870 174 172 160
-12.8057 -3.0532 1.3557 180 181 176
-12.2198 -3.8661 0.4873 110 116 112
-12.7937 -3.1066 1.3945 26 18 16
-12.3456 -3.8786 2.2810 130 124 108
-12.7753 -3.1946 -2.2954 83 82 78
-12.8642 -3.0553 2.5537 86 75 53
-12.5001 -3.6221 2.3751 170 163 145
-12.4789 -3.8940 -2.4239 126 122 119
-12.6415 -3.4759 2.4735 91 84 65
-12.5665 -2.9652 0.6552 195 193 194
-12.4004 -3.8861 1.0342 74 76 75
-12.1414 -3.8514 1.9548 152 148 136
-12.7584 -3.0461 2.4424 128 121 95
-12.7258 -3.3154 -1.9976 35 34 29
-12.8275 -2.8241 1.2057 26 30 31
-12.3595 -3.8663 1.4058 103 109 109
-12.7417 -3.3293 2.3805 92 86 64
-12.7713 -3.2770 -2.0110 88 86 87
-12.3719 -3.6747 2.1871 161 155 143
-12.6937 -3.1625 1.1713 120 120 118
-12.2221 -3.8283 0.3645 159 170 164
-12.3954 -3.8560 0.8824 88 100 88
-12.8124 -3.0386 2.4448 195 184 164
-12.8169 -3.0942 1.3146 104 94 93
-12.9236 -3.2932 -1.4742 18 14 15
-12.7961 -3.2770 -1.3834 16 14 15
-12.3213 -3.8890 0.6974 121 123 122
-12.3763 -3.6319 0.2851 24 28 27
-12.8735 -3.2713 2.5713 77 69 50
-12.5469 -2.9894 0.1533 15 15 13
-12.6872 -3.4148 -2.3873 22 18 32
-12.8018 -3.2114 -0.7899 4 4 6
-11.9764 -3.8219 1.5439 146 150 149
-12.2704 -3.8728 0.7278 117 119 116
-12.6331 -2.8664 0.4841 40 33 27
-12.6970 -3.2988 2.3810 98 89 74
-12.9610 -3.3281 2.6035 81 72 57
-12.8458 -3.1121 1.4897 29 8 3
-12.7610 -3.1888 -2.2408 15 17 16
-12.7354 -3.0862 -2.2591 115 112 105
-12.8049 -3.4347 2.5453 107 99 80
-12.9047 -2.9912 1.3438 204 208 209
-12.8750 -3.2049 -2.4015 83 82 78
-12.9141 -3.1506 1.5627 154 128 127
-12.8031 -3.3518 2.4753 150 141 126
-12.7210 -3.7624 0.5427 44 49 45
-12.7705 -3.3260 2.5364 67 55 43
-12.8135 -2.9179 2.4082 97 84 67
-12.7911 -3.1639 1.1565 108 109 104
-12.7293 -3.1325 -2.8997 164 145 147
-12.5662 -3.6565 1.7007 107 111 114
-12.6724 -3.4909 2.4527 89 81 58
-12.8010 -3.1774 2.5529 109 97 83
-12.6148 -3.7173 0.5474 144 148 147
-12.7161 -2.7564 0.7600 94 98 99
-12.4641 -3.7628 2.3526 161 158 141
-12.7891 -2.7764 2.4962 121 113 100
-12.2507 -3.8436 0.4241 56 69 59
-12.7022 -3.1189 -3.0465 90 31 33
-12.6707 -2.9168 -2.0427 154 183 163
-12.6873 -3.5779 2.4403 76 66 56
-12.0508 -3.8119 1.8878 152 148 136
-12.4830 -2.9230 0.3797 205 210 204
-12.4188 -3.9054 2.3756 72 66 50
-12.7831 -3.0138 2.3560 91 85 69
-12.5917 -3.6030 2.3117 167 163 152
-11.9831 -3.8305 1.8713 156 162 162
-12.6209 -3.9751 -2.0894 34 34 32
-11.9847 -3.8289 1.5762 100 104 103
-12.5446 -3.0964 0.5548 195 195 193
-12.5121 -2.9042 0.3393 133 134 128
-12.8245 -3.4798 -2.2940 19 16 9
-12.8166 -3.1128 1.3412 11 17 13
-12.8898 -3.3731 2.6074 163 158 136
-12.8135 -2.7650 2.5450 126 122 113
-12.9859 -3.0237 1.4323 103 105 104
-12.6728 -3.3121 -2.7488 153 152 150
-11.9224 -3.8011 1.9497 80 85 81
-11.9448 -3.7986 1.9568 105 105 95
-12.7166 -3.3003 -2.4610 80 80 82
-12.8510 -3.0696 1.3551 173 163 138
-12.8407 -3.0285 1.3314 51 57 57
-12.8516 -3.0794 1.3221 144 134 125
-12.9435 -3.0431 1.3570 94 98 99
-13.0081 -3.0245 1.3913 161 167 167
-12.9483 -3.1464 -2.5659 113 114 109
-12.5319 -3.0075 0.3066 162 163 158
-12.3186 -3.7175 2.2428 147 144 127
-12.7401 -3.0727 1.2278 74 69 65
-12.8093 -3.1371 -2.4162 113 114 109
-13.0005 -3.3706 2.7980 106 98 75
-12.7134 -3.2827 -2.3127 63 48 43
-12.8741 -3.0749 1.2640 107 103 100
-11.9442 -3.8073 1.9145 170 172 169
-12.6079 -2.8657 0.5475 171 171 163
-12.8345 -2.9238 1.2388 34 38 39
-12.6670 -3.3111 -2.6503 155 155 155
-12.7071 -2.8473 0.5611 185 184 179
-12.8441 -2.7473 1.2338 25 27 26
-12.6787 -3.3919 2.4966 92 84 61
-12.5086 -3.9019 -2.6027 139 134 130
-12.8896 -3.2036 -2.3653 39 40 35
-12.7025 -3.4146 -2.2456 41 34 26
-12.6888 -3.2948 -2.6207 64 64 64
-12.8462 -2.8140 1.2038 147 151 152
-12.6823 -3.3384 -2.6235 43 45 44
-12.6505 -2.9217 -2.0993 14 32 18
-12.6743 -3.3139 -2.5948 48 48 48
-12.6942 -3.3278 -2.6172 137 137 137
-12.8149 -2.8062 1.1590 44 48 51
-12.6480 -3.2613 -2.5481 168 163 160
-12.7156 -3.2839 -2.6133 81 86 82
-12.4848 -2.9629 0.3411 179 178 173
-12.7597 -3.1676 1.1252 24 24 22
-12.7008 -3.3712 -2.1754 31 30 35
-12.5164 -3.5971 2.3595 81 73 62
-12.7794 -2.7958 1.1134 177 178 180
-12.6933 -3.2118 0.5180 184 189 185
-12.6356 -3.3146 -2.5133 38 38 38
-12.8921 -3.1779 2.6225 92 83 66
-12.6433 -3.3646 -2.5292 135 127 125
-12.7657 -2.7557 1.0878 22 24 21
-12.7801 -3.0092 2.4933 82 69 52
-12.6814 -2.8643 -2.0554 9 11 8
-12.4493 -3.8996 1.0169 101 106 100
-12.6348 -3.0445 0.3579 85 85 77
-12.7618 -2.8918 1.0149 128 130 127
-12.9163 -3.1901 2.6275 176 167 150
-12.9042 -3.0250 2.5928 203 188 169
-12.4965 -3.9004 -2.4095 135 132 127
-12.5854 -2.9415 0.3705 70 75 69
-12.5756 -3.0262 0.3695 55 55 43
-12.6664 -3.0380 0.3841 170 172 161
-12.7160 -3.2631 -2.4857 149 149 147
-12.6879 -3.2628 -2.4577 149 149 147
-12.6681 -2.8753 0.5628 183 181 186
-12.6529 -2.8923 0.5622 185 183 184
-12.6953 -2.9656 0.5690 184 181 176
-12.6664 -2.9881 0.5652 153 145 143
-12.3300 -3.8566 0.4753 32 33 27
-12.5919 -3.7197 0.9021 201 205 204
-12.6212 -2.8711 0.5647 51 50 48
-12.7542 -3.2701 -2.0278 88 87 85
-12.8475 -3.0006 0.9455 178 183 179
-12.5424 -3.7030 0.6745 30 34 35
-12.5583 -3.1942 0.5673 66 66 64
-12.8439 -3.0105 2.5061 106 94 78
-12.7203 -3.2707 -1.9865 82 82 80
-12.7037 -2.8354 0.5921 57 56 51
-12.5715 -3.7199 0.5429 33 38 34
-12.9000 -2.9933 0.9423 151 153 150
-12.7208 -2.9651 0.8855 70 64 42
-12.5552 -2.7826 0.3760 207 209 204
-12.7432 -2.7915 0.8694 51 55 54
-12.5738 -3.3602 0.8108 108 110 109
-12.2429 -3.8368 0.3639 159 170 164
-12.5945 -2.9576 0.4781 67 67 69
-12.5805 -3.3458 0.7978 181 183 180
-12.6079 -2.9449 0.4014 76 81 77
-12.7542 -2.9839 0.8331 54 36 24
-12.5595 -3.0447 0.3987 171 172 164
-12.7589 -2.7476 0.8225 46 46 46
-12.6587 -2.8240 0.5157 81 82 74
-12.5431 -3.7197 2.3270 87 83 71
-12.5737 -2.8887 0.5842 159 157 160
-12.9116 -3.2234 -1.4650 7 7 5
-12.7280 -3.4214 2.4362 83 74 57
-12.9723 -3.2966 -1.5013 16 14 15
-12.4757 -3.0773 0.5676 69 71 66
-12.6681 -3.1105 2.3424 158 150 131
-12.4396 -3.7105 0.7473 123 127 126
-12.5607 -3.6812 0.6138 204 208 207
-12.5281 -3.7034 0.6088 162 166 165
-12.6415 -2.8789 0.6156 92 88 87
-12.6651 -2.9627 0.6207 106 104 105
-12.7113 -3.3832 0.7904 13 13 13
-12.3478 -3.8637 0.5221 139 142 133
-12.8302 -3.0763 0.8087 37 38 24
-12.3689 -3.0389 0.5573 80 75 69
-12.5022 -3.6923 0.7365 22 26 27
-12.6641 -3.3610 0.7632 150 152 149
-12.6751 -3.3067 0.7599 166 167 161
-12.6229 -3.3768 0.7359 101 105 106
-12.8070 -3.3781 0.6884 170 172 171
-12.7838 -2.7811 0.6771 132 137 131
-12.6313 -2.9532 0.4512 241 241 241
-12.6456 -3.2013 0.6599 46 47 49
-12.6549 -2.9565 0.6645 134 135 130
-12.6863 -3.0698 0.6883 52 56 42
-12.7563 -2.8408 0.7055 109 108 90
-12.8357 -2.8178 2.3886 185 174 152
-12.1683 -3.8583 1.9842 149 143 129
-12.4782 -3.6771 0.5384 144 148 147
-12.8197 -3.0538 1.3658 180 181 176
-12.3772 -3.8832 0.5262 37 40 33
-12.7365 -3.2759 2.3565 182 176 154
-12.8355 -2.9205 2.3935 197 186 166
-12.7944 -3.5917 2.4382 134 130 118
-12.6163 -2.9885 0.1640 17 18 13
-12.8280 -3.2603 2.4036 169 162 143
-12.7908 -3.7406 0.6043 54 58 57
-12.6556 -3.4980 2.4335 167 155 129
-12.8602 -2.9835 1.3152 203 205 204
-12.7167 -3.1319 -2.8837 164 145 147
-12.6406 -2.9787 0.5302 188 185 178
-12.5918 -3.0446 0.5317 181 181 171
-12.6536 -2.9997 0.3361 62 67 60
-12.6492 -2.8141 0.5527 150 152 147
-12.8247 -3.3710 1.8708 100 104 107
-12.9966 -3.3195 1.9383 37 41 42
-12.5166 -3.6398 1.6503 44 48 51
-12.5224 -3.6044 2.3657 76 72 60
-12.7739 -3.3348 2.4112 104 98 76
-12.5203 -3.0836 0.2304 172 172 170
-12.9310 -3.0937 1.8081 137 106 104
-12.7872 -3.2851 1.7100 117 118 113
-12.8753 -3.1512 1.7306 78 24 22
-12.9183 -3.1064 1.7326 57 6 11
-12.8555 -2.9927 1.6367 188 192 193
-12.7480 -3.2547 -3.3826 135 117 115
-12.4045 -3.5590 1.4145 171 175 174
-12.9032 -2.9942 1.6288 174 178 177
-12.7174 -3.0985 1.5298 58 17 21
-12.9726 -3.1093 1.6649 37 15 17
-12.6988 -3.2835 1.5163 184 185 187
-12.5342 -3.0844 0.2608 255 255 253
-12.6580 -3.2806 1.4492 31 35 36
-12.6815 -3.3062 -3.2362 25 15 16
-12.3477 -3.8621 1.3293 117 121 120
-12.8383 -3.1991 1.5024 139 143 142
-12.6986 -3.1335 -3.2043 139 129 127
-12.4190 -3.9527 -3.0565 112 92 91
-12.9258 -3.0661 1.5427 190 194 195
-12.6096 -3.1680 1.3695 122 122 122
-12.8216 -2.9176 1.2336 23 27 28
-12.7165 -3.1945 1.3744 119 123 124
-12.4611 -3.9480 -2.7306 174 165 160
-12.8230 -3.0040 1.3973 187 187 187
-12.8732 -2.9927 1.4215 179 179 181
-12.7225 -3.4427 2.4663 91 86 64
-12.5934 -3.6069 2.3202 176 172 160
-12.3940 -3.1488 0.3489 167 172 165
-12.5005 -3.1101 0.4009 216 221 217
-12.8622 -3.2795 -1.4786 7 7 7
-12.8233 -2.7370 -2.7060 87 87 85
-12.3468 -3.6242 0.2862 31 35 34
-12.6880 -3.4150 -2.3906 22 18 32
-12.8867 -3.2202 -0.8223 2 2 4
-12.4248 -3.9008 2.3702 62 57 37
-12.5056 -3.7652 2.4196 179 178 160
-12.4653 -3.8324 2.2532 155 152 133
-12.7963 -3.1417 -3.3475 139 129 127
-12.4444 -3.9119 2.2580 69 65 53
-12.6244 -3.4710 2.4472 88 81 65
-12.6870 -3.2834 -2.6490 169 163 163
-12.2758 -3.8691 0.7278 139 141 140
-12.6018 -2.9813 0.5939 108 99 100
-12.7749 -3.3595 2.4826 179 172 156
-12.7001 -2.9167 -2.0787 152 181 161
-12.7751 -3.2953 -1.9184 86 80 82
-12.8821 -3.1037 2.5515 91 85 63
-12.7482 -3.2088 2.4837 82 75 56
-12.6605 -3.2246 2.3761 88 80 57
-12.3736 -3.6760 2.2033 139 133 121
-12.7637 -3.1602 1.4482 97 86 84
-12.7030 -3.1197 -3.0490 90 31 33
-12.6279 -3.9785 -2.0959 34 34 32
-12.7968 -3.2258 2.5317 110 99 77
-12.8265 -3.2563 -2.1905 19 19 19
-12.5147 -3.7891 2.4440 178 177 159
-12.7556 -2.9898 2.3645 96 86 59
-12.9279 -3.3041 -1.3956 23 11 13
-12.8813 -3.3793 2.6433 167 154 137
-12.5755 -3.7114 0.8653 199 203 204
-12.7199 -3.7317 2.6260 87 88 74
-12.9065 -3.2032 -2.4590 15 11 10
-12.3355 -3.8747 2.2741 130 124 108
-12.7112 -3.0852 -2.2342 115 112 105
-12.2254 -3.8685 0.4835 110 116 112
-12.9038 -2.9837 1.1574 143 137 139
-12.7572 -2.9604 2.3116 164 156 133
-11.9371 -3.8089 1.9553 87 92 86
-11.9666 -3.8069 1.9809 102 102 90
-12.4757 -3.8136 2.4382 66 59 53
-12.5889 -3.1937 0.5763 66 66 64
-12.5599 -3.2215 0.5723 189 189 187
-12.6439 -3.6957 0.6116 44 48 47
-12.7936 -3.1827 1.4502 122 122 122
-12.6929 -3.3514 -2.6917 32 27 24
-12.7377 -2.9216 -2.1735 49 70 55
-12.5965 -3.7279 0.5479 33 38 34
-12.8081 -3.1996 1.4378 130 134 133
-12.8203 -3.0577 1.4132 173 172 168
-12.6324 -2.8381 0.5872 59 58 53
-12.7978 -3.0013 1.3795 143 144 146
-12.9265 -2.9931 1.4416 179 179 181
-12.5336 -3.0425 0.5747 80 75 69
-12.8317 -3.0669 1.3565 173 163 138
-12.6409 -3.3645 -2.5149 127 122 119
-12.6982 -2.8658 -2.0612 9 11 8
-12.5540 -3.0080 0.3063 162 163 158
-12.8140 -3.0168 1.2911 201 205 206
-12.7692 -2.7756 0.6597 21 26 22
-12.5885 -2.9527 0.4452 168 168 168
-12.3343 -3.8589 0.5200 139 142 133
-12.5130 -2.8987 0.6050 98 96 99
-12.7356 -2.7845 0.6698 127 132 126
-12.8733 -3.0754 1.2640 55 51 48
-12.7505 -3.0567 1.2162 170 171 173
-12.8701 -2.9244 1.2541 47 51 50
-12.6588 -3.0578 0.6610 187 190 181
-12.1831 -3.8137 0.2830 161 174 167
-12.7214 -3.3671 0.6882 180 182 179
-12.5738 -2.8883 0.4963 151 145 145
-12.5474 -2.9580 0.6493 134 135 130
-12.6083 -2.9968 0.3273 48 53 47
-12.8255 -2.8151 1.1913 170 174 175
-12.7565 -2.7690 1.1569 196 200 199
-12.3131 -3.8504 0.4643 24 25 19
-12.4880 -3.0201 0.3117 150 149 144
-12.5583 -2.9960 0.4060 87 87 77
-12.6919 -3.7260 0.7204 129 131 130
-12.5014 -3.6917 0.6710 30 34 35
-12.5867 -3.1541 1.0571 25 27 24
-12.5322 -3.9144 -2.5267 36 34 35
-12.6342 -3.0662 0.6943 59 63 46
-12.5861 -2.9867 0.5151 95 85 86
-12.5547 -2.9422 0.3876 98 103 99
-12.4959 -3.3232 0.6852 41 43 40
-12.8064 -3.1812 1.0866 226 226 224
-12.8076 -2.8814 1.0698 89 94 90
-12.4693 -3.9266 0.9998 119 119 117
-12.5512 -2.9526 0.3513 186 187 182
-12.8414 -3.2783 -1.4232 25 23 24
-12.8035 -2.8890 1.0293 92 94 91
-12.6396 -2.8605 0.5242 145 145 135
-12.6428 -3.3796 0.7445 125 129 130
-12.4338 -3.7066 0.8993 18 18 20
-12.4160 -3.6707 0.8928 35 36 38
-12.6299 -3.3550 0.7587 150 152 149
-12.4535 -3.6796 0.7270 27 31 32
-12.5011 -3.8918 -2.5299 144 139 136
-12.8727 -3.0789 0.8339 20 22 9
-12.6561 -3.3181 -2.5382 38 38 38
-12.5964 -3.7074 0.5265 47 51 50
-12.8555 -2.9959 0.9388 165 165 163
-12.6082 -3.3584 0.7714 21 21 21
-12.6326 -3.2597 -2.5272 162 161 159
-12.6903 -3.2807 -2.5832 81 86 82
-12.4893 -3.6850 0.8465 199 203 204
-12.5455 -2.9578 0.4769 67 67 69
-12.6311 -3.3776 0.7962 139 143 144
-12.4265 -3.7083 0.7582 114 118 119
-12.5811 -3.3473 0.8165 188 193 189
-12.5533 -3.8296 2.3272 145 146 132
-12.7606 -3.0076 0.8550 26 24 25
-12.6335 -3.2544 0.8090 191 191 189
-12.8451 -3.2761 2.4860 107 96 78
-12.5911 -3.1994 0.6700 52 53 57
-12.6797 -3.2864 -2.5556 140 142 139
-12.5937 -3.2776 -2.7082 151 152 146
-12.7884 -3.6174 2.4729 162 159 140
-13.0052 -2.9875 1.3751 197 201 202
-11.9592 -3.8191 1.8057 204 208 209
-12.5689 -3.5393 2.2593 134 130 118
-12.7027 -3.4296 2.3525 161 154 138
-12.6508 -3.3293 -2.7389 20 16 13
-12.8062 -3.0116 1.3510 112 116 115
-12.6140 -2.8737 0.5945 87 86 82
-12.4485 -3.9383 -2.6311 149 142 134
-12.4555 -3.9662 -3.1112 118 97 94
-12.4618 -3.9207 -3.0725 147 126 121
-12.6278 -3.1021 -2.9796 135 127 124
-12.4206 -3.9302 -2.9210 134 115 108
-12.4160 -3.9213 -2.8960 156 134 121
-12.4611 -3.9507 -2.9155 68 50 40
-12.9600 -3.3058 1.9744 106 110 113
-12.4673 -3.8893 -2.3735 135 132 127
-12.7100 -3.3525 1.7994 142 146 147
-12.9182 -3.3089 1.8859 37 41 42
-12.8215 -3.3612 1.8140 43 48 44
-12.9032 -3.1622 1.8195 150 110 110
-12.8357 -3.0314 1.7705 134 135 137
-12.7056 -3.2828 -2.4105 68 70 69
-12.7359 -2.8442 -2.2345 167 167 167
-12.7093 -3.2676 1.6748 136 138 135
-12.6347 -2.8466 0.5604 200 199 197
-12.7801 -3.1002 1.6625 57 6 11
-12.6097 -2.8807 0.5572 173 171 174
-12.9236 -3.1083 1.6507 39 20 22
-12.8464 -2.9949 1.5969 174 178 177
-12.5832 -2.9650 0.5543 200 196 193
-12.7117 -3.2829 1.5274 184 185 187
-12.4771 -3.5773 1.3978 140 144 143
-12.8166 -3.3022 1.5324 51 52 54
-12.7609 -3.0594 1.4751 190 194 195
-12.6924 -3.1876 1.4380 139 143 142
-12.5040 -3.0914 0.5350 200 200 198
-12.3914 -3.9250 -2.7663 131 112 105
-12.6677 -3.4009 2.4869 184 176 153
-12.9402 -3.2060 -2.4177 25 25 23
-12.4895 -3.8108 2.4312 148 139 132
-12.2129 -3.8589 0.3851 123 140 130
-12.4786 -3.8223 2.2468 122 117 111
-12.3833 -3.6694 2.1942 87 83 71
-12.6720 -3.3845 0.8644 16 20 21
-12.8131 -3.1991 2.5096 178 171 152
-12.7974 -3.1612 1.4670 97 86 84
-12.7030 -3.3963 2.5166 92 84 61
-12.8374 -2.9171 1.2396 23 27 28
-12.6560 -2.9907 0.6592 212 207 201
-12.3173 -3.6169 0.2907 31 35 34
-12.8854 -3.9404 2.8085 155 152 137
-12.6062 -3.9701 -2.0734 38 38 36
-12.8050 -3.2221 2.5781 180 172 151
-12.7465 -3.0908 1.3044 109 88 87
-12.7690 -3.1990 2.5074 152 143 126
-12.2430 -3.8911 0.4220 154 159 155
-12.4622 -3.7897 2.3118 153 152 132
-12.5306 -3.7051 0.4990 89 94 90
-12.7935 -3.2983 -1.9277 90 84 84
-12.6247 -2.9703 0.2912 89 86 79
-12.4566 -3.5014 2.2469 89 87 75
-12.1361 -3.8821 0.2477 187 186 182
-12.9922 -3.3468 2.5796 185 178 159
-12.3746 -3.8843 1.4081 90 94 95
-11.9872 -3.8225 1.8886 178 177 172
-12.7007 -3.5816 2.4517 76 66 56
-12.7776 -3.3633 2.5574 167 154 137
-12.6543 -2.9573 -2.4398 143 136 130
-12.3369 -3.8161 2.1403 140 136 127
-12.4409 -3.8237 2.2351 155 152 133
-12.4606 -3.9505 -2.7354 164 155 150
-12.6995 -2.8342 0.6832 175 177 163
-12.8050 -2.7871 0.8804 51 55 54
-12.5324 -2.9852 0.3679 142 145 136
-12.6950 -3.3660 -2.7333 89 84 81
-12.5932 -3.9444 0.9321 95 119 95
-12.6116 -3.2976 0.7516 148 149 144
-12.6197 -3.0440 0.3584 85 85 77
-12.6069 -2.9760 2.2404 182 170 154
-12.4843 -3.7578 2.4000 179 178 160
-12.8952 -3.2200 -0.8285 4 4 6
-12.7048 -3.3604 -2.7609 9 5 2
-12.3591 -3.8614 1.2292 81 85 84
-12.4371 -3.8734 0.8947 89 108 88
-12.4735 -3.8954 0.5686 91 97 71
-12.7105 -2.9258 -2.0445 35 69 44
-12.5428 -3.6961 2.3894 90 87 72
-12.7025 -2.8491 -2.3003 7 6 2
-12.7633 -3.2598 -2.1313 90 92 89
-12.5004 -2.9054 0.3483 112 115 108
-12.6895 -2.9163 -2.0663 152 181 161
-12.5500 -2.9922 0.1977 85 87 84
-12.5235 -2.9951 0.1260 90 90 88
-12.6711 -3.2671 -2.2672 143 149 137
-12.6835 -2.8448 0.6992 109 108 90
-12.6970 -3.1601 1.1563 111 113 108
-12.6330 -3.1473 -3.1021 70 32 29
-12.6798 -3.3097 -1.9623 31 30 25
-12.7919 -2.9645 0.9009 70 64 42
-12.4782 -3.1154 0.3459 133 135 130
-12.2576 -3.8636 0.4578 91 105 92
-12.8458 -3.2997 1.5895 184 185 187
-12.7042 -3.3394 -2.6324 34 32 33
-12.7801 -3.2717 1.5548 201 205 204
-12.7558 -3.2945 1.5009 51 52 54
-12.6203 -2.9966 0.3280 48 53 47
-13.0014 -2.8848 1.1011 96 98 95
-11.9399 -3.8025 1.9126 190 191 185
-12.6993 -3.3599 1.4511 196 197 199
-12.5309 -2.9351 0.3144 174 169 163
-12.5562 -3.7593 1.0218 206 210 211
-12.2315 -3.8291 0.9036 132 133 128
-12.8293 -3.0694 1.4420 21 16 13
-12.7406 -3.2691 -2.5411 59 58 56
-12.9121 -2.9938 1.4374 130 130 132
-12.8519 -3.0338 1.3830 19 23 24
-12.8020 -3.1701 1.1177 25 27 24
-12.8066 -2.8044 1.1445 30 34 37
-12.7356 -3.0736 1.2830 124 113 107
-12.9284 -2.8092 1.2347 147 151 152
-12.6402 -3.2775 -2.4081 158 160 157
-12.8432 -3.0614 1.4699 85 86 88
-12.8408 -3.0556 1.2646 196 197 201
-12.9223 -3.0775 1.2788 55 51 48
-12.4154 -3.9270 -2.9070 121 102 95
-12.6617 -3.1160 -2.9901 90 31 33
-12.7018 -3.2842 -2.3046 68 49 45
-12.6767 -3.3099 -2.7363 140 140 138
-12.4887 -3.9554 -2.6688 153 146 138
-12.6560 -3.3280 -2.6964 153 149 148
-12.6580 -3.3157 -2.6745 28 30 27
-12.7399 -3.2993 -2.7268 160 161 163
-12.6688 -3.3039 -2.5938 162 164 163
-12.5695 -3.8353 2.3644 150 149 131
-12.3640 -3.8708 0.4653 24 25 19
-12.5583 -2.8638 0.5223 145 145 135
-12.6500 -2.8286 0.4770 153 154 148
-12.6620 -2.8445 0.5661 200 199 197
-12.6143 -2.9673 0.5625 184 181 176
-12.5570 -3.1870 0.5567 72 74 71
-12.7390 -3.2413 0.5961 157 158 153
-12.6410 -3.0475 0.5898 105 100 96
-12.6573 -3.7198 0.6262 189 193 194
-12.5618 -3.7119 0.6024 152 156 155
-12.6158 -2.9568 0.6398 126 124 125
-12.6973 -2.8550 -2.0793 113 115 112
-12.6860 -3.0581 0.6659 187 190 181
-12.6289 -2.9523 0.4529 241 241 241
-12.5293 -3.1567 0.4216 213 214 216
-12.7276 -3.0734 0.7204 95 99 82
-12.7060 -3.2035 0.7189 35 36 41
-12.7646 -2.8641 -2.1164 72 77 71
-12.5829 -3.7188 0.7411 27 31 32
-12.8564 -3.0785 0.8302 20 22 9
-12.6943 -2.9984 0.4257 161 162 146
-12.6003 -2.9438 0.4059 77 81 80
-12.6530 -3.3454 0.7810 85 87 84
-12.7669 -3.0661 0.8228 187 190 173
-12.7048 -3.0163 0.4036 195 193 178
-12.9127 -3.0148 0.9050 21 26 29
-12.5301 -3.6981 0.8558 199 203 204
-13.0374 -2.9876 1.0009 145 149 148
-12.8827 -3.2997 1.9204 138 144 144
-12.7135 -3.3530 1.7979 137 141 142
-12.8536 -3.3058 1.8538 18 22 23
-12.9393 -3.3770 1.8731 21 26 22
-12.5995 -2.9607 0.3616 176 177 171
-12.7206 -3.7659 0.9917 34 35 37
-12.9283 -3.1103 1.7410 51 5 8
-12.4494 -3.7123 0.9157 30 31 33
-12.7394 -3.3774 -2.6954 57 38 40
-12.0329 -3.8334 2.0434 112 109 100
-12.6127 -3.8652 2.5457 103 99 88
-12.6696 -2.8073 0.5667 166 168 163
-12.2137 -3.7667 2.0320 129 124 118
-12.4776 -3.8257 2.2651 104 101 84
-12.6118 -3.1004 0.5636 189 189 187
-12.9613 -3.4552 2.7355 184 178 156
-12.9103 -3.1610 2.5226 88 77 57
-12.5361 -3.2404 -2.2866 137 139 138
-12.6050 -3.7331 2.3556 144 141 124
-12.7607 -2.9263 1.2201 47 51 50
-12.3635 -3.9126 0.2783 146 161 158
-12.3862 -3.8797 1.2006 174 180 178
-12.3738 -3.8748 1.0280 74 76 75
-12.5257 -2.9835 0.1672 9 9 7
-12.5111 -2.9705 0.2918 93 90 83
-12.7075 -2.8304 0.6200 71 72 64
-12.6327 -3.3583 -2.1281 41 39 50
-12.6358 -3.5789 2.3354 162 159 140
-12.8683 -3.0074 1.5285 184 188 187
-12.5422 -3.0200 0.3143 150 149 144
-12.8939 -3.2822 -1.4557 25 23 24
-12.9160 -2.9903 2.4783 147 133 106
-12.6241 -2.9119 0.3635 129 130 125
-12.5177 -3.9131 0.9117 95 119 95
-12.7347 -3.2930 -1.8783 90 84 84
-12.8461 -2.9667 0.9110 90 84 62
-12.7993 -2.8351 2.3629 123 112 90
-12.5767 -3.9484 -2.0590 21 23 22
-12.7435 -3.2596 -2.1090 93 93 91
-12.8353 -2.8268 0.7124 184 185 169
-12.6428 -3.7103 0.7123 129 131 130
-12.7001 -2.9724 0.7587 147 129 115
-12.7042 -2.9141 -2.0733 146 173 154
-12.6125 -3.7014 0.7490 128 129 131
-12.8869 -3.3322 2.4820 158 151 133
-12.6481 -3.2136 0.7077 105 106 108
-12.8117 -3.4282 2.4354 174 167 149
-12.7584 -3.4409 2.3947 161 154 138
-12.8187 -3.2814 2.4875 183 176 157
-12.8657 -3.4435 2.5766 109 101 82
-12.7112 -3.2727 -2.3110 143 149 137
-12.4880 -3.9603 -2.7551 106 96 94
-12.7195 -3.1467 -2.9933 171 139 142
-12.4916 -3.9653 -2.9576 68 50 40
-12.5528 -3.9578 -3.2014 147 126 121
-12.4738 -3.7931 2.3185 153 152 132
-12.6418 -3.3027 -3.1829 25 15 16
-12.6996 -3.1265 -3.2101 86 68 66
-12.7451 -3.1411 -3.2921 143 138 134
-12.8581 -3.0107 2.5562 90 75 56
-12.7911 -3.9601 -2.6978 143 146 139
-12.8466 -2.9211 -2.2942 69 92 74
-12.4371 -3.7458 2.3627 161 160 142
-12.7723 -3.2306 -2.2626 23 22 20
-12.5494 -3.7999 2.4685 166 165 147
-13.0245 -3.0166 2.6207 155 147 126
-12.5521 -3.1181 0.4017 220 224 223
-12.8684 -3.3363 0.8171 120 121 113
-12.6273 -2.9842 0.3080 34 33 31
-12.7582 -2.7949 2.3372 97 84 67
-12.7788 -2.8535 0.4801 93 88 82
-12.7545 -3.2480 -2.1161 19 17 18
-12.8377 -3.2883 -2.1578 28 26 27
-12.3856 -3.8529 0.8829 89 108 88
-12.6384 -3.4906 2.3907 94 83 65
-12.8808 -3.2187 -0.8232 4 4 6
-12.7037 -3.3912 0.8689 16 20 21
-12.6942 -2.8470 -2.1959 147 147 147
-12.8851 -3.0664 0.8601 169 172 155
-12.8043 -2.8455 -2.2350 151 151 151
-12.7874 -2.9909 0.8634 69 65 62
-11.9164 -3.7911 1.8891 190 191 185
-12.4760 -3.9307 0.9811 112 114 111
-12.7292 -3.2687 0.8577 185 187 184
-12.6041 -2.9244 0.3930 143 148 144
-12.5083 -3.7249 0.9257 46 47 49
-12.6562 -3.0172 0.4112 194 192 177
-12.4735 -3.6837 0.8608 201 205 206
-12.6995 -3.1087 -3.0451 170 150 151
-12.7130 -3.1259 -3.0377 118 41 47
-12.3585 -3.9000 -2.8064 142 123 109
-12.4398 -3.9415 -2.8295 139 119 108
-12.6058 -3.1306 -2.7381 154 150 149
-12.6352 -3.2992 -2.7240 70 54 55
-12.4333 -3.9361 -2.5873 142 138 126
-12.7976 -3.3198 -2.7753 170 172 171
-12.5386 -3.8239 2.3373 150 149 131
-12.6032 -3.2883 -2.4809 50 51 46
-12.6571 -3.3224 -2.5366 28 28 28
-12.4078 -3.8681 -2.3746 40 38 39
-12.7171 -3.2725 -2.3664 159 163 162
-12.7872 -2.8472 0.5768 141 141 133
-12.4588 -3.1777 0.5504 72 74 71
-12.7158 -2.8238 0.4842 153 154 148
-12.9310 -3.3839 1.9558 41 47 45
-13.0200 -3.3274 1.9434 18 22 23
-12.8000 -3.1569 1.7597 114 84 84
-12.6864 -3.3750 0.6627 22 24 23
-12.6806 -3.0500 0.6739 203 201 188
-12.7241 -3.0868 1.6845 155 93 96
-13.0269 -3.1212 1.7540 33 23 22
-12.6869 -3.2779 1.5183 184 185 187
-12.6635 -3.2596 1.5028 181 185 184
-12.6941 -3.0611 0.6766 183 187 173
-12.6836 -3.3644 0.6878 128 130 127
-12.6121 -3.3463 1.4045 186 187 189
-12.7896 -3.0695 1.4196 21 16 13
-12.8321 -3.0559 1.4377 167 166 164
-12.4598 -3.0779 0.2804 254 255 255
-12.7450 -3.0797 0.7428 73 75 62
-12.8876 -3.0579 1.3546 27 29 24
-12.4944 -3.7300 0.8681 205 206 208
-13.1013 -3.0265 1.4197 176 180 181
-12.7652 -3.0532 1.2398 196 197 201
-12.2576 -3.8486 0.3031 163 178 173
-12.5706 -2.9573 0.4427 153 153 151
-12.7934 -2.8186 1.1856 147 151 152
-12.8204 -3.9398 2.7413 56 49 41
-12.3996 -3.7650 2.3330 96 90 74
-12.6805 -3.2832 -2.2567 62 44 40
-12.6326 -3.2668 -2.6882 171 180 177
-12.5975 -3.9556 -2.0750 18 20 19
-12.9684 -3.6102 2.7886 169 160 143
-12.7974 -3.2327 -2.2877 23 22 20
-12.7065 -3.2714 -2.6542 143 125 123
-12.6214 -3.3598 -2.1163 42 42 52
-12.4072 -3.5885 1.6472 175 179 182
-12.6370 -3.8856 2.4008 104 101 84
-12.7681 -2.9685 0.8887 90 84 62
-12.5085 -3.8689 -2.4400 157 159 156
-12.7552 -3.0334 0.3911 161 161 149
-12.5822 -2.9146 0.3651 123 125 122
-12.7450 -3.0471 0.8265 193 193 181
-12.7604 -3.5922 2.4328 146 138 117
-12.5185 -2.9571 0.3093 56 53 46
-12.7028 -2.9790 0.7042 185 185 177
-12.6469 -2.9728 0.3023 97 94 87
-12.6113 -3.0871 0.6572 192 193 188
-12.8866 -3.1133 1.7830 168 91 97
-12.9540 -3.3023 1.8382 139 143 142
-12.8225 -3.3733 1.7710 113 118 114
-11.9637 -3.8033 1.7246 29 33 34
-12.8645 -3.2156 -1.3131 76 72 71
-12.6352 -2.8927 0.5605 185 183 184
-12.6722 -3.1277 -2.9404 136 56 65
-12.6765 -3.1882 -2.9812 99 55 54
-12.6757 -2.8691 -2.0338 72 77 71
-12.4015 -3.9379 -3.0383 124 105 99
-12.6373 -3.1348 -3.1382 143 138 134
-12.4143 -3.9585 -3.1091 36 27 20
-12.7645 -3.1639 1.1677 113 114 109
-12.7106 -2.9357 -2.3905 95 98 91
-12.3975 -3.6093 2.3074 117 112 93
-12.4540 -3.1192 0.3556 169 174 170
-13.0993 -3.2607 -2.5936 23 22 20
-12.5499 -3.1234 0.4147 215 219 218
-12.5588 -3.0401 0.4154 124 126 113
-12.5357 -3.2995 2.2725 186 179 160
-12.2620 -3.7855 2.0717 129 124 118
-13.0139 -3.1849 2.7323 90 78 62
-12.8182 -3.2877 -2.1415 28 26 27
-12.9466 -3.2301 2.6816 116 109 90
-12.8708 -2.9491 2.4874 110 100 75
-12.7665 -3.3932 -2.7320 41 35 37
-12.8589 -3.0134 2.4869 176 168 147
-13.0824 -3.4266 2.8269 118 105 86
-12.6617 -3.0816 -2.1618 56 48 45
-12.4242 -3.9047 -2.7531 19 20 22
-12.6121 -3.4491 0.5453 114 118 117
-12.7110 -3.1078 -3.1618 36 25 21
-12.8866 -3.2192 -0.8391 19 19 21
-12.9622 -3.2893 -1.4817 19 19 19
-12.7079 -3.1772 -3.2562 103 71 72
-12.7193 -3.0005 0.6801 240 217 203
-12.7806 -3.7607 0.3026 42 47 41
-12.6874 -3.1905 -3.1281 141 97 96
-12.6592 -3.0134 -3.1089 97 89 86
-12.6949 -3.2393 -2.5316 101 93 91
-12.6820 -3.3001 -3.2792 139 128 126
-12.6184 -3.9001 -2.4788 143 148 141
-12.5349 -3.8360 2.4754 103 99 88
-12.6396 -3.8455 2.5685 101 98 83
-12.7064 -3.2804 -2.4232 55 55 53
-12.4496 -3.3729 2.2910 180 172 151
-12.5503 -3.0469 2.3203 105 92 73
-12.6184 -3.2631 -2.2195 154 157 146
-12.6734 -3.2873 -2.2664 86 62 60
-12.7698 -2.8494 -2.2074 151 151 151
-12.8448 -3.2176 -2.2942 85 85 87
-12.6904 -3.2226 -2.1768 17 16 14
-12.7398 -3.3290 2.4396 186 179 160
-12.8128 -3.2737 2.4918 112 100 84
-12.7568 -3.1634 2.4298 164 157 138
-12.8462 -3.1123 2.4961 115 107 88
-12.7829 -2.9497 2.4207 110 100 75
-12.6121 -3.3594 -2.1332 46 45 63
-12.6716 -2.9269 -2.0883 73 106 79
-12.5230 -3.8756 2.3067 118 114 102
-12.3968 -3.8120 2.1980 128 125 108
-12.7533 -3.2545 -2.0654 27 17 18
-11.9189 -3.8046 1.7748 182 186 185
-12.7497 -3.3230 2.3841 143 137 113
-11.8024 -3.7273 1.8177 118 112 98
-12.7634 -3.2038 -1.4084 74 76 75
-12.8049 -3.2283 -1.3655 16 16 16
-11.8398 -3.7491 1.6260 35 36 38
-12.6280 -3.1944 -1.1808 76 72 71
-12.5569 -3.3343 1.6658 76 81 77
-12.3602 -3.5599 1.5434 208 212 213
-12.6181 -3.5577 -0.8888 33 32 30
-12.6951 -3.1028 1.5994 33 23 22
-12.6723 -3.1302 1.5653 35 35 37
-12.7335 -3.2837 1.5420 184 185 187
-12.7149 -3.2681 1.5315 180 186 184
-12.4076 -3.8900 1.3995 91 97 97
-13.1631 -3.3541 1.7064 87 89 86
-12.6787 -3.1887 1.4073 122 126 125
-12.7987 -3.0568 1.4305 167 166 164
-12.9909 -2.9992 1.4798 131 131 133
-12.1090 -3.8565 0.2509 38 40 37
-12.5774 -2.9723 0.3069 97 94 87
-12.6722 -3.1748 1.0559 186 186 184
-12.7803 -2.8877 1.0779 103 108 104
-12.3857 -3.7037 0.9532 204 205 207
-12.4955 -3.9327 0.9851 125 126 121
-12.4120 -3.6949 0.9042 46 47 49
-12.6197 -3.0015 0.9022 180 186 184
-12.4653 -3.7296 0.8628 96 97 99
-12.4526 -3.7077 0.8586 201 203 202
-12.2401 -3.8475 0.7694 28 30 29
-12.8003 -3.0198 0.8962 27 31 30
-12.5009 -3.7351 0.8134 180 184 185
-12.7281 -3.3679 0.8578 185 190 186
-12.5136 -3.7271 0.7866 175 179 178
-12.8560 -3.0674 0.8478 169 172 155
-12.8147 -3.3686 0.7820 47 49 46
-12.6434 -3.0016 0.6636 240 217 203
-12.4900 -3.6483 0.6184 41 45 44
-12.4535 -2.9577 0.5852 65 63 66
-12.6679 -3.9670 0.6485 109 123 87
-12.3893 -3.1994 0.5486 175 175 173
-12.5900 -2.8917 0.5751 170 168 171
-12.4596 -3.6208 0.5495 248 248 246
-12.4473 -2.9261 0.3753 183 188 182
-12.7119 -2.9741 0.5788 197 192 189
-12.1010 -3.7743 0.4548 147 149 144
-12.4007 -3.0336 0.4894 187 185 170
-12.4217 -2.9576 0.4914 68 66 69
-12.1925 -3.8697 0.4268 37 39 36
-12.5733 -3.0122 0.4012 190 188 173
-12.5843 -3.1981 0.4663 52 57 53
-12.8023 -2.8519 0.4884 93 88 82
-12.5386 -3.6596 0.4149 59 64 60
-12.6129 -2.9607 -2.3505 142 149 142
-12.6294 -3.3022 -2.4555 54 56 55
-12.6381 -3.3601 -2.5685 52 33 35
-12.5061 -3.9029 -2.5718 116 111 108
-12.4511 -3.9442 -2.5911 128 119 110
-12.6147 -3.2763 -2.7207 155 157 152
-12.6324 -3.2030 -2.8800 149 162 155
-12.6933 -3.1718 -2.9382 105 62 69
-12.7213 -3.1500 -2.9970 156 130 133
-12.6319 -3.1057 -2.9539 170 150 151
-12.4090 -3.9538 -2.9454 51 33 31
-12.7222 -3.1061 -3.1821 38 24 21
-12.5717 -3.9689 -3.2262 109 79 77
-12.7216 -3.0128 -3.1936 97 89 86
-12.6194 -3.2495 -3.1562 119 124 118
-12.6694 -3.1707 -3.1995 124 104 105
-12.3487 -3.9279 -3.0519 29 20 13
-12.7241 -3.0792 2.3239 183 176 157
-12.9598 -3.4048 -2.5552 46 46 74
-12.5870 -3.1564 2.3680 96 87 70
-12.7040 -3.0603 -2.4485 112 118 108
-12.5043 -3.9947 -3.4065 39 25 22
-12.3689 -3.8744 1.1676 69 75 73
-12.7078 -3.3184 -3.2421 34 24 23
-12.7225 -3.2760 -2.0781 21 21 19
-12.5890 -3.3504 2.4073 118 105 86
-12.7441 -2.8998 2.4481 151 139 113
-12.5646 -3.7162 2.3208 126 123 106
-12.9688 -3.2932 2.5554 143 132 112
-12.6757 -3.2404 -2.5200 119 105 104
-12.3972 -3.7037 0.2470 61 67 63
-12.6513 -3.0232 -2.7108 61 63 50
-12.9082 -3.2244 -0.8584 14 14 16
-12.8576 -2.9259 1.2512 67 71 70
-12.4834 -3.8176 2.4307 103 99 88
-12.6821 -3.8617 2.6115 101 98 83
-12.7211 -2.9551 0.5467 71 69 72
-12.1771 -3.8600 0.4136 120 125 121
-12.4718 -3.1501 0.4321 200 201 203
-12.6959 -3.0924 0.2856 169 171 168
-12.5110 -2.9722 0.2979 94 91 84
-12.5485 -2.9941 0.3367 53 56 49
-12.6152 -2.9254 0.3792 162 167 161
-12.4695 -3.9438 -3.2336 119 109 97
-12.4533 -3.9519 -3.1428 123 115 102
-12.8104 -3.1477 -3.3423 138 119 115
-12.7823 -3.2721 -3.3396 104 103 98
-12.5149 -3.9929 -2.9953 51 36 31
-11.9263 -3.8085 1.7836 182 186 185
-12.5037 -3.9655 -2.9385 146 128 114
-12.4209 -3.2403 1.6107 134 138 139
-12.8514 -3.3583 1.8217 44 46 45
-12.5578 -3.0150 1.6044 186 190 191
-12.7654 -3.7070 1.7665 33 37 40
-13.2263 -3.1878 1.9893 114 84 84
-12.6552 -3.1278 1.5623 35 35 37
-12.6703 -2.9969 1.5591 173 177 178
-12.4783 -3.9170 1.4403 99 105 105
-12.9493 -3.3396 1.6250 86 88 83
-12.7913 -3.1995 1.4500 122 126 125
-13.2173 -3.0665 1.6391 149 148 146
-12.8210 -3.0478 1.2479 185 186 188
-12.7798 -3.3257 -2.9073 88 83 80
-12.4398 -3.9462 -2.6089 144 141 126
-12.6520 -3.7569 0.9985 35 36 38
-12.6535 -3.7155 0.9150 146 147 149
-12.6769 -3.9355 -2.6376 157 159 156
-12.6273 -3.3498 0.8448 177 182 178
-12.9721 -3.0061 0.9317 35 35 37
-12.9414 -2.9889 0.9233 54 58 57
-12.6064 -3.3617 -2.4390 118 119 123
-12.8780 -3.0904 0.8251 70 70 62
-12.5366 -3.7114 0.7259 33 37 38
-12.7130 -3.3475 0.7540 80 85 79
-12.6583 -2.9623 0.3822 158 159 153
-12.5850 -2.9551 0.6224 73 71 74
-12.4991 -2.9067 0.6006 100 97 104
-12.6628 -3.3696 -2.2205 35 35 61
-12.6405 -3.2236 0.5779 175 175 173
-12.6167 -2.9733 0.5714 186 182 179
-12.6922 -2.8892 0.5781 170 168 171
-12.6788 -2.9131 -2.0561 147 174 155
-12.6202 -2.9881 0.5335 99 93 93
-12.1988 -3.7504 2.0939 82 84 70
-12.3813 -3.8548 0.6219 109 123 87
-12.4923 -3.9064 0.9176 93 115 94
-12.5626 -3.9257 -2.3379 54 49 45
-12.8815 -3.2163 -1.3413 76 72 71
-12.0711 -3.8006 0.4508 59 70 64
-12.9049 -3.3265 -1.9897 90 89 84
-12.6764 -3.2718 -2.6384 87 58 60
-12.7545 -3.1119 0.7980 96 89 83
-12.8235 -3.0187 -3.3322 92 82 80
-12.8188 -3.1074 -3.3000 29 21 18
-12.6664 -3.2193 -2.9642 119 126 119
-12.7277 -3.0381 -2.9179 139 130 125
-12.7085 -3.3447 -2.8770 24 16 14
-12.6927 -2.9687 0.8851 113 105 84
-12.7858 -3.1839 1.0871 186 186 184
-12.6391 -3.0601 -2.3752 112 118 108
-12.6478 -2.9775 -2.5625 114 119 99
-12.5959 -3.1321 0.4158 212 216 215
-12.3915 -3.8821 1.2071 174 180 178
-12.8026 -2.8962 2.5134 151 139 113
-11.6901 -3.6750 1.7159 118 112 98
-12.8359 -3.9587 -2.9143 89 80 73
-13.0299 -3.2585 -1.5015 11 11 11
-12.9301 -2.9246 2.4815 147 139 120
-12.8103 -3.8282 0.2615 95 101 99
-12.8552 -3.2882 0.4612 103 104 96
-12.7678 -3.1072 2.4405 115 107 88
-12.9802 -3.2266 -1.9400 81 75 75
-12.6521 -3.1268 -2.3987 123 102 85
-12.4455 -3.6909 0.9447 35 36 38
-12.7680 -3.1016 -3.2227 29 21 18
-12.6117 -3.0234 -2.9411 139 130 125
-12.5699 -3.1070 -2.8690 108 72 74
-12.6522 -3.1967 -2.9707 98 50 50
-12.3995 -3.9214 -2.7645 149 130 116
-12.6959 -3.0428 -2.8526 127 117 115
-12.6487 -3.1373 -2.7774 156 161 157
-12.3275 -3.9121 -2.5558 98 87 83
-12.4821 -3.9648 -2.6341 129 126 109
-11.9331 -3.7923 1.6942 35 36 38
-12.7130 -3.3078 -2.6893 158 160 159
-12.3910 -3.2373 1.5927 134 138 139
-12.5673 -2.9356 -2.2630 94 84 83
-13.0405 -3.0369 1.8833 79 80 82
-12.6950 -3.3318 -2.6754 35 33 34
-12.6682 -2.9975 1.5618 173 177 178
-12.7539 -3.0545 1.5673 193 195 192
-12.6839 -3.3477 -2.6672 118 118 116
-12.6233 -3.9160 -2.5715 157 159 156
-12.6085 -3.2553 1.4670 190 196 194
-12.7132 -3.1509 1.5103 151 86 94
-12.7530 -2.9903 1.4730 33 37 38
-12.6506 -3.3504 1.4077 186 190 191
-12.2666 -3.7768 -2.1418 157 159 156
-12.7911 -3.8375 1.0789 206 210 211
-12.4018 -3.8620 -2.2736 141 136 132
-12.4084 -3.8732 0.8997 93 115 94
-12.7474 -2.9384 0.7630 199 201 190
-12.8973 -3.4019 0.7813 16 16 16
-12.7599 -3.4367 -2.4681 99 93 95
-12.7558 -3.4177 -2.4141 35 31 45
-12.7211 -3.3805 -2.2831 35 35 61
-12.6454 -3.0161 0.4238 190 188 173
-12.6321 -2.9629 0.3803 158 159 153
-12.5554 -3.0857 0.2915 169 171 168
-12.5818 -2.9946 0.3350 53 56 49
-12.7439 -3.1438 -3.2486 138 119 115
-12.4497 -3.8807 -2.4948 86 81 78
-12.3654 -3.8478 -2.1118 54 49 45
-12.4615 -3.2464 -2.1828 57 56 54
-12.3231 -3.8313 0.6146 109 123 87
-12.4448 -3.9314 -2.4582 35 40 33
-12.5981 -2.9273 -2.3757 101 65 67
-12.5962 -3.1747 1.0534 150 150 148
-12.6720 -3.3024 -2.5111 43 45 44
-12.3538 -3.6784 0.2781 95 101 99
-12.7930 -3.3149 -1.8957 90 89 84
-12.2687 -3.7185 2.1060 149 148 128
-12.7436 -3.3476 -2.9138 17 13 10
-12.6357 -3.0204 -2.6916 66 78 54
-12.6134 -3.9729 -2.0960 16 16 16
-12.7768 -3.9548 2.5335 110 107 88
-12.6128 -2.9358 -1.9503 71 108 75
-12.6406 -2.9796 -2.5590 114 119 99
-12.7824 -3.2320 -2.2640 17 16 14
-12.8120 -3.2136 -1.2689 54 50 49
-12.6868 -3.3213 -3.2230 36 21 18
-12.6546 -3.2277 -1.7989 88 82 84
-12.8217 -3.2735 -1.2811 91 90 88
-12.4063 -3.2381 0.4422 103 104 96
-12.6890 -3.4152 -2.1707 56 48 45
-13.4182 -3.2523 3.2546 170 162 143
-13.2698 -3.0341 1.9284 105 107 106
-13.7346 -2.4105 3.4050 141 129 117
-13.7512 -2.3578 2.2590 69 9 19
-13.0737 -3.2826 2.9880 88 80 67
-13.6574 -2.0177 1.4500 98 100 97
-13.6250 -2.8356 3.3929 87 72 51
-12.9924 -2.2384 0.3790 202 199 194
-13.4149 -3.3273 3.3208 88 80 67
-13.7276 -2.3554 2.3753 60 7 13
-13.7625 -2.5277 2.4114 129 131 130
-13.0722 -2.2535 0.4169 162 163 155
-13.2554 -2.3999 -3.7161 166 156 147
-13.1618 -3.4627 -3.4855 45 33 19
-13.2158 -2.4486 -3.5196 182 127 132
-13.5966 -3.1887 1.3192 41 42 44
-13.1707 -3.4176 0.7059 122 125 116
-13.8008 -2.1389 1.3305 26 33 25
-13.8947 -2.6296 2.5959 37 38 40
-13.7053 -2.1514 1.2877 114 124 116
-13.3230 -2.6533 -3.3199 37 36 34
-13.3227 -2.6789 -3.3186 140 140 138
-13.6988 -2.7139 3.5711 92 83 66
-13.7677 -2.1266 1.3175 145 150 143
-13.9106 -2.5354 2.6509 34 40 38
-13.7118 -2.0452 3.6012 107 98 81
-13.6763 -2.6598 2.5281 110 114 113
-13.5045 -3.2818 3.3397 181 174 155
-13.4115 -3.0822 3.2522 164 155 138
-13.1637 -2.3130 0.4790 76 74 61
-13.3387 -2.6980 -3.2170 134 124 122
-13.2963 -2.6824 -3.1433 28 29 31
-13.1896 -2.3191 0.4816 180 179 174
-13.3494 -3.2726 3.1646 123 116 97
-13.4045 -3.2579 3.2194 94 86 67
-13.4786 -3.0755 3.3043 178 169 152
-12.9491 -3.5298 1.9954 154 156 155
-13.3251 -2.6635 -3.1147 34 39 35
-13.0387 -2.4058 0.6906 68 73 69
-13.3513 -2.5472 -3.1169 81 71 69
-13.7043 -1.8259 3.5592 123 113 101
-13.2142 -2.3681 0.7230 68 73 69
-13.2889 -2.6503 -3.0074 28 30 29
-13.4374 -2.5562 -3.1382 64 73 70
-13.8380 -2.0077 3.3780 144 138 124
-13.2784 -2.0707 0.7406 176 175 173
-13.2786 -2.0401 0.7353 60 61 55
-13.5565 -2.8463 3.3566 172 157 136
-13.4703 -2.6628 3.2695 178 169 152
-13.5211 -3.1780 0.9335 41 42 44
-13.0900 -2.2924 0.5138 122 125 106
-13.6896 -1.9076 1.7037 25 29 28
-13.4618 -2.4068 -2.9363 101 98 89
-13.4826 -2.7362 3.0853 172 167 148
-13.4875 -2.9265 3.1004 149 146 129
-13.4601 -2.9409 3.0748 149 142 132
-13.3520 -2.3046 0.9211 119 109 82
-13.2408 -2.1686 -2.6430 33 48 29
-13.3097 -2.2691 1.0733 26 22 19
-13.7255 -2.4827 3.4992 166 154 138
-13.4557 -2.7621 -2.7852 33 24 19
-13.2012 -3.4299 0.5423 90 93 84
-13.6864 -2.2038 3.4681 184 171 155
-13.7512 -2.1676 3.5319 179 165 152
-13.1806 -3.4733 0.9996 120 121 116
-13.4780 -2.2948 0.9438 66 71 49
-13.6186 -3.3506 3.3585 87 80 64
-13.1492 -2.2673 0.5723 170 170 162
-13.6049 -2.5452 1.1511 185 186 188
-13.5916 -2.1609 1.1490 44 38 22
-13.6332 -2.7743 3.3792 75 66 49
-13.6029 -2.5609 3.2309 114 108 92
-13.2667 -3.4795 1.0185 100 102 97
-13.4127 -2.7078 -2.6738 28 26 31
-13.4934 -2.8056 3.1237 107 100 82
-13.0173 -3.4644 0.5402 32 37 33
-13.1147 -3.4866 0.5528 32 37 33
-13.1715 -3.5095 0.5666 143 145 144
-13.1434 -2.2359 0.6688 159 155 152
-13.6976 -2.2595 1.1713 20 22 9
-13.6405 -2.4642 -1.7826 15 21 11
-13.6357 -2.5220 3.3795 95 86 71
-13.2730 -3.4550 0.6027 168 176 161
-13.8124 -1.9165 3.5643 103 90 74
-13.0412 -3.5479 2.7517 116 117 112
-13.1974 -3.4251 0.6570 52 53 45
-13.1035 -2.5694 0.6448 65 67 66
-13.1834 -2.2194 0.6014 58 59 54
-13.3314 -2.7936 3.0592 179 170 153
-13.0566 -2.9535 0.1877 136 137 131
-13.0125 -3.1491 0.2089 121 121 119
-13.6084 -2.4940 3.3354 84 74 62
-13.9211 -2.2238 3.5843 201 188 179
-13.1036 -3.5774 2.7972 80 80 78
-13.3213 -2.0877 0.6633 149 143 143
-13.3238 -2.5049 0.6661 38 42 41
-13.0289 -2.3270 0.3532 95 92 87
-13.0411 -2.5471 0.6346 38 42 41
-13.3996 -2.6992 0.9935 171 173 170
-13.4737 -2.2412 1.0814 100 76 72
-13.3666 -2.9934 3.0592 167 159 146
-13.5111 -3.1755 1.0716 53 53 55
-13.6288 -2.6701 1.1078 83 85 80
-13.3634 -2.0447 0.6988 137 133 130
-13.6815 -2.7110 1.0824 134 135 137
-13.3386 -2.9250 3.0201 168 161 145
-13.4406 -2.8462 3.1180 175 162 143
-13.6416 -2.2638 1.1034 154 153 123
-13.1639 -2.1212 0.6454 142 134 131
-13.5815 -2.6461 3.2627 145 138 120
-13.3541 -3.4455 1.9572 65 67 66
-13.6172 -2.3129 2.1416 67 11 14
-13.7714 -2.5570 2.2132 197 199 196
-13.4772 -1.9094 1.3906 115 116 118
-13.6552 -1.9030 1.4801 83 87 86
-13.7581 -2.2348 2.1492 171 169 170
-13.4630 -2.4246 1.9214 101 87 87
-13.5678 -2.4214 1.9500 76 76 74
-13.8262 -2.2123 2.1005 74 74 74
-13.5290 -3.1830 0.8903 115 116 118
-13.7045 -2.4342 1.9759 124 126 125
-13.8096 -2.3354 2.0404 26 26 26
-13.5449 -2.3563 1.8926 32 32 32
-13.8782 -2.4111 2.0504 124 126 125
-13.7925 -2.1451 2.0006 196 197 199
-13.3870 -3.4740 1.3815 107 108 100
-13.2972 -2.0921 0.7850 181 177 178
-13.8047 -2.1457 1.9575 96 100 101
-13.1520 -2.1377 0.7571 182 178 179
-13.1076 -2.2419 0.7681 60 58 61
-13.6357 -1.8801 1.5844 167 171 170
-13.7890 -2.1733 1.9084 52 56 57
-13.7601 -2.1956 1.8776 152 156 159
-13.3108 -3.4495 1.6104 102 102 102
-13.3565 -2.0135 0.8368 86 86 76
-13.7112 -2.2343 1.8211 16 15 11
-13.7850 -2.1340 1.8576 118 122 123
-13.3489 -2.5197 0.9510 103 103 105
-13.7700 -1.8553 1.6683 53 57 58
-13.8286 -2.2235 1.7695 31 32 24
-13.2229 -2.1057 0.7989 96 92 93
-13.8080 -2.5221 3.4297 127 118 101
-13.1888 -2.2203 0.5777 156 157 151
-13.4111 -2.6267 1.0301 161 162 156
-13.1446 -3.3948 -2.7900 87 83 80
-13.7467 -2.1653 3.5765 88 74 61
-13.0048 -3.5321 2.5330 133 128 122
-13.4362 -2.8807 3.2525 156 143 124
-12.9876 -3.5377 2.2525 145 149 150
-13.6439 -2.1802 1.8051 110 116 114
-13.4631 -3.0906 3.2738 87 78 61
-13.2406 -2.1620 -2.5394 152 178 149
-14.0184 -2.5848 3.7638 77 68 51
-13.3932 -2.6981 -3.3791 31 23 21
-13.3593 -3.0918 2.2073 73 75 72
-13.1371 -3.4516 -3.1154 140 132 121
-13.6834 -2.6233 3.5662 109 97 81
-13.1634 -3.4883 1.0744 116 118 117
-13.3741 -3.2448 3.2397 88 80 61
-12.9514 -3.5202 2.7892 129 125 114
-13.5944 -3.1464 3.4834 93 84 67
-13.6948 -3.1662 3.6033 112 105 89
-13.3997 -2.0081 0.9015 120 119 98
-13.2242 -3.2965 3.1046 149 141 128
-13.5440 -2.1686 1.3530 108 98 96
-13.7261 -2.2870 3.4723 104 91 74
-13.6121 -2.5653 -1.6217 34 29 26
-13.5065 -3.4169 3.1337 137 127 115
-13.7338 -2.3172 -1.2807 100 100 102
-13.2021 -3.5107 2.8443 80 75 56
-13.7149 -2.3506 3.3956 93 80 64
-12.9989 -3.5357 2.6431 164 161 154
-13.6359 -2.0960 3.3113 76 63 44
-13.0314 -3.1480 0.2368 20 20 20
-13.0571 -2.2763 0.3831 55 54 49
-12.9503 -2.4150 0.3415 125 127 122
-13.8965 -2.3322 2.1034 21 21 23
-12.9185 -2.4356 0.3129 255 255 253
-13.6109 -2.3964 1.9736 105 93 93
-13.3640 -2.3520 -2.7750 101 101 93
-13.7735 -2.0998 1.8033 254 241 233
-13.5500 -2.4184 1.5745 26 28 25
-13.1445 -3.5093 2.7436 146 144 123
-13.8239 -2.1451 3.4201 87 77 65
-13.3855 -2.3848 -2.9098 84 84 76
-13.3776 -2.7091 -3.3605 90 82 80
-13.4980 -2.7171 -3.3025 93 87 89
-13.4239 -2.6316 -2.4404 35 26 21
-13.8115 -1.7992 3.6329 178 166 150
-13.4730 -3.4360 1.2531 100 118 96
-13.2596 -2.4110 -3.7363 150 132 118
-13.4492 -3.0956 3.2747 87 78 63
-13.0066 -2.2691 0.6703 178 174 171
-13.5484 -2.8895 3.3476 76 65 45
-13.0884 -2.2015 0.3920 184 181 176
-13.3864 -2.6899 -3.3016 42 38 39
-13.0946 -3.3879 -2.9482 76 71 68
-12.9783 -3.5403 2.8427 84 86 85
-13.2647 -2.6685 -3.1070 143 148 142
-13.1731 -3.3820 -2.9612 136 131 128
-13.3563 -2.5453 -3.1487 87 79 77
-13.2671 -2.5422 0.8057 20 21 16
-13.0194 -2.9552 0.1959 132 133 127
-13.7550 -2.1197 1.3791 91 76 73
-13.1265 -2.2416 0.8550 187 186 184
-13.4754 -2.1847 1.3151 100 86 85
-13.3978 -2.9450 3.2451 158 149 134
-13.4917 -2.7274 3.3441 89 81 60
-13.5622 -2.0359 1.4015 110 112 109
-13.5196 -1.8958 1.4005 115 116 118
-12.9855 -2.4147 0.3187 255 255 253
-12.9420 -3.5102 0.3056 186 187 181
-13.5907 -2.6901 1.1364 41 43 42
-13.8070 -2.1692 3.4736 145 133 119
-13.5734 -2.4418 1.5135 146 146 144
-13.6813 -2.3967 3.5031 98 86 70
-13.6046 -2.4080 1.5824 20 22 19
-13.3262 -3.4084 0.9359 111 117 91
-13.6109 -2.3997 1.6038 110 112 109
-13.5553 -2.2061 1.1283 60 57 50
-13.6556 -2.0657 1.7299 26 28 25
-13.5683 -3.1812 1.0858 53 53 55
-13.6094 -2.7168 1.1081 143 144 148
-13.4597 -2.7159 1.0577 18 20 17
-13.1803 -2.5622 0.7343 154 154 152
-13.1070 -2.2721 0.4528 143 145 140
-13.6654 -2.1639 1.7905 132 136 137
-13.7823 -1.9190 3.5354 112 99 83
-13.2912 -2.7753 -2.6082 36 26 24
-13.7788 -2.1265 1.8742 206 207 209
-13.5284 -2.9265 3.2485 57 47 37
-13.6637 -2.2712 1.8130 122 113 104
-13.7891 -2.1897 1.8887 152 156 159
-13.6746 -3.4951 1.8264 93 95 94
-13.4077 -3.4599 1.6807 192 192 194
-13.1401 -3.4301 0.4830 46 53 45
-13.6015 -2.7656 3.3037 186 177 160
-13.5418 -2.9992 3.2231 167 159 146
-13.4003 -2.7079 1.0155 16 18 15
-13.8222 -2.1378 2.0146 196 197 199
-13.7931 -2.2159 2.0183 185 184 179
-13.5303 -3.1817 0.8861 157 158 160
-13.7824 -2.3057 3.4670 161 147 136
-13.7603 -2.2264 2.0596 74 74 74
-13.2103 -3.4250 0.7117 122 125 116
-13.0812 -3.4096 0.5358 119 122 113
-13.8752 -2.2049 2.1829 192 190 191
-13.6961 -2.4289 2.0798 154 154 156
-13.6396 -2.6764 2.0433 184 186 185
-13.9418 -2.3618 3.5957 174 162 150
-13.6690 -3.4962 2.0702 133 136 129
-13.4362 -3.3396 3.0715 112 106 90
-13.5950 -3.0347 3.2355 170 161 144
-13.5103 -3.1428 0.9733 28 30 29
-13.5889 -3.3386 3.2042 122 118 107
-13.6384 -2.9226 3.2599 149 144 125
-13.2281 -2.1041 0.6584 145 140 136
-13.7146 -2.1022 3.3497 92 80 58
-13.8883 -2.2577 2.4524 70 10 10
-13.5031 -2.6926 1.0321 182 184 181
-13.1812 -3.4326 0.6453 137 140 133
-13.3330 -2.0524 0.6924 137 133 130
-13.7034 -2.5364 2.3795 129 131 130
-13.7222 -2.7255 3.3210 170 163 144
-13.1687 -2.1352 0.7212 176 170 174
-13.3999 -2.3138 0.9487 61 65 40
-13.3418 -2.0277 0.9337 122 123 107
-13.7958 -2.1801 2.5238 155 156 158
-13.5629 -2.5741 2.4167 34 40 38
-13.7329 -2.4539 -1.8492 9 17 6
-13.2793 -2.7161 0.8898 12 14 13
-13.6238 -2.1264 1.2513 77 75 54
-13.5219 -2.1774 1.1862 29 28 23
-13.1347 -3.4506 -3.1212 123 115 104
-13.3689 -2.6668 -3.3915 152 152 150
-13.2231 -2.4503 -3.5301 185 146 149
-13.3034 -2.3910 -3.7861 166 156 147
-13.3395 -2.4220 -3.9868 141 128 122
-13.7271 -3.1826 0.8998 190 192 191
-13.0907 -2.2303 0.4857 157 157 155
-13.0192 -3.5522 2.5368 147 147 145
-13.6506 -2.9376 3.5628 119 113 101
-13.2468 -3.1224 3.1398 93 84 67
-13.4220 -2.0050 0.8107 175 176 168
-13.7394 -2.2068 3.4092 166 154 138
-13.7445 -2.5229 3.4956 97 87 75
-13.7243 -3.1698 1.0370 181 182 184
-13.0854 -2.3094 0.4635 189 190 174
-13.1726 -3.4732 0.6173 136 150 137
-13.6370 -2.7107 3.3011 167 154 135
-13.1364 -3.4696 0.5600 82 100 88
-13.6101 -2.1037 3.2902 76 63 44
-13.4410 -2.3829 -2.9293 99 97 98
-13.0601 -3.4527 -3.2656 116 100 85
-13.5084 -2.6714 3.3260 167 151 136
-13.7793 -2.8333 3.3927 106 95 77
-13.3981 -2.7069 -3.3676 84 76 74
-13.5283 -2.3862 -3.1950 120 101 84
-13.4993 -1.9221 0.8375 65 66 61
-13.2944 -2.2207 0.7936 151 147 148
-13.2390 -3.3613 -3.0973 104 96 94
-13.6396 -2.6640 3.3289 177 161 138
-13.2794 -3.4374 1.4033 106 109 102
-13.8312 -3.3442 3.6565 80 77 58
-13.2700 -3.3090 3.1702 49 43 31
-13.1684 -2.1210 0.6584 141 136 133
-13.6255 -2.1501 1.3334 80 67 61
-13.1227 -3.4200 0.6355 134 137 128
-13.7142 -2.1170 1.3389 215 202 186
-13.8135 -2.1420 1.2817 33 32 28
-13.5683 -2.7082 1.1738 82 82 82
-13.2588 -2.8427 3.0871 102 89 70
-13.0141 -2.4294 0.6590 201 203 200
-13.6253 -2.2638 1.1730 173 176 155
-13.5759 -2.2011 1.1343 60 57 50
-13.5202 -2.7221 1.0941 143 144 148
-13.0554 -2.3540 0.7070 88 87 83
-13.1060 -2.5697 0.7249 173 173 173
-13.4160 -2.9533 3.1807 95 86 69
-13.5253 -3.1450 0.9967 48 50 49
-13.2051 -2.1031 0.7685 60 54 54
-13.6010 -3.1338 0.8830 29 31 28
-13.0297 -3.5480 2.7376 51 51 49
-13.8514 -2.3951 3.5800 118 106 90
-13.6641 -2.7611 3.3665 179 171 152
-13.5420 -2.6709 3.2439 177 161 138
-13.6490 -2.6359 3.3463 142 135 117
-13.1944 -2.4281 -3.5914 83 32 28
-13.6973 -2.2085 3.4024 176 167 150
-13.2690 -2.4450 -3.5903 173 143 145
-13.0250 -3.4306 -3.2201 146 131 112
-13.7752 -2.3881 3.4484 174 162 150
-13.8125 -1.8324 3.4967 177 169 146
-13.3284 -2.6383 -3.4206 64 45 39
-13.3595 -3.3943 3.0025 137 127 115
-13.3006 -2.6488 -3.3266 153 145 143
-13.3419 -3.3302 2.9896 112 106 90
-13.3255 -2.6726 -3.3330 152 152 150
-13.8564 -2.2787 3.5034 113 98 79
-13.3023 -2.6545 -3.2883 34 33 31
-13.1540 -3.4559 -3.0923 131 125 111
-13.2635 -2.6013 -3.1659 91 49 51
-12.9880 -3.4639 2.6366 72 70 49
-13.4602 -3.3214 3.0870 122 118 107
-13.5591 -2.9226 3.1881 149 144 125
-13.4791 -2.7744 3.0958 166 158 139
-13.5972 -2.7340 3.2056 170 163 144
-13.5928 -2.3423 3.2106 187 176 158
-13.3881 -2.5413 -3.1873 87 79 77
-13.4868 -2.3883 -3.2059 108 80 59
-13.3472 -2.6423 -3.0591 38 39 34
-13.2682 -2.4274 -2.9497 108 80 59
-13.7378 -2.5445 2.6187 162 163 167
-13.7272 -2.6430 2.4936 37 38 40
-13.3899 -3.0866 2.2275 50 52 49
-13.4189 -2.3977 -2.9618 100 102 101
-13.3305 -2.6089 -2.7654 58 41 33
-13.8660 -2.5303 2.4928 126 129 122
-13.6623 -2.1608 2.3551 153 157 158
-13.3896 -2.7110 -2.6676 30 29 34
-13.3381 -3.0402 1.9794 92 94 93
-14.0685 -2.3032 2.4490 69 9 19
-13.2043 -3.4224 1.8659 105 107 104
-13.8883 -2.5175 2.3109 194 194 192
-13.8038 -2.5188 2.2515 188 190 187
-13.5005 -2.5688 -2.5407 95 89 89
-13.7490 -2.2306 2.0592 74 74 74
-13.6489 -2.2465 1.9482 185 184 179
-12.9980 -2.9547 0.1975 132 133 127
-13.7040 -2.2353 1.8390 27 24 19
-12.8876 -2.2860 0.3600 35 30 26
-13.8574 -2.1213 1.9023 125 129 128
-13.0268 -2.2830 0.3798 55 54 49
-13.4398 -3.4631 1.6246 229 234 230
-13.8708 -2.2061 1.8353 174 176 173
-13.0484 -2.1954 0.3979 137 136 131
-12.9498 -2.2430 0.3820 185 184 179
-13.0496 -2.2436 0.4220 183 183 181
-13.5847 -2.4253 1.5461 43 43 43
-13.2086 -3.4311 0.5539 116 119 110
-13.0573 -3.4728 0.5647 42 47 43
-13.5817 -1.9287 1.4375 80 82 81
-12.9893 -3.4723 0.5452 141 143 142
-13.1181 -3.4611 0.6142 136 150 137
-13.0674 -2.2031 0.4537 176 177 172
-13.6574 -2.7703 3.4075 106 97 80
-13.3456 -2.9707 3.0914 149 141 122
-13.4920 -2.5779 -1.6852 82 74 72
-13.8351 -2.6197 3.6547 154 142 126
-13.7931 -1.9154 3.5956 91 74 56
-13.7415 -2.2802 1.8568 117 103 102
-13.3667 -3.2377 3.2291 86 77 60
-13.3014 -3.0722 3.1273 154 145 128
-13.3296 -2.1534 -2.5658 35 65 31
-13.2132 -2.9456 3.0610 162 153 138
-13.0059 -2.4109 0.6975 70 75 71
-13.2430 -2.5772 -3.9255 141 115 116
-13.4784 -3.2844 3.2776 123 116 97
-13.1011 -3.4721 -3.6211 95 70 65
-13.2598 -2.4143 -3.8028 64 44 37
-13.7790 -2.1466 3.5880 98 84 71
-13.1845 -3.4571 -3.3864 113 99 88
-13.3300 -2.4233 -3.5341 150 145 142
-13.3925 -2.6351 -3.4918 65 50 43
-13.8534 -2.1468 3.6459 183 169 156
-13.3541 -2.6150 -3.2728 148 147 142
-13.3380 -2.6468 -3.2555 145 147 144
-13.3668 -2.5872 -3.2075 157 157 155
-13.3524 -3.1792 3.0704 75 66 49
-13.4244 -2.6510 -3.2420 32 37 33
-13.5462 -2.2380 3.2910 174 162 146
-13.2206 -3.3593 -2.9428 152 153 147
-13.3614 -2.6397 -3.0744 38 39 34
-13.1218 -2.2697 0.6968 108 103 97
-13.8124 -2.3246 3.4990 161 147 134
-13.8838 -2.2832 3.5704 182 168 157
-13.3084 -2.6282 -2.9455 36 38 35
-13.0093 -2.4702 -2.6460 116 88 67
-13.8294 -2.7994 3.4890 109 101 80
-13.2095 -3.5220 2.8230 144 139 119
-13.6939 -2.5442 3.3015 183 178 159
-13.7266 -2.3662 3.3358 167 161 139
-13.7857 -2.3038 3.3771 175 167 148
-13.5299 -3.4675 -2.5972 39 43 44
-13.6178 -2.6503 2.3681 24 24 26
-13.7135 -2.5369 2.4054 129 131 126
-13.3649 -3.0095 2.0102 225 227 226
-13.2466 -3.4957 0.3762 133 145 143
-13.8439 -2.3533 2.2340 167 93 92
-13.8158 -2.6618 2.1282 185 190 186
-13.6283 -2.2110 1.8271 52 56 57
-13.7316 -2.1449 1.8509 121 122 124
-13.9698 -2.0697 1.9675 206 206 208
-13.1155 -2.2375 0.4151 179 180 174
-13.3633 -3.4489 1.5928 205 210 206
-13.2252 -2.2992 0.4783 76 74 61
-13.0426 -2.5056 0.4456 154 160 156
-13.2996 -3.4578 0.4847 38 45 37
-13.3430 -3.4604 1.4052 42 45 38
-13.6594 -2.4156 1.5272 215 213 214
-12.9051 -2.3850 0.4787 150 149 145
-13.0549 -2.4487 0.4955 215 217 214
-13.1432 -3.4200 0.5517 116 119 110
-13.4447 -3.1768 1.2966 39 40 44
-13.1589 -2.2657 0.5876 180 177 170
-13.8640 -2.0808 1.4116 191 171 160
-12.9620 -3.4539 0.5610 42 47 43
-13.6120 -2.5469 1.1749 186 187 189
-13.8219 -2.2230 1.2218 173 176 155
-13.8612 -2.6818 1.2024 26 28 27
-13.3412 -2.6886 1.0251 46 48 43
-13.3086 -2.0483 0.7181 197 199 194
-13.6524 -2.6691 1.0753 49 51 46
-13.1544 -2.2485 0.6795 166 161 155
-13.2561 -3.5065 0.6958 80 87 79
-13.3300 -2.1976 0.9033 175 177 174
-13.3812 -2.0021 0.9184 185 183 171
-13.6139 -3.1749 0.8954 175 176 178
-13.8136 -2.6393 3.5663 164 153 135
-13.3664 -2.9565 -1.0946 22 21 17
-13.0646 -2.2765 0.3865 47 46 41
-13.3657 -2.9950 -1.0937 14 13 9
-13.4987 -2.8343 3.3222 102 89 70
-13.3185 -2.4052 -3.5979 169 135 134
-13.3024 -3.4124 0.9058 125 132 101
-13.3612 -3.1004 0.5983 59 64 60
-13.7462 -2.1088 1.4468 238 212 211
-13.1537 -3.4727 0.5530 82 100 88
-13.3440 -3.4352 1.7843 40 42 41
-13.7079 -2.3231 0.8123 85 86 88
-13.5199 -3.2676 3.3709 172 164 145
-13.8164 -1.8594 3.4591 191 180 160
-13.6283 -3.1304 0.9221 55 57 54
-13.3971 -3.4332 0.8529 99 106 72
-13.3381 -2.0504 -2.6890 151 152 146
-13.5578 -2.7601 -2.8253 52 42 41
-13.1911 -2.2336 0.8727 175 177 174
-13.8209 -3.6186 0.7231 58 70 60
-13.2969 -2.2397 0.6269 181 178 163
-13.6095 -2.1987 1.1491 26 22 19
-13.1254 -2.9592 2.8636 103 95 74
-13.8084 -2.9347 3.5343 62 53 44
-13.5131 -2.7061 1.1187 26 28 27
-13.2384 -2.7416 1.0249 77 78 82
-13.1693 -3.4246 0.5618 125 128 119
-13.1215 -2.3394 0.6507 186 183 174
-13.3127 -3.2220 1.1687 25 26 28
-13.7644 -2.9183 3.3912 163 152 132
-13.4439 -2.6243 3.0875 175 168 149
-14.0555 -2.3175 3.6400 175 167 146
-13.8593 -2.2917 3.4596 147 136 118
-13.1350 -3.5571 2.6813 124 117 109
-13.7578 -2.5346 2.4510 133 135 132
-13.7388 -2.3533 2.3742 60 7 13
-13.7522 -2.1398 2.3521 183 187 188
-13.4254 -3.0131 2.0589 208 210 209
-13.7877 -2.3452 2.3035 44 21 27
-13.3609 -3.4563 1.9407 114 116 113
-14.0596 -2.3176 2.3960 174 95 100
-13.3458 -3.4423 1.9027 133 136 129
-13.8740 -2.5556 2.2138 78 84 82
-13.0986 -3.4349 0.4937 142 153 147
-13.0384 -2.3204 0.3987 114 111 104
-13.0175 -3.3981 1.2127 143 145 131
-13.6647 -2.2986 1.8523 82 64 60
-13.6498 -2.2085 1.8458 79 83 84
-13.8025 -2.1085 1.8885 204 204 206
-13.5897 -2.4295 1.5099 183 183 181
-12.9338 -2.2408 0.4466 176 177 172
-13.0676 -2.3456 0.4945 166 165 160
-13.2859 -2.5130 0.6569 34 38 37
-13.1158 -2.3915 0.7318 81 86 82
-13.1277 -3.4635 0.6159 84 96 84
-13.8923 -3.2126 0.8103 66 68 67
-13.2612 -2.6133 -2.8505 66 68 67
-13.0696 -3.3768 -2.7063 120 117 112
-13.2604 -2.0932 -2.9141 146 142 131
-13.3324 -2.6402 -3.0664 35 37 32
-13.2877 -2.6321 -3.1128 53 55 50
-13.4097 -2.5813 -3.2335 144 149 145
-13.4235 -2.6670 -3.2785 17 21 20
-13.4047 -2.6720 -3.3882 137 138 133
-13.1837 -2.4197 -3.5974 158 151 133
-13.1173 -3.4277 -3.5990 98 78 71
-13.1510 -3.4832 -3.1825 101 94 88
-13.5124 -2.3835 -3.1848 126 104 81
-13.2442 -3.4323 1.6097 192 192 194
-13.0385 -2.2474 0.9088 206 209 202
-13.6904 -2.4546 -1.6145 54 53 49
-13.2875 -2.9670 -1.0919 34 34 26
-13.3033 -2.4782 -3.9841 104 80 76
-13.3377 -2.4545 -3.7826 133 107 106
-13.7808 -2.4220 3.5201 162 149 133
-13.8259 -2.3623 2.1380 99 83 84
-13.6001 -3.3010 3.3890 150 143 124
-13.3319 -2.9567 -1.0775 22 21 17
-13.7317 -2.8186 -3.0391 93 88 82
-13.2417 -3.1695 0.4631 49 54 48
-13.4329 -3.1786 1.3244 30 31 33
-13.4844 -2.6985 1.0056 148 150 147
-13.3248 -3.1648 1.1730 207 208 210
-13.1235 -3.4730 -3.5937 64 33 28
-13.0441 -3.4641 -3.2977 54 36 34
-13.3006 -2.4327 -3.4820 147 147 145
-13.2851 -2.6761 -3.1334 37 39 38
-13.3205 -2.6395 -2.9171 147 130 122
-12.9245 -2.5157 0.4906 219 224 220
-13.1896 -2.2154 0.6449 66 61 65
-13.2717 -2.5144 0.6577 34 38 37
-13.1613 -2.2980 0.3906 157 157 149
-13.4215 -2.5852 2.3794 140 144 145
-13.7809 -2.6372 2.5222 37 38 40
-13.8807 -2.3424 2.5522 164 108 111
-14.0099 -2.2235 2.6130 162 103 107
-14.0035 -2.3054 2.4606 45 24 31
-13.4316 -2.1804 0.7741 179 175 174
-13.2148 -2.5356 0.7166 176 176 176
-13.1793 -2.2742 0.4254 39 39 31
-13.8921 -2.1885 1.9944 74 71 66
-12.9653 -2.2761 0.4270 176 177 171
-13.5616 -2.1745 1.7896 180 180 182
-13.1103 -2.1673 0.7637 94 87 94
-13.8523 -2.2294 1.8907 129 121 110
-13.2248 -2.2085 0.7872 60 58 61
-13.6039 -2.4336 1.5190 148 148 146
-14.0558 -3.3788 3.9135 100 95 76
-13.4412 -2.7596 -2.9483 28 28 40
-13.2336 -2.7892 -2.7573 95 87 84
-13.3947 -2.9608 3.1391 114 106 87
-13.3991 -2.7327 1.0556 66 67 71
-13.1378 -3.4437 1.0351 21 23 22
-13.6322 -2.1279 1.2986 112 99 80
-13.0680 -3.3832 1.1362 97 123 94
-13.3748 -3.1964 0.5245 105 112 105
-12.9387 -2.5727 0.8052 113 114 109
-13.3325 -2.3558 -2.7118 90 90 80
-13.5268 -2.8236 -2.8692 89 86 79
-13.0453 -3.1466 0.4355 35 40 36
-13.0607 -2.4494 0.7177 88 89 91
-12.4458 -3.1769 2.3305 100 95 76
-12.6483 -3.3882 0.5740 18 23 19
-13.3596 -2.7153 -2.6555 44 42 63
-12.8650 -3.4117 0.5941 84 96 84
-13.3532 -2.7724 -2.6477 33 23 24
-13.1397 -2.4997 0.6241 142 151 148
-13.7458 -2.5256 -1.7773 19 21 18
-13.6603 -2.5608 -1.7777 72 62 61
-13.5496 -2.6012 -2.3841 81 82 76
-13.2102 -2.6138 -2.8132 59 64 60
-13.2660 -3.3681 -2.9535 149 151 146
-13.2917 -2.5976 -3.1059 152 154 151
-13.1946 -3.5053 -3.3004 63 52 48
-13.1718 -3.4616 -3.5165 58 49 32
-13.3217 -2.4582 -3.7614 133 107 106
-12.9779 -2.3737 0.2410 22 22 22
-13.1794 -2.5138 -3.6937 136 108 105
-13.4753 -2.9330 3.2173 62 53 44
-13.3057 -2.5815 -3.9563 127 128 122
-13.3983 -2.7702 -3.0221 79 68 74
-13.2667 -3.4375 3.1075 67 58 43
-13.6136 -2.2743 1.7447 113 109 98
-13.4399 -2.6092 -2.8963 90 65 58
-13.5121 -3.3187 3.1612 134 129 110
-13.5792 -2.8204 -2.9233 89 86 79
-13.4410 -2.5645 -2.6248 91 90 86
-14.0385 -2.5635 2.9319 36 40 41
-13.5957 -2.6616 2.4932 134 138 137
-13.5002 -2.5773 2.4274 140 144 145
-13.7262 -3.1503 2.4813 33 35 34
-13.5135 -2.5935 2.3463 36 38 37
-13.6871 -2.3757 2.4195 164 108 111
-13.5506 -2.3132 2.3302 162 103 107
-13.5488 -2.3404 2.1916 29 24 28
-13.8699 -2.2045 2.3471 83 83 83
-13.5891 -3.4962 2.0585 98 100 99
-13.8210 -2.5742 2.2040 90 95 89
-13.4598 -3.4712 -2.5788 28 29 33
-13.6932 -2.2305 1.7350 190 193 202
-13.7083 -2.5567 -2.6968 76 72 73
-13.3985 -3.1743 1.3118 30 31 33
-13.4618 -3.2051 1.2908 29 30 34
-13.5011 -3.1827 1.2157 208 209 211
-13.9552 -3.1763 1.3824 155 157 156
-13.5210 -2.1910 1.1824 64 65 60
-13.7860 -2.2223 1.2248 188 190 166
-13.6709 -2.6854 1.0849 32 34 31
-13.2921 -2.1738 0.9654 200 201 193
-12.8809 -2.4415 0.3178 255 255 253
-13.2325 -2.2183 -2.9722 154 151 142
-13.2101 -3.3803 -2.9690 82 77 74
-13.1779 -3.4980 -3.2638 74 65 60
-13.2559 -2.4343 -3.6402 129 54 58
-13.2572 -2.5621 -3.7260 79 49 41
-13.4201 -2.4350 -3.9715 98 32 34
-13.3746 -2.4834 -3.9551 116 97 91
-13.7817 -2.5198 -1.7980 19 21 18
-13.9104 -2.5350 -3.5816 44 49 45
-13.5854 -2.7560 -2.8359 63 53 52
-13.7351 -2.3872 1.7091 125 125 123
-13.3544 -2.3499 -3.2732 95 90 84
-13.5126 -2.4913 -2.2150 93 89 88
-14.0249 -2.8265 3.8303 108 93 72
-13.3964 -2.6691 -3.0393 108 89 91
-13.3591 -2.6757 -2.9999 108 89 91
-13.8963 -2.5763 2.8372 36 40 41
-13.8125 -2.6422 2.6557 54 58 59
-13.9088 -2.2422 2.5477 164 92 96
-13.8788 -2.2835 2.4066 38 29 32
-13.7241 -2.4300 2.0497 92 93 95
-13.9087 -2.1709 2.0319 76 76 78
-13.9766 -2.0776 2.0976 160 161 163
-13.5187 -2.2269 1.2628 26 25 21
-13.5210 -2.6767 1.2069 179 184 180
-13.6396 -3.2284 1.1860 185 186 188
-13.1896 -2.3233 0.6428 184 182 170
-12.9083 -2.3912 0.2503 15 16 18
-13.2225 -2.5489 -3.5388 128 128 118
-13.0717 -2.4917 -3.4615 98 32 34
-13.2601 -2.5008 -3.7861 116 97 91
-13.0395 -3.4470 -3.5790 126 116 106
-13.6402 -2.5650 -2.6337 76 72 73
-13.3975 -2.5609 -2.4522 34 18 19
-13.6115 -2.4085 1.6539 125 125 123
-13.4994 -2.3185 -2.8673 76 76 64
-13.4205 -2.6295 -2.0290 32 18 18
-13.9690 -2.1692 3.7970 154 145 128
-14.0714 -2.5714 3.7607 166 157 140
-13.5466 -2.5429 -1.6619 20 20 18
-9.8952 -5.7677 0.2131 32 37 33
-9.1623 -5.6565 -0.2494 35 45 37
-9.6688 -5.9139 2.2945 92 82 70
-9.4798 -5.8808 2.0685 157 150 131
-10.3478 -5.9137 1.9943 146 131 110
-10.0536 -5.9510 2.2759 128 118 106
-9.0614 -5.6925 2.1673 99 99 97
-9.2858 -5.9394 2.2253 74 63 45
-9.8633 -5.9321 2.0170 135 127 108
-10.1633 -5.6834 -3.2458 28 13 10
-10.4367 -5.8104 0.5442 96 98 97
-9.1172 -5.5847 0.6035 107 108 103
-10.4499 -5.8406 0.5005 83 85 84
-9.1582 -5.7310 0.1741 111 113 110
-10.2403 -5.8792 0.7087 28 24 13
-10.3387 -5.8403 0.7017 143 137 137
-9.2047 -5.7715 0.7624 175 181 179
-10.2321 -5.8404 0.7611 94 85 70
-9.7295 -5.9267 2.2112 165 149 126
-9.5052 -5.8209 0.0099 178 180 179
-10.2917 -5.8402 0.8327 122 126 127
-9.5210 -5.5728 -0.5608 117 112 109
-9.9581 -5.6350 -3.6095 145 144 140
-9.9700 -5.6245 -3.5708 41 40 35
-9.2778 -5.6346 -3.6942 113 105 102
-9.4300 -5.8065 0.1938 139 141 140
-9.0329 -5.7635 2.1380 139 144 138
-9.9323 -5.6426 -3.5205 92 94 91
-9.9664 -5.6682 -3.5282 45 44 42
-9.7565 -5.7375 -0.4607 112 117 111
-9.9827 -5.9781 1.0433 69 71 68
-9.9748 -5.5803 -3.3534 62 62 60
-9.2396 -5.6165 -0.4163 90 95 91
-9.5046 -5.7732 -0.4181 105 110 104
-9.7518 -5.7251 -0.3933 55 60 54
-10.2937 -5.5906 -0.3081 80 78 63
-9.1444 -5.7252 0.2707 111 111 111
-9.2917 -5.9199 2.1657 128 119 104
-10.0122 -5.5919 -3.1426 28 33 27
-9.0704 -5.6585 1.7863 137 139 136
-9.0754 -5.6540 1.8479 181 183 182
-10.1601 -5.6105 -3.1265 28 13 10
-10.3338 -5.8355 0.2716 25 20 17
-10.2878 -5.5568 -0.2922 91 89 74
-9.8853 -5.7616 0.1414 142 144 141
-10.0494 -5.9305 1.9859 132 122 110
-10.3581 -5.8802 1.9405 158 145 126
-10.2284 -5.9083 1.9730 168 161 145
-10.1649 -5.6632 -3.1310 124 123 121
-10.2343 -5.9316 2.0747 127 119 100
-10.0935 -5.5998 -0.0932 137 142 136
-10.2702 -5.5951 -0.2748 152 153 145
-10.2350 -5.7469 0.2358 154 155 137
-10.0064 -5.6203 -3.0500 88 59 51
-10.3838 -5.5423 -2.8657 39 60 43
-9.1084 -5.8765 0.1543 107 109 106
-9.9477 -5.6256 -3.5858 147 144 139
-10.0213 -5.7176 -2.8286 76 70 72
-9.6805 -5.9239 2.2948 132 121 101
-10.3904 -5.8905 1.9150 144 131 114
-9.3192 -5.9458 2.3058 102 89 70
-9.3068 -5.8316 2.0329 78 73 69
-9.1768 -5.6390 -0.1626 82 89 81
-9.0807 -5.6357 1.9058 152 152 152
-9.0920 -5.8251 2.0854 154 148 126
-9.7682 -5.8748 2.1888 83 66 46
-10.1913 -5.5500 -0.2641 211 213 212
-9.1284 -5.7279 1.9299 156 147 130
-10.0105 -5.6720 0.0616 85 86 81
-10.3713 -5.5448 -0.2879 76 75 70
-10.0116 -5.7899 -2.1624 20 19 14
-9.5152 -5.7731 -0.3643 102 104 99
-9.1894 -5.6963 0.1573 108 110 107
-9.2484 -5.8048 2.0932 142 129 113
-10.1241 -5.9321 2.1883 98 82 67
-10.3508 -5.6113 0.0619 185 184 182
-10.0308 -5.5437 -3.1881 72 74 69
-9.2160 -5.7553 0.4917 96 99 92
-9.1896 -5.7919 2.1758 81 74 56
-9.5032 -5.7985 0.0982 56 58 57
-9.2209 -5.8894 2.1803 153 140 124
-10.1677 -5.5640 -3.6407 137 96 100
-10.1630 -5.5774 -3.6644 171 130 134
-9.9983 -5.5468 -3.5542 159 156 151
-10.1129 -5.5011 -0.5452 88 84 81
-10.0879 -5.8997 2.1358 130 117 100
-9.2053 -5.6360 -3.7484 124 115 106
-10.0670 -5.5887 -0.1320 73 75 72
-10.1377 -5.8809 0.9506 112 83 85
-10.2615 -5.9332 2.1359 106 91 68
-9.1419 -5.8978 2.2663 141 134 115
-9.2056 -5.6211 -3.6806 53 44 37
-9.1271 -5.7124 1.9195 140 131 114
-9.0708 -5.6864 1.2304 130 132 129
-9.8408 -5.9059 2.1318 99 82 62
-10.0129 -5.7364 -2.8041 76 74 75
-9.2396 -5.7691 0.3540 81 104 78
-10.1434 -5.8229 0.5615 68 63 57
-9.6590 -5.8831 2.1277 88 76 52
-9.3007 -5.6440 -3.5725 78 75 68
-9.1784 -5.7590 0.0228 122 123 117
-10.3953 -5.5161 -0.2768 98 99 91
-9.9107 -5.6472 -3.4283 124 105 101
-10.2419 -5.5552 -3.2172 103 106 95
-9.5519 -5.8322 2.1730 163 147 131
-9.2404 -5.7314 -0.0651 92 97 74
-9.4185 -5.9616 2.2014 86 73 56
-10.1782 -5.5540 -3.7845 105 33 34
-10.1544 -5.5821 -3.6754 136 107 109
-9.0673 -5.6505 2.1169 118 118 116
-9.8584 -5.9257 2.2481 98 87 67
-9.2053 -5.6360 -3.7484 124 115 106
-9.2621 -5.6771 -3.7644 124 116 113
-9.0661 -5.6743 1.5259 97 99 96
-9.5107 -5.9483 2.2825 101 88 69
-9.9277 -5.6550 -3.5094 129 113 113
-9.3766 -5.8867 2.2377 88 77 57
-9.2958 -5.6573 -3.5986 78 75 68
-9.2753 -5.6388 -3.5639 60 52 49
-10.0247 -5.6475 -3.3798 70 72 67
-9.2655 -5.6416 -3.5256 101 96 93
-9.9931 -5.6372 -3.2018 159 150 141
-9.7255 -5.9400 2.2228 172 156 133
-9.7601 -5.8792 2.1602 104 86 66
-9.3287 -5.6741 -3.4536 147 142 138
-9.0471 -5.7106 2.1093 76 76 74
-10.1652 -5.6725 -3.1474 124 123 121
-10.0060 -5.6379 -3.0787 88 59 51
-9.9663 -5.9200 2.0487 112 99 83
-9.4388 -5.8457 2.1352 154 141 124
-10.1038 -5.7034 -3.0177 27 23 22
-9.2887 -5.6496 -3.5926 45 42 35
-10.0686 -5.6305 -0.1356 73 75 72
-10.0569 -5.7282 0.0401 106 107 101
-10.2297 -5.9315 2.0496 182 175 156
-10.0206 -5.7102 -2.8218 76 70 72
-10.3697 -5.9040 2.0564 172 157 136
-9.3076 -5.8708 2.1183 151 142 127
-10.3885 -5.9218 2.0530 111 94 74
-9.9090 -5.8076 0.1451 180 184 183
-9.5031 -5.8020 0.0955 56 58 57
-9.9712 -5.9747 2.1320 120 107 91
-9.8175 -5.9071 2.0342 169 154 135
-10.0747 -5.8307 -1.5990 32 38 36
-10.0224 -5.8857 2.0439 99 83 67
-10.4044 -5.8741 1.9195 167 152 133
-10.2763 -5.5633 -0.2985 97 99 88
-9.3119 -5.8572 2.0766 122 115 105
-9.8861 -5.7586 0.1381 128 130 127
-10.3324 -5.5977 -0.2708 132 134 123
-9.4440 -5.8848 2.0859 158 147 127
-10.0215 -5.5671 -3.3397 157 150 142
-9.3049 -5.8303 2.0432 91 85 73
-10.2980 -5.5304 -0.3542 116 116 108
-9.7416 -5.8243 -0.4190 64 66 61
-10.1704 -5.8825 2.0690 155 142 125
-9.6641 -5.8995 2.0308 148 140 121
-10.3596 -5.8863 1.9504 166 153 134
-10.3904 -5.9106 1.9369 158 143 124
-9.2214 -5.6741 -0.3205 31 34 27
-10.3410 -5.8622 0.6973 143 137 137
-9.6792 -5.9360 2.3069 132 121 101
-9.0767 -5.6639 1.2813 142 144 141
-10.2223 -5.8589 1.2465 155 105 104
-10.0001 -5.8535 1.2278 115 114 109
-9.1355 -5.6952 -0.2429 117 119 118
-9.9990 -5.9317 1.2430 115 114 109
-9.6268 -5.7919 1.0466 204 205 207
-9.9841 -5.9218 1.0177 65 67 66
-9.8920 -5.9301 0.9971 144 143 139
-10.1131 -5.9523 0.9592 112 112 112
-9.9104 -5.7795 0.0697 133 143 135
-9.2356 -5.6736 -0.1493 79 82 71
-9.3707 -5.8041 2.1533 151 140 120
-10.3313 -5.5771 -0.1062 147 142 136
-10.0921 -5.6029 -0.0816 145 147 142
-10.2877 -5.8888 0.7969 87 96 95
-10.2136 -5.8377 0.7643 93 73 72
-10.2341 -5.8584 0.7687 94 85 70
-10.3010 -5.9147 0.7951 177 183 183
-10.3889 -5.8886 0.7350 133 134 129
-10.2462 -5.8512 0.7164 160 157 148
-10.1655 -5.6440 -0.0473 156 162 160
-9.4184 -5.8416 0.3952 27 26 31
-9.4256 -5.8021 0.2141 90 92 91
-9.2197 -5.7213 -0.1607 79 82 71
-10.2632 -5.9144 0.8615 158 158 150
-10.3336 -5.8657 0.7647 184 184 186
-10.0924 -5.5860 -0.0840 158 160 155
-10.4088 -5.9035 1.9342 167 152 133
-10.1314 -5.9071 2.1658 95 79 64
-10.0426 -5.9559 2.2627 129 117 105
-9.9781 -5.6074 -3.3905 170 170 168
-9.1971 -5.7636 0.5382 32 32 32
-9.2115 -5.7431 0.4745 143 144 138
-10.2232 -5.5318 -0.4131 233 233 231
-9.7504 -5.7804 -0.4623 116 121 115
-10.2265 -5.4580 -0.3801 172 174 173
-9.2295 -5.6092 -0.4320 121 133 129
-9.4672 -5.7911 0.3951 27 29 24
-9.4687 -5.8537 -0.0681 117 121 120
-9.5247 -5.7680 0.0136 45 45 45
-10.1557 -5.5248 -3.6643 168 123 118
-10.2981 -5.5163 -0.3468 111 110 106
-9.3024 -5.8881 2.1262 151 142 127
-9.2408 -5.6083 -0.3947 119 125 121
-10.0004 -5.5674 -3.5912 153 152 147
-10.3603 -5.5173 -0.3056 179 180 175
-10.2916 -5.5670 -0.3063 80 78 63
-9.4352 -5.7866 0.1920 139 141 140
-10.1252 -5.5415 -0.2872 126 131 125
-9.6371 -5.8668 2.0358 152 141 121
-9.8896 -5.8362 0.1750 20 25 21
-10.2976 -5.5652 -0.2748 161 158 143
-9.9301 -5.6363 -3.4715 136 125 123
-10.0019 -5.9091 2.0152 166 155 135
-9.2798 -5.6258 -3.5405 60 52 49
-10.3864 -5.8829 1.9219 158 143 124
-9.0550 -5.7007 1.8880 202 202 200
-9.9649 -5.5971 -3.3521 22 21 19
-9.4600 -5.8590 0.1025 33 35 34
-10.0246 -5.6516 -3.3873 70 72 67
-9.9783 -5.5995 -3.2828 39 40 35
-10.0390 -5.6295 -3.2867 86 91 85
-9.9951 -5.5950 -3.2058 48 49 44
-10.1677 -5.6565 -3.1302 116 117 112
-9.6302 -5.7735 1.0464 204 205 207
-9.9876 -5.9047 1.0841 180 182 177
-9.1940 -5.7610 1.0311 67 69 66
-10.0175 -5.8914 1.0436 198 198 196
-9.1194 -5.6020 -0.4820 160 159 154
-10.0058 -5.6280 -3.0632 88 59 51
-9.3079 -5.8691 2.2947 155 142 123
-10.1893 -5.5618 -0.2645 216 218 217
-9.0533 -5.6959 2.1009 76 76 74
-10.0814 -6.0065 2.2245 106 93 77
-10.0988 -5.9197 2.1595 169 156 139
-9.7300 -5.8186 -0.3770 116 121 115
-10.3351 -5.9003 2.0191 119 104 85
-10.2578 -5.4928 -0.2389 144 145 137
-9.3031 -5.8732 2.1887 84 73 55
-10.2789 -5.8870 2.0903 176 160 144
-9.5509 -5.7781 -0.0245 250 250 248
-9.8425 -5.8949 2.1070 110 93 73
-10.0523 -5.8997 2.1039 105 92 73
-9.1359 -5.7469 -0.1241 90 92 87
-9.2388 -5.7621 0.3537 85 111 82
-9.8616 -5.6397 -2.9923 49 28 25
-10.1047 -5.7152 -3.0432 21 17 16
-9.0955 -5.6583 1.7471 43 42 40
-10.0122 -5.7326 -2.8095 75 73 74
-9.2496 -5.7521 -0.0321 69 73 56
-9.9502 -5.9200 2.1968 92 80 58
-9.3991 -5.8985 2.1000 152 143 128
-9.5375 -5.8177 -0.2302 66 71 67
-9.2751 -5.8546 2.0878 152 139 120
-9.4691 -5.8638 -0.0601 134 138 137
-9.9280 -5.6879 -3.5520 144 126 124
-9.5424 -5.8232 -0.0322 250 250 248
-10.0207 -5.6233 -3.4011 155 156 150
-10.0881 -5.5910 -0.0812 142 144 139
-9.9603 -5.6404 -3.4193 49 48 46
-10.0692 -5.6718 -0.0062 41 41 33
-9.4942 -5.8353 0.0058 194 196 195
-9.9047 -5.6869 -3.4685 129 128 124
-9.4623 -5.8379 0.0066 144 148 149
-10.0244 -5.6354 -3.3337 104 106 101
-9.8947 -5.8157 0.0554 20 22 19
-9.2466 -5.7075 -3.5886 123 115 112
-10.2643 -5.5750 -0.1213 153 153 141
-10.0091 -5.6162 -3.1968 53 58 52
-10.2496 -5.6141 0.1386 147 136 106
-9.2081 -5.7028 -0.2105 163 170 154
-10.2828 -5.6596 0.2336 61 61 61
-9.8952 -5.9008 0.2872 174 179 175
-10.3286 -5.9298 0.3669 170 170 168
-10.1386 -5.5168 -0.2298 205 207 204
-10.3137 -5.6071 -0.2453 98 94 83
-9.2014 -5.7677 0.4682 143 144 138
-9.1974 -5.7429 0.4864 100 100 98
-9.2023 -5.7309 -0.3408 31 34 27
-10.1265 -5.5658 -0.2940 126 131 125
-9.1925 -5.8060 0.7043 236 238 235
-10.3996 -5.8726 0.7037 69 71 68
-10.2931 -5.5570 -0.3100 87 85 70
-10.2869 -5.8592 0.8465 53 57 58
-10.2220 -5.5159 -0.4041 233 233 231
-10.3250 -5.8643 0.8784 138 142 145
-10.3120 -5.8523 0.8754 131 135 138
-9.9947 -5.9677 1.4449 125 127 124
-9.2095 -5.6888 -0.3997 151 160 159
-9.9853 -5.9704 1.3740 53 53 53
-10.3053 -5.7984 0.9021 15 16 20
-10.1536 -5.9255 1.3027 160 78 82
-10.2224 -5.9392 1.2829 147 79 78
-10.3285 -5.8617 1.1062 92 94 93
-9.1830 -5.8565 1.0363 103 105 102
-10.0637 -5.6199 -0.0648 168 170 167
-10.3453 -5.5734 -0.0620 182 181 177
-9.9649 -5.6737 -3.6302 23 25 20
-10.2166 -5.9015 0.8149 134 90 87
-10.2128 -5.8572 0.7731 111 85 84
-10.1637 -5.6601 -0.0228 195 201 201
-10.3434 -5.5148 -3.1769 135 124 122
-10.0150 -5.8254 -2.1806 16 17 12
-10.1665 -5.8425 2.0153 154 141 124
-10.1655 -5.5932 -3.1862 112 82 54
-9.9692 -5.7833 0.1830 145 145 135
-9.5467 -5.8580 1.2801 38 40 39
-9.1898 -5.6499 -0.4365 136 147 143
-9.6754 -5.8086 -0.4587 151 153 148
-9.0701 -5.7164 1.8421 112 108 99
-9.1235 -5.7377 1.9348 143 134 117
-9.8651 -5.6294 -3.1884 18 18 26
-10.0797 -5.9340 2.1820 104 88 72
-10.3259 -5.8077 0.6708 170 170 170
-10.1898 -5.5565 -0.0428 94 98 97
-9.3733 -5.8484 2.2540 175 162 143
-9.2792 -5.6777 -3.6790 35 32 25
-9.9903 -5.6273 -3.4392 50 52 47
-9.9279 -5.6766 -3.5264 138 112 111
-9.4470 -5.8886 0.4255 39 41 36
-9.9055 -5.6709 -3.4187 107 108 110
-10.3261 -5.7027 0.3656 206 188 174
-9.9760 -5.6222 -3.3188 55 56 51
-10.0253 -5.5711 -3.2207 104 106 101
-9.3337 -5.6361 -3.3881 142 137 133
-9.9952 -5.6099 -3.1581 162 159 150
-9.9124 -5.7937 0.2549 174 178 177
-10.2891 -5.8271 0.2495 160 162 157
-10.3271 -5.8099 0.2455 46 41 38
-10.2971 -5.7819 0.2248 61 61 61
-9.4305 -5.8102 0.2012 139 141 140
-10.0777 -5.7647 -2.1293 16 17 12
-10.2194 -5.5136 -0.4074 254 254 252
-9.9014 -5.7862 0.1343 155 160 156
-9.4896 -5.8068 0.1181 175 179 178
-9.4989 -5.6961 0.0197 171 175 176
-9.5189 -5.8028 0.0256 48 48 48
-9.6525 -5.9252 2.0794 162 148 122
-10.0632 -5.7564 -0.0117 43 42 37
-10.1394 -5.5598 -0.2382 205 207 204
-10.3181 -5.5917 -0.1766 167 165 152
-9.9956 -5.8904 1.4206 125 127 124
-10.2166 -5.8727 1.2541 147 79 78
-10.3171 -5.8872 1.2248 117 119 118
-10.3203 -5.8618 1.0781 173 175 172
-9.6161 -5.7625 0.9764 111 109 110
-9.8926 -5.9382 1.0004 166 165 160
-10.2798 -5.8398 0.8412 73 77 76
-10.3219 -5.5683 -0.0733 75 70 66
-10.2930 -5.8083 0.7529 190 196 196
-9.9985 -5.6203 -3.6529 149 121 118
-10.4021 -5.8907 0.7028 69 71 68
-10.2002 -5.8556 2.0601 112 97 76
-10.0838 -5.8764 2.1964 118 102 86
-10.0001 -5.6929 -3.1566 117 82 76
-9.7898 -5.7606 -3.1820 78 74 71
-10.0943 -5.7198 0.0951 39 38 36
-9.4402 -5.7536 -0.4338 118 120 115
-9.7449 -5.8153 -0.4584 121 126 120
-9.9056 -5.5649 -0.4186 101 108 101
-9.9889 -5.7542 -2.7180 81 80 76
-10.0031 -5.7888 -2.1780 85 71 68
-9.6548 -5.7440 -1.7560 20 19 15
-10.3182 -5.5055 -0.4954 25 25 25
-9.8454 -5.8788 2.0102 151 141 116
-9.9026 -5.9366 1.2617 106 105 100
-10.1526 -5.5106 -3.6382 162 123 118
-9.2094 -5.5985 -3.7886 137 127 118
-9.1544 -5.7509 -0.1994 121 137 124
-10.1351 -5.8896 0.6277 107 109 104
-9.4528 -5.7682 -0.2985 101 103 98
-9.5300 -5.8672 -0.0275 202 202 202
-9.4905 -5.6725 -0.3052 51 52 47
-9.4928 -5.7173 -0.3679 37 39 34
-10.0109 -5.6609 -2.8284 27 28 30
-9.4814 -5.7987 0.0277 174 178 177
-9.8905 -5.8258 0.0405 32 32 32
-9.2343 -5.6516 -0.1180 96 99 88
-10.2561 -5.4659 -0.1265 179 177 162
-10.1302 -5.5986 -0.3082 119 124 118
-10.2949 -5.6283 -0.2457 199 193 179
-10.0941 -5.5121 -3.7148 89 24 28
-9.9793 -5.6182 -3.5324 140 147 140
-9.2810 -5.6796 -3.6986 44 39 33
-10.2169 -5.8885 1.2634 153 75 75
-10.2663 -5.9191 1.2408 45 47 44
-9.5955 -5.6919 1.1532 31 33 32
-10.3179 -5.8466 1.1546 174 176 173
-9.1661 -5.8679 1.0588 87 89 84
-10.0118 -5.9506 1.0576 196 196 194
-10.1381 -5.8904 1.0219 159 94 92
-10.3199 -5.8980 0.9768 75 76 80
-10.3202 -5.9005 0.8864 131 135 138
-9.3062 -5.6038 -3.5046 69 66 61
-10.2524 -5.8401 0.7223 144 144 136
-9.9063 -5.6730 -3.4167 107 108 110
-9.4226 -5.7654 0.4796 197 199 198
-9.4318 -5.8004 0.4225 41 41 43
-9.4551 -5.8551 0.4278 39 41 36
-10.3103 -5.8123 0.3794 174 173 171
-10.3287 -5.8289 0.3808 165 163 164
-9.9129 -5.7869 0.2573 174 178 177
-9.4626 -5.8256 0.1637 38 40 37
-10.0076 -5.7125 -2.8226 79 79 77
-9.2222 -5.6354 0.2165 31 33 30
-9.9386 -5.9765 2.2430 96 83 64
-10.0775 -5.8678 2.1522 118 101 85
-9.6718 -5.7913 -0.4405 144 146 141
-10.1197 -5.5399 -3.9751 82 57 52
-10.1580 -5.5385 -3.9305 134 120 117
-10.1402 -5.5913 -3.9443 103 42 50
-10.0889 -5.7318 -2.1357 83 69 66
-10.0691 -5.7696 -2.1157 16 15 13
-10.0955 -5.5222 -0.1777 46 51 45
-9.6624 -5.6891 -1.7105 20 19 15
-9.6304 -5.7868 -1.7143 76 73 68
-10.0943 -5.7142 0.0978 39 38 36
-9.7578 -5.9202 2.2453 117 99 77
-9.8459 -5.8339 2.1736 173 162 142
-10.1740 -5.4667 -0.2354 220 222 219
-9.5161 -5.8407 -0.2242 59 61 58
-9.8937 -5.9101 2.1968 126 109 89
-9.2155 -5.7386 0.7029 188 190 187
-10.1373 -5.9175 2.0160 161 150 130
-10.0592 -5.7445 -3.0238 48 46 47
-9.4620 -5.7341 -0.2756 103 105 100
-9.1275 -5.8444 -0.0987 29 30 25
-9.9020 -5.8554 0.9623 184 184 184
-9.9158 -5.8787 0.1392 60 62 59
-9.2308 -5.6035 -0.3894 155 167 165
-10.2254 -5.5995 -0.0545 90 92 87
-10.0953 -5.5514 -3.7912 89 24 28
-9.9868 -5.5976 -3.5861 111 77 76
-9.9397 -5.6950 -3.6550 134 133 131
-9.5560 -5.8459 1.3664 130 132 131
-9.5801 -5.8064 1.2682 208 210 209
-9.9961 -6.0113 1.3340 142 143 138
-9.5506 -5.8335 1.2397 36 38 37
-9.3058 -5.6584 -3.6366 116 109 103
-10.1002 -5.8509 0.9414 124 125 120
-9.9784 -5.6466 -3.3678 39 40 35
-9.9015 -5.7089 -3.4772 99 99 101
-9.2037 -5.7573 0.4668 140 141 135
-9.4262 -5.7561 0.4625 210 210 212
-10.3067 -5.7910 0.3809 172 171 169
-9.2120 -5.6945 -0.3231 131 133 128
-10.2958 -5.8617 0.3135 26 27 22
-9.4404 -5.7328 0.2354 148 150 149
-9.8809 -5.7748 0.1944 102 103 98
-10.2683 -5.5509 -0.1576 176 173 158
-9.9455 -5.9543 2.1254 167 155 139
-10.1536 -5.5394 -3.6915 150 121 115
-9.9412 -5.6726 -3.7318 27 24 19
-9.1888 -5.8884 -0.0181 88 104 59
-10.2017 -5.7871 0.7818 115 71 68
-9.2550 -5.8571 2.1761 87 79 60
-9.8592 -5.7231 -3.2773 55 53 67
-10.0901 -5.7479 -2.1478 83 69 66
-9.8987 -5.8818 2.1878 118 101 81
-10.1666 -5.6810 -3.1707 119 115 116
-10.1676 -5.6879 -3.3125 109 84 64
-10.2717 -5.4575 -3.6890 124 112 100
-9.6658 -5.7169 -1.7222 26 25 23
-9.6761 -5.7474 -0.4218 144 146 141
-10.1430 -5.5279 -0.2078 190 192 189
-10.0964 -5.5398 -3.7549 108 52 53
-9.6236 -5.7485 1.0480 210 210 210
-10.1376 -5.8775 1.0615 176 97 93
-9.9970 -5.8833 1.0428 190 192 191
-9.2562 -5.9932 2.3951 106 95 77
-9.2953 -5.6839 -3.6783 113 106 100
-9.9032 -5.6594 -3.3999 99 99 101
-10.0082 -5.8280 0.2915 181 186 182
-9.4373 -5.7446 0.2533 191 193 192
-9.8800 -5.7940 0.2015 106 107 102
-9.5085 -5.6124 0.1505 36 38 37
-10.2209 -5.6242 0.1521 73 77 60
-9.9336 -5.9924 2.2755 111 96 77
-10.2264 -5.9127 2.0409 183 175 156
-9.2336 -5.6779 0.7339 61 65 64
-10.0253 -5.6704 -3.1853 154 157 150
-9.7885 -5.8217 -0.0628 110 112 107
-9.8586 -5.7521 -3.3142 55 53 67
-9.8709 -5.5330 -2.9871 55 53 67
-10.1890 -5.5489 -3.7854 147 119 115
-10.0776 -5.8364 -1.5441 27 28 32
-9.7929 -5.7414 -3.0379 46 30 30
-10.0543 -5.5822 -3.2709 116 103 97
-9.7505 -5.7251 -0.4121 96 101 95
-10.2637 -5.7094 -1.7826 68 71 76
-9.9020 -5.5308 -0.3748 107 114 107
-9.7014 -5.9633 2.3163 112 101 83
-12.4027 -5.3651 2.3126 185 172 155
-13.0866 -4.5716 0.6541 14 7 1
-13.3968 -4.8877 0.6052 104 99 95
-12.3092 -5.0536 -0.2049 37 39 38
-12.0592 -5.2589 0.3358 35 31 28
-12.7516 -4.5823 0.3538 205 201 202
-13.3116 -4.8774 0.3892 205 201 202
-12.8569 -4.4542 -0.1511 172 173 141
-12.3277 -5.1185 2.0067 55 47 28
-12.2846 -5.0916 0.2075 23 25 22
-12.6092 -4.7747 0.0631 183 185 184
-12.7172 -4.7497 -0.0640 150 150 142
-12.5720 -4.7669 -0.0588 27 27 27
-12.7465 -4.3694 0.0177 197 194 189
-12.3654 -5.1665 -0.0135 29 31 30
-12.9545 -4.8283 -0.0140 185 187 186
-12.2860 -5.2967 1.9932 123 119 107
-12.4843 -4.6484 -3.9943 22 28 26
-12.5010 -4.6464 -3.9782 16 10 14
-12.5815 -4.5704 -3.9723 117 75 85
-11.9448 -5.2072 1.7096 150 143 125
-12.5702 -4.6630 -3.9856 11 12 7
-12.7577 -4.5253 -3.9396 117 117 119
-12.6864 -4.4895 -3.7263 115 115 113
-12.5617 -4.6260 -3.6422 55 35 28
-11.6577 -4.9816 1.1203 172 174 173
-12.4950 -4.3050 -0.7188 249 248 246
-13.1724 -4.7679 1.3382 146 95 94
-11.7137 -5.0346 -0.6140 163 162 158
-13.4771 -5.1817 1.2375 197 196 194
-13.2250 -5.0329 1.1060 187 189 188
-13.0785 -4.8954 1.0398 189 189 189
-12.5392 -4.2821 -0.5289 185 186 178
-12.2825 -4.3029 -0.4498 199 201 196
-11.9305 -5.1119 -0.4161 131 134 117
-12.1931 -5.3188 1.9939 79 67 53
-12.0252 -4.8363 -0.5511 28 30 27
-12.4546 -5.1190 2.2005 206 193 176
-12.3821 -5.2974 2.2294 164 153 131
-12.9945 -4.6799 0.5504 104 99 95
-13.2582 -4.8678 0.4417 144 145 139
-12.2282 -5.0142 1.9056 151 142 127
-12.2746 -5.1446 1.9267 180 169 149
-12.0139 -5.2727 1.7886 142 139 120
-12.3949 -4.6248 -0.0786 176 178 173
-12.2966 -5.2442 2.0030 160 146 133
-12.6958 -4.6921 -3.3981 98 93 90
-12.8092 -4.6627 -2.6853 12 9 4
-12.3413 -4.3587 -0.8194 115 111 108
-12.4091 -4.8539 -0.5881 159 161 158
-12.5897 -4.6834 -3.3092 29 20 15
-12.4832 -5.1572 2.2371 184 171 154
-12.5894 -4.9835 2.1412 89 73 47
-12.4412 -5.1780 2.2569 166 160 144
-12.9327 -4.4703 -0.0706 104 98 74
-13.0413 -5.3342 2.6379 148 135 116
-12.0047 -5.1660 -3.7105 107 106 102
-12.5799 -4.6508 -3.9235 37 27 26
-12.3498 -5.2924 2.2184 186 177 160
-12.5491 -4.8113 -3.9002 15 10 16
-12.5179 -4.7932 -3.6120 68 37 34
-12.9714 -4.7550 -2.0711 8 6 9
-12.2936 -5.3082 2.1071 56 48 35
-12.0259 -4.6132 -0.7299 145 144 140
-12.1387 -4.4739 -0.6264 123 124 119
-12.7968 -4.9080 -0.0262 17 17 17
-11.7152 -5.0364 -0.6095 174 173 169
-11.8038 -5.0360 -0.5819 120 126 126
-12.3775 -5.3290 2.0775 160 146 133
-12.6029 -5.0479 2.0828 181 169 157
-12.2698 -5.0427 1.8636 139 131 112
-12.0105 -5.2684 1.7907 142 139 120
-12.2063 -4.9778 -0.5809 31 33 30
-12.2914 -4.3077 -0.4536 199 201 196
-11.8555 -5.0354 -0.4511 45 51 41
-11.8136 -5.0368 -0.4113 60 83 67
-11.9088 -5.1831 1.6619 141 134 118
-11.8147 -5.0422 -0.3481 157 173 160
-13.3413 -5.0776 1.6338 146 146 144
-11.9260 -5.0979 -0.3260 118 119 113
-12.5822 -4.5048 -0.3309 135 135 133
-11.9364 -5.1063 -0.2737 130 130 122
-12.0945 -5.2317 -0.2182 90 92 78
-12.0697 -5.2540 0.5111 118 120 119
-13.2386 -4.8056 0.5842 104 99 95
-13.0077 -4.7000 0.5222 116 112 109
-12.0468 -5.2355 0.3748 117 118 113
-13.0225 -4.7291 0.4272 43 39 38
-12.9636 -4.6942 0.3684 205 201 202
-12.4390 -5.2357 -0.1301 22 24 23
-12.1719 -4.9825 -0.0937 25 27 26
-12.1765 -5.0463 0.1992 72 72 74
-12.5631 -4.7247 -0.0523 45 49 48
-12.5173 -4.6282 -0.0379 150 150 142
-12.6323 -4.7861 0.0061 42 44 43
-13.0061 -4.8604 -0.0114 179 183 184
-12.5657 -4.7469 -0.0229 180 182 181
-12.4665 -4.6896 -3.9208 125 128 119
-12.4633 -4.6425 -3.9823 35 31 30
-12.3072 -4.8944 -2.0134 11 10 8
-12.5430 -5.0873 2.1398 174 165 148
-11.8664 -5.1588 1.6755 168 155 138
-12.4543 -5.0849 2.1913 88 75 59
-12.7176 -4.8504 -0.1791 21 25 24
-12.3489 -5.1589 -0.1770 163 164 166
-12.8811 -4.9558 -0.1326 175 177 176
-12.3836 -4.6469 -0.0731 108 108 108
-12.4299 -4.5618 -3.8535 32 32 30
-12.4614 -4.6100 -3.9411 40 42 37
-12.0494 -5.1375 -3.9142 110 111 105
-12.5119 -4.5957 -3.5881 111 40 44
-12.5267 -4.7251 -3.5440 40 39 45
-12.9628 -4.8502 -2.9314 6 5 1
-11.7459 -5.0612 -0.6714 51 47 44
-12.3678 -4.2544 -0.6540 247 247 245
-12.1388 -4.4751 -0.6218 104 105 100
-11.7697 -4.9942 -0.5644 106 112 112
-11.6889 -5.0115 1.3909 134 130 121
-12.5500 -4.7046 1.1284 58 54 53
-11.9319 -5.1097 -0.4242 97 99 86
-12.0475 -5.2278 0.8598 76 78 77
-13.2318 -4.9900 1.1252 175 171 170
-13.3988 -5.0830 1.1428 189 189 189
-12.0053 -5.1709 0.7785 132 137 131
-13.0077 -4.7416 0.9156 132 132 130
-11.8322 -5.0608 -0.3601 132 150 136
-12.0571 -5.2387 0.5093 118 120 119
-12.5944 -4.5110 -0.3289 137 137 135
-11.8923 -5.1554 -0.2854 113 113 111
-12.6404 -4.5770 -0.2717 26 21 15
-12.0420 -5.1978 -0.2285 101 108 75
-12.5371 -4.7476 0.0433 106 108 107
-12.6059 -4.6257 0.0252 179 183 184
-12.0899 -5.2819 2.0612 59 47 33
-11.8947 -5.1738 1.6940 83 75 56
-12.3746 -5.1640 2.0703 71 63 44
-12.3764 -4.2812 -0.2872 145 149 148
-11.8416 -5.0989 -0.3356 113 123 115
-12.4222 -4.2941 -0.3544 184 186 183
-12.7365 -4.7155 -3.4708 85 81 80
-12.2921 -4.8822 -1.9933 11 10 8
-12.5290 -4.8773 -3.7096 85 81 80
-11.6566 -4.9954 1.3125 78 76 77
-12.6238 -4.8965 2.0493 176 167 150
-12.4490 -4.5619 -3.8291 130 132 127
-12.3399 -5.3161 2.2184 71 58 39
-12.5319 -4.3218 -0.3524 53 53 51
-12.7027 -4.7217 -3.3126 84 76 73
-12.9085 -4.7267 -2.1140 23 23 31
-12.4373 -4.5947 -3.8882 37 39 34
-12.1994 -4.4999 1.7067 148 131 115
-12.5444 -4.5495 -3.9210 120 75 82
-12.5186 -4.5741 -3.8718 119 119 117
-12.5461 -4.5738 -3.8450 45 45 43
-12.5168 -4.6131 -3.7440 161 164 155
-12.6886 -4.6514 -3.5314 29 19 17
-12.8455 -4.6875 -2.7465 6 1 0
-12.3169 -5.1296 1.9444 175 167 148
-12.2702 -4.8632 -1.9657 11 10 8
-11.7561 -5.0695 -0.6656 34 33 29
-12.4574 -5.0557 1.9803 168 156 140
-12.2547 -4.7968 -0.6571 165 170 164
-11.6543 -4.9811 1.1527 162 164 163
-12.2406 -4.2770 -0.4492 215 217 212
-13.1514 -4.9445 1.1025 204 200 199
-13.2065 -4.7000 1.0712 44 14 14
-11.8978 -5.0729 -0.4076 125 128 111
-12.0809 -5.2667 0.5247 103 105 104
-12.4652 -4.3128 -0.3645 184 186 183
-11.8255 -5.0535 -0.3547 157 173 160
-12.7210 -4.4714 -0.3445 71 77 75
-12.2227 -5.0912 0.2133 32 32 32
-11.9554 -5.1299 -0.2763 96 96 88
-12.4012 -4.6392 0.0859 186 188 185
-12.1039 -5.2448 -0.1995 101 105 80
-12.5205 -4.6944 -0.0528 28 32 31
-12.3330 -5.0950 -0.0707 67 69 68
-12.5990 -4.9267 -3.8342 90 85 81
-12.5575 -5.0584 2.1107 58 45 29
-12.2633 -5.0363 -0.0106 148 152 151
-12.3599 -5.3081 2.2224 145 134 114
-12.1189 -4.9498 -0.5565 40 42 39
-12.0532 -5.2052 -0.0969 127 137 103
-12.8291 -4.6716 -2.0476 26 27 32
-12.0669 -5.2329 1.8433 141 132 115
-11.8610 -5.0630 -0.3807 96 104 93
-12.0983 -5.2033 1.8269 146 137 120
-12.6835 -4.6159 -0.1876 145 144 139
-12.5037 -4.6244 -3.9941 155 155 155
-12.6937 -4.4572 -0.3282 64 70 68
-12.0412 -5.2027 -3.8977 44 35 36
-12.5913 -4.6400 -3.8703 29 31 26
-12.0989 -5.1742 -3.7607 122 124 119
-12.5073 -5.1956 1.2103 82 84 81
-13.1397 -4.9520 1.3297 119 116 111
-12.1670 -4.7916 0.8153 209 210 212
-13.4516 -4.8228 1.1760 24 20 17
-11.7620 -5.0727 -0.6460 34 34 32
-12.0338 -5.2167 0.3697 91 92 87
-12.2739 -5.1623 0.3168 198 200 199
-12.0369 -5.2491 0.2808 76 77 71
-11.8442 -5.0373 -0.4694 156 162 158
-12.1853 -4.9928 0.1326 199 201 200
-11.8609 -5.0439 -0.4514 53 58 51
-12.5799 -4.7701 0.1175 44 45 40
-11.8531 -5.0928 -0.4127 96 125 107
-12.5479 -4.7115 -0.0571 28 32 31
-11.8085 -5.0612 -0.3658 40 46 42
-12.0988 -5.2402 -0.1903 101 105 80
-12.1303 -5.3354 2.1154 58 45 29
-12.1714 -5.3448 2.0191 81 72 55
-12.5351 -4.7981 -3.8432 80 75 79
-12.8335 -4.9125 2.2837 73 56 38
-12.5557 -4.8793 -0.2686 96 98 95
-12.1111 -4.9621 -0.4484 89 94 90
-12.0655 -4.6377 -1.2253 16 15 13
-12.0547 -4.8946 -0.4855 81 86 80
-12.0889 -4.9237 -0.5281 40 42 39
-12.5212 -4.5590 -3.7847 76 76 74
-11.8529 -4.6923 -0.6720 114 115 110
-11.6482 -4.9595 1.4651 202 197 193
-12.5299 -4.4652 -0.5752 96 96 94
-12.2256 -4.7020 -0.6176 108 114 110
-11.9243 -4.8296 -0.6189 116 118 113
-12.5123 -4.7855 -3.5794 62 27 25
-12.5488 -4.5483 -3.3971 69 68 66
-12.6380 -4.6384 -3.4673 93 93 91
-12.2512 -5.0475 1.9742 111 100 82
-12.2045 -5.2920 2.0527 84 68 53
-12.1017 -5.3171 1.9773 164 155 138
-12.7094 -4.5148 -0.3117 41 43 40
-12.2372 -4.8481 -1.8690 88 85 80
-12.1531 -4.5351 1.7074 187 175 159
-11.9159 -4.8212 -0.5327 32 36 35
-12.1483 -5.3575 2.1428 58 45 29
-12.1739 -4.5050 -0.6262 106 108 103
-12.2325 -5.0239 -0.7057 99 106 98
-11.8783 -4.7829 -0.5873 116 118 113
-11.8879 -4.7925 -0.5159 32 36 35
-12.6488 -5.0945 2.2046 113 103 101
-12.0237 -5.1730 1.8364 81 72 55
-13.0516 -5.0395 1.4944 99 99 99
-12.1112 -4.8082 1.0537 192 194 191
-12.9814 -5.6153 1.4665 90 92 91
-12.4479 -5.1303 1.1749 90 92 91
-12.1103 -4.8001 0.9403 23 23 23
-13.0045 -5.0129 1.2944 115 112 105
-12.5771 -4.4010 0.8837 24 20 17
-12.1698 -4.7951 0.8235 209 210 212
-12.9483 -4.5403 0.6341 44 36 33
-11.9740 -5.1640 -0.4235 123 125 111
-11.9772 -5.1601 0.2782 131 131 119
-12.0132 -5.1764 0.2813 36 41 35
-12.2204 -5.4038 0.2044 61 85 53
-12.2255 -5.0974 0.1537 198 202 203
-12.2108 -4.7720 -0.6295 171 176 170
-12.6626 -4.6683 0.0372 179 179 177
-12.2425 -5.0176 0.0003 142 146 145
-12.1255 -4.8830 -0.1341 34 35 37
-12.0107 -5.2237 -0.3462 143 144 136
-12.5934 -4.5654 -0.1705 145 144 139
-12.6469 -4.9470 -0.2881 96 98 95
-12.4717 -4.6938 -3.4583 42 42 50
-12.3740 -4.6841 -3.5407 25 25 35
-12.4194 -4.6385 -3.6683 138 142 141
-12.5042 -4.5863 -3.7218 53 58 54
-12.0805 -5.1863 -3.8767 137 142 138
-12.4112 -4.5896 -3.8094 55 55 53
-12.4401 -4.5743 -3.8315 42 42 42
-12.3847 -4.4993 -3.6890 147 148 142
-12.3363 -4.5236 -3.6781 161 163 158
-12.4244 -4.5581 -3.9078 158 149 154
-12.4480 -4.5430 -3.9234 98 40 39
-12.4031 -4.5582 -3.9357 142 142 142
-11.8705 -5.1404 -3.9239 47 45 33
-12.5329 -4.6004 -3.1836 90 88 91
-12.0125 -4.5965 -1.1930 59 58 54
-11.8766 -4.7166 -0.6700 67 69 64
-12.3770 -5.3591 2.2899 77 61 45
-12.3173 -5.1111 2.0418 111 100 82
-12.7276 -4.5528 0.4389 86 85 81
-12.1673 -4.8918 1.9084 127 113 100
-12.8499 -4.6739 -3.2670 86 78 76
-11.7973 -5.0125 -0.0027 103 102 100
-12.2479 -4.7947 -0.4725 127 132 126
-13.4489 -5.1813 1.1237 95 97 94
-12.3455 -4.5881 -3.5106 138 142 141
-12.5019 -4.9783 2.0626 44 36 34
-12.7754 -4.7112 -3.5928 36 18 18
-12.3170 -4.8953 -2.0301 19 18 16
-12.1566 -5.0329 -0.6526 114 119 113
-13.4764 -5.3158 1.7267 25 25 25
-13.4050 -5.1668 1.6079 40 40 42
-13.2409 -5.1636 1.4986 125 124 120
-13.3439 -5.1063 1.5194 39 38 36
-13.5635 -5.2249 1.2636 198 197 195
-12.7432 -4.7096 0.9344 185 186 188
-13.6084 -5.0010 1.1315 137 87 88
-12.1262 -5.3114 0.2726 36 41 35
-12.0267 -5.2379 -0.3738 143 146 137
-12.4299 -5.1220 -0.2554 246 248 245
-12.6674 -4.9602 -0.3038 129 131 128
-12.5732 -4.5387 -0.3384 156 158 155
-12.0611 -5.1661 -3.8354 141 143 140
-12.5148 -4.6329 -3.9292 28 28 26
-11.9862 -5.1320 -3.8444 56 51 47
-12.4445 -4.6445 -3.9557 147 147 145
-12.1954 -5.4116 2.1872 61 49 35
-11.8587 -4.6956 -0.6686 128 129 123
-12.0052 -4.5900 -1.1865 59 58 54
-12.3407 -5.1411 1.9682 161 153 132
-12.9426 -4.7245 -3.4093 86 78 76
-12.1190 -4.8828 -0.5174 88 94 92
-13.0165 -4.7020 0.4708 86 85 81
-12.7460 -4.6587 -3.7106 21 15 17
-12.2575 -4.8130 1.8393 123 110 94
-11.8501 -5.0804 -0.0149 55 54 52
-12.6108 -4.6298 -0.2053 50 47 42
-12.5757 -4.6116 -3.9497 94 96 95
-12.5315 -4.5712 -0.3369 98 98 90
-12.7150 -4.8606 0.1296 41 42 37
-12.4693 -5.3684 2.3404 81 67 56
-12.6022 -4.6825 -3.7570 141 141 133
-12.3863 -5.2938 2.2928 115 102 83
-12.3062 -5.1545 2.1719 110 98 82
-12.2600 -5.2558 2.0188 94 79 60
-12.1376 -5.2016 1.8802 150 138 116
-12.5365 -5.1313 2.0813 165 152 135
-13.4330 -5.2082 1.7932 40 42 41
-12.1055 -5.3139 0.2823 143 140 131
-12.1856 -5.0407 0.2391 34 34 34
-12.6217 -4.6957 -0.0169 119 117 105
-12.1408 -4.7227 -0.7756 13 12 8
-12.3968 -4.3941 -0.8187 23 22 18
-12.1131 -4.6734 -1.2786 64 63 61
-12.2882 -4.8312 -1.8661 25 24 20
-12.6092 -4.9217 -3.8250 86 82 73
-12.0530 -5.2043 -3.7860 141 141 133
-11.6660 -5.4655 1.6015 151 141 131
-11.9007 -5.2734 -3.9320 62 38 26
-11.9353 -5.3093 0.8935 108 108 108
-10.9532 -5.2843 0.6743 96 98 97
-11.1437 -5.4089 1.4911 73 60 41
-11.4631 -5.5581 -0.5031 132 132 134
-11.4654 -5.4715 -0.4668 143 144 146
-11.4511 -5.4569 1.3973 157 145 129
-11.1535 -5.6982 1.4406 175 164 146
-11.2510 -5.3669 1.2873 124 120 111
-11.8741 -5.3577 0.7958 59 58 56
-11.7796 -5.3192 1.6604 201 188 180
-11.4075 -5.3931 -0.9122 29 28 26
-10.9184 -5.1155 0.8964 139 134 131
-10.9200 -5.1733 1.0095 128 128 128
-10.9501 -5.2725 1.1993 175 175 177
-11.9414 -5.2408 1.6640 96 88 77
-11.1038 -5.3767 -0.8328 119 124 120
-11.0438 -5.3764 -0.7145 30 32 27
-11.4237 -5.4420 -0.9085 111 112 104
-10.8977 -5.0776 0.8977 65 65 67
-11.8115 -5.3635 1.6799 95 81 68
-11.7501 -5.2104 -0.4344 17 19 14
-11.8220 -5.3851 1.6473 191 176 157
-11.1252 -5.2239 1.2226 179 168 150
-11.1340 -5.4140 -0.5415 50 49 44
-11.0390 -4.2375 0.6408 116 97 83
-11.6185 -5.4911 1.5533 175 166 149
-11.1518 -5.4919 -0.7054 84 94 59
-11.4963 -5.3364 0.4412 99 101 98
-10.9556 -5.2937 1.2850 91 93 92
-11.2847 -5.4535 1.4050 128 120 109
-11.8114 -5.0029 -0.6035 68 72 71
-11.1742 -5.1894 1.2414 73 63 54
-11.6445 -5.4458 1.6392 175 164 146
-11.8226 -5.3860 1.6683 193 178 159
-11.7820 -5.3930 1.5391 197 181 166
-10.9031 -4.7251 0.8871 62 56 32
-11.3996 -5.5093 -0.3052 118 118 116
-10.9356 -5.2344 1.0667 195 195 195
-11.2688 -5.1903 -0.9981 118 111 103
-12.0827 -5.2363 0.4358 41 36 33
-11.7939 -5.2685 -0.3562 78 79 81
-11.3098 -5.3618 1.4424 74 61 44
-11.0500 -5.3853 -0.6832 26 31 24
-11.1241 -5.4266 -0.6903 165 170 150
-11.1193 -5.4294 -0.6904 71 77 67
-11.3958 -5.5998 1.5112 64 53 35
-11.3770 -5.4588 -0.1265 41 43 42
-11.0708 -5.4547 -0.6811 138 143 137
-11.3656 -5.4723 -0.0095 202 204 201
-11.1763 -5.5406 -0.0087 116 117 111
-11.9938 -5.3153 1.4479 149 142 126
-11.7972 -5.0627 -0.4774 142 142 130
-11.9161 -5.3313 1.5299 109 93 78
-11.0919 -5.4502 -0.6645 152 173 156
-11.1310 -5.4445 -0.6602 101 109 86
-11.5107 -5.3818 0.4546 23 23 21
-11.4604 -5.5417 -0.4345 66 68 67
-12.0216 -5.2627 1.6219 153 137 121
-11.1343 -5.4399 -0.6496 84 90 64
-11.8122 -5.3159 -0.3202 54 60 60
-11.8815 -5.2517 -3.9999 50 55 48
-12.0985 -5.2622 0.5650 62 0 0
-10.9415 -5.2141 0.0623 98 99 93
-12.0015 -5.4048 0.5880 193 193 191
-10.9075 -5.0936 1.0337 68 68 68
-10.9325 -5.2161 1.0001 193 193 195
-10.9114 -5.1368 0.9045 145 147 146
-10.9239 -5.1886 0.9131 66 68 67
-11.0717 -5.4230 1.2222 77 60 44
-11.1732 -5.5195 -0.6297 61 61 53
-10.9171 -5.1442 0.7612 158 158 158
-10.9239 -5.1533 0.7971 108 110 109
-11.2941 -5.4815 1.6322 114 110 99
-10.9141 -4.8012 0.8742 88 82 68
-10.9528 -5.2411 1.2360 109 109 97
-12.0958 -5.2533 0.6905 87 20 27
-11.1434 -5.4442 -0.4469 162 161 156
-11.7008 -5.4235 1.6254 180 164 141
-12.1127 -5.2322 0.3588 26 16 15
-11.4405 -5.4446 1.6074 101 92 75
-11.3100 -5.3895 1.3382 150 141 126
-10.9422 -5.2543 1.1367 111 112 114
-11.0907 -5.4749 -0.6717 98 116 100
-11.6873 -5.3290 1.4265 98 90 71
-11.0868 -5.2654 1.3358 86 73 56
-11.6569 -5.3809 -0.9038 64 66 61
-11.1967 -5.5468 -0.0277 149 154 147
-12.0846 -5.2264 0.4679 164 122 123
-10.9502 -5.2480 1.0707 196 192 191
-11.7798 -5.3367 1.6307 120 107 88
-11.8634 -5.3371 1.6090 178 161 143
-10.9805 -5.3306 1.0401 109 97 81
-11.5011 -5.5298 1.5656 88 77 57
-10.9499 -5.2645 -0.0006 144 144 142
-11.1600 -5.4422 -0.0452 61 74 56
-11.8469 -5.2922 1.6193 161 143 121
-11.1763 -5.4667 0.4204 111 111 111
-11.3678 -5.5111 1.5569 115 102 83
-10.9783 -4.9646 0.9721 170 162 151
-10.9483 -5.2525 0.5490 97 99 96
-12.0826 -5.3347 -3.9977 67 62 59
-11.1726 -5.8509 1.7431 178 168 156
-11.3178 -5.4258 1.5000 178 167 145
-11.0689 -5.3613 -0.6874 70 91 74
-11.9414 -5.3038 1.5343 180 166 155
-10.8936 -4.1704 0.5379 81 66 47
-10.9860 -5.3617 -0.9231 121 118 111
-12.0912 -5.2041 1.4379 174 162 138
-12.0474 -5.2428 1.6359 116 97 83
-11.0488 -5.4708 1.3248 156 144 128
-11.6989 -5.4593 -0.9190 155 160 154
-11.5588 -5.4901 1.6499 83 67 51
-12.0533 -5.2250 0.1310 113 109 106
-11.1083 -5.4337 -0.3125 131 132 126
-11.7532 -5.4058 1.4652 81 72 55
-12.0156 -5.2346 1.4831 140 128 116
-11.8668 -5.4585 0.0461 73 69 68
-11.7815 -5.3995 1.4714 139 126 110
-11.6913 -5.3788 1.4821 172 159 140
-12.1055 -5.1958 0.3502 26 15 13
-11.8205 -5.3444 -3.7490 37 31 35
-11.9467 -5.2782 1.4762 104 86 62
-10.9009 -4.7597 0.8196 52 48 37
-10.9847 -4.9964 0.9700 120 116 107
-11.9179 -5.3579 -3.6044 51 31 30
-10.7794 -4.4377 0.5981 155 146 129
-11.3833 -5.5813 1.6708 81 68 49
-11.8163 -5.2144 -0.3586 186 187 181
-10.9653 -5.3309 0.5323 121 121 121
-11.3090 -5.5166 1.6611 114 110 99
-11.0988 -5.4644 -0.6662 157 175 161
-11.8040 -5.0343 -0.6359 170 171 173
-11.1639 -5.4885 -0.5689 128 128 118
-10.9504 -5.2942 1.1068 195 195 195
-11.2414 -5.3630 1.4912 50 43 33
-11.9369 -5.3171 1.5511 185 173 161
-11.0440 -5.1461 1.1371 160 152 133
-12.0570 -5.2679 0.4051 116 116 116
-11.4264 -5.4297 -0.8985 135 134 130
-10.9549 -5.3120 1.0900 128 128 128
-11.3926 -5.4052 -0.1036 69 71 70
-11.4968 -5.5299 -0.5238 63 65 60
-11.4588 -5.5405 -0.1301 69 71 70
-10.9569 -5.2989 1.2904 91 93 92
-10.9376 -5.2373 1.0148 193 193 195
-11.5193 -5.5632 -0.5197 42 43 45
-10.9038 -5.1018 0.9115 65 65 67
-10.9487 -5.2311 0.9619 141 133 131
-11.9685 -5.3677 0.4846 67 71 70
-11.6185 -5.3058 -0.9241 150 151 146
-10.9231 -5.1740 0.7027 132 134 133
-11.9576 -5.3123 -0.3373 186 188 185
-11.4752 -5.5728 -0.4484 66 68 67
-11.8116 -5.3230 -0.3463 178 183 186
-11.5295 -5.4170 0.4619 32 32 30
-10.9568 -5.2621 1.2409 124 122 110
-11.1983 -5.5678 0.2202 174 176 175
-11.9481 -5.3350 0.8173 25 25 23
-11.8916 -5.3803 0.7994 42 41 39
-10.9362 -5.2049 1.1027 87 87 87
-11.5323 -5.3732 0.4804 211 211 209
-11.0735 -5.4670 -0.6853 142 144 139
-11.0717 -5.4499 -0.7125 31 36 29
-11.4141 -5.4545 1.4051 165 158 140
-12.0998 -5.2525 0.6956 97 20 28
-11.1388 -5.6545 1.3453 166 151 132
-11.3382 -5.4612 1.5147 103 92 72
-11.1904 -5.5447 -0.0305 154 156 143
-11.8450 -5.4020 1.4868 164 149 128
-11.4258 -5.5067 1.5270 164 156 133
-11.5153 -5.3814 0.4663 194 196 193
-11.9993 -5.3226 1.4690 157 148 131
-10.9462 -5.2575 1.1930 175 175 177
-10.9598 -5.2660 1.1008 100 88 72
-11.7354 -5.3362 1.4706 98 84 71
-10.9589 -5.2479 0.9925 109 97 81
-11.4118 -5.3864 1.5396 170 158 142
-11.1867 -5.5595 -0.6481 61 61 53
-11.6254 -5.4195 1.4129 149 141 130
-11.6351 -5.4122 1.4078 140 128 114
-11.0738 -5.4020 -0.6115 13 20 12
-11.9652 -5.2557 1.5390 79 68 50
-11.7892 -5.0341 -0.6389 154 156 153
-10.9610 -5.3002 0.3629 132 132 130
-11.9399 -5.3446 1.5481 92 80 64
-11.4183 -5.4628 -0.5378 61 61 59
-11.8899 -5.3212 1.6117 68 55 39
-11.1926 -5.5726 0.0047 34 35 29
-11.3018 -5.4002 1.5215 81 68 49
-11.9323 -5.2843 1.4591 134 117 97
-11.8966 -5.2767 -3.9078 95 47 43
-11.3313 -5.4119 1.5300 74 59 38
-11.8097 -5.3449 1.6641 124 108 92
-10.9007 -4.7380 0.8210 170 162 151
-11.9460 -5.3204 0.7001 112 107 103
-11.8284 -5.0177 -0.5948 58 64 62
-11.1185 -5.6116 1.3159 166 154 130
-11.9972 -5.1596 -0.4811 16 8 5
-11.1885 -5.8096 1.4707 97 80 64
-11.4052 -5.4684 1.4490 161 150 132
-12.1134 -5.2242 0.4320 13 7 9
-11.9642 -5.2620 1.5032 176 167 152
-11.2918 -5.2350 -1.0366 118 111 103
-11.1663 -5.5094 -0.7365 107 110 91
-11.8414 -5.3426 1.6034 81 66 47
-10.8849 -4.7197 0.7850 44 41 36
-11.2286 -5.3431 1.2723 112 105 95
-11.5311 -5.4342 1.5421 84 72 58
-11.9076 -5.3644 1.5409 174 163 145
-11.6102 -5.4808 1.5148 176 167 150
-11.0083 -5.0361 1.1570 78 65 48
-11.8853 -5.3598 1.5240 141 127 114
-11.7070 -5.3983 1.4895 170 157 138
-11.8793 -5.3768 1.6518 151 138 122
-10.9367 -5.2334 0.6424 90 90 88
-11.6257 -5.5334 1.5661 79 70 53
-11.9984 -5.2352 1.6041 177 162 143
-11.5587 -5.3306 1.4715 91 84 66
-11.8140 -5.4105 1.5941 100 84 69
-10.9396 -5.2315 0.7965 158 158 158
-11.2032 -5.5464 0.4328 128 128 126
-11.7847 -4.9251 -0.8087 170 171 165
-11.4034 -5.5977 1.4882 149 140 125
-11.2421 -6.1529 1.7824 156 144 128
-11.0903 -5.4372 -0.7338 62 83 66
-11.5375 -5.4814 1.5088 120 106 93
-11.8778 -5.1257 -0.4515 72 67 61
-10.9943 -5.0159 1.0605 140 131 114
-10.8711 -4.6862 0.8864 160 147 130
-11.0197 -5.3891 1.2949 82 70 56
-10.9644 -4.9362 0.9310 120 116 107
-11.5309 -5.4436 1.4780 157 145 123
-11.1798 -5.7381 1.4293 73 64 49
-12.0768 -5.3272 -3.9921 54 49 46
-11.7711 -5.3495 1.4909 90 71 56
-10.8532 -4.1440 0.4977 100 84 69
-11.7918 -5.3876 1.5067 107 90 72
-12.0413 -5.4495 -2.8494 29 18 16
-11.0965 -5.5945 1.5595 175 171 159
-12.0808 -5.3603 -2.9222 15 14 9
-11.1480 -5.4667 -0.6179 138 140 129
-11.6806 -5.4823 1.4609 140 128 114
-10.9598 -4.9470 0.9358 51 45 33
-11.2871 -5.3465 1.4137 95 84 64
-11.0988 -5.4829 -0.6289 25 24 19
-11.1459 -5.2046 1.1571 170 162 139
-11.1030 -5.5054 -0.5811 112 113 108
-11.8317 -5.0781 -0.5706 38 33 29
-11.6967 -5.6000 1.5662 179 171 152
-11.7961 -5.3444 1.6597 95 81 68
-12.0486 -5.2776 0.0251 143 137 137
-11.2953 -5.3917 1.4864 161 153 134
-11.1825 -5.5440 0.0072 34 35 29
-11.8998 -5.2336 1.5179 110 101 86
-11.8026 -5.2707 -0.3303 179 184 178
-11.7869 -5.3317 1.6264 101 85 69
-11.4810 -5.5002 -0.5127 63 65 60
-10.8856 -4.9819 0.8019 40 39 37
-11.4120 -5.4484 -0.1169 69 71 70
-11.5078 -5.5410 -0.5101 42 43 45
-11.6390 -5.4422 1.4537 160 147 130
-11.4800 -5.6815 -0.3313 138 138 136
-11.3815 -5.5991 1.6125 89 78 58
-11.4977 -5.5421 -0.4817 194 195 197
-11.9553 -5.3011 -0.3176 17 19 18
-11.8024 -5.2993 -0.3205 36 42 42
-12.0157 -5.1980 1.5853 72 60 46
-10.9558 -5.2580 1.2341 124 122 110
-11.3998 -5.4259 1.3888 165 158 140
-11.1580 -5.7212 1.3920 166 151 132
-11.0435 -5.3621 1.1626 166 154 130
-11.8475 -5.0955 -0.5161 139 131 120
-11.7930 -5.0214 -0.6395 147 148 150
-11.1382 -5.4586 -0.6690 90 99 70
-11.8373 -5.4174 1.6835 176 164 142
-10.9368 -5.2201 1.1655 175 175 177
-11.0929 -5.3589 -0.6576 95 101 91
-11.1287 -5.4427 -0.6890 164 172 148
-11.7953 -5.4259 1.5923 81 68 52
-11.2000 -5.5593 -0.0204 142 145 138
-11.7890 -5.3749 1.5601 114 98 82
-11.1709 -5.5256 -0.7350 106 110 87
-11.4609 -5.5315 -0.5161 174 174 172
-11.6768 -5.4817 1.5738 86 76 67
-12.0575 -5.2700 0.4107 116 116 116
-11.8568 -5.1357 -0.4757 41 40 36
-10.9514 -4.8705 0.9474 163 155 136
-11.7454 -5.3636 1.5065 162 149 133
-11.7429 -5.3344 1.4889 189 173 157
-11.9409 -5.2925 1.5279 172 158 145
-11.9654 -5.3646 0.4867 67 71 70
-11.5145 -5.3477 0.4403 42 42 40
-11.1566 -5.4125 0.4199 83 83 83
-11.5021 -5.3763 0.4749 132 132 130
-11.1585 -5.4415 0.4520 112 112 110
-11.8683 -5.2366 -3.9670 43 48 41
-11.2198 -5.2920 1.2440 119 115 104
-11.7628 -5.2408 -0.3655 182 184 183
-10.9212 -5.1268 0.9087 141 133 131
-11.8955 -5.2509 1.4114 179 166 147
-11.6983 -5.2555 1.4059 70 52 38
-11.7966 -4.9807 -0.5790 70 74 73
-10.9625 -4.9613 1.0986 162 149 132
-11.8614 -5.1368 -0.4331 78 78 70
-11.2895 -5.3716 1.4095 173 165 142
-11.8644 -5.3043 1.5618 70 58 46
-11.5788 -7.0939 2.3888 141 130 110
-11.5777 -5.3898 1.4840 164 153 135
-11.7872 -5.3622 1.5364 103 85 71
-11.8075 -4.9995 -0.5670 176 180 179
-12.0345 -5.2007 -0.4953 34 24 25
-11.2130 -5.5966 0.1687 206 208 205
-11.9397 -5.2773 1.4956 84 67 49
-11.7874 -5.3727 1.5111 70 52 38
-11.4033 -5.4721 1.4534 165 157 138
-11.9382 -5.1832 1.5247 114 98 82
-11.8689 -5.3489 1.6134 162 145 125
-11.1559 -5.6192 -0.3559 136 138 133
-11.9776 -5.2110 1.5713 174 159 140
-11.2152 -5.5946 -0.0500 51 56 49
-11.9711 -5.2739 1.6984 96 88 77
-11.9402 -5.2688 1.5453 85 71 58
-11.1079 -5.5096 1.2913 97 85 71
-11.3976 -5.4339 1.4293 92 79 63
-10.9861 -4.9721 1.1074 78 65 48
-12.0193 -5.2669 1.6048 114 98 82
-11.8609 -5.3093 1.6630 115 98 78
-11.7876 -5.3577 1.5650 98 83 64
-11.1659 -5.4704 0.2124 234 238 237
-11.2327 -5.5693 -0.3679 121 127 101
-11.6758 -5.4178 1.5944 93 75 63
-10.7936 -4.4428 0.6342 78 72 58
-11.5134 -5.5526 1.6937 174 163 143
-12.0167 -5.2204 1.5992 182 170 154
-11.4743 -5.1926 -1.0972 143 136 130
-11.3689 -5.6690 1.7403 80 73 63
-11.3274 -5.4633 1.5850 114 99 80
-11.7076 -5.4706 -0.9218 154 156 151
-11.3259 -5.4684 1.5573 154 143 125
-10.9834 -5.3409 -0.8803 138 137 133
-11.4128 -5.3870 -0.9304 39 39 39
-11.2409 -5.3245 1.4160 105 94 74
-11.5539 -5.4696 1.6203 71 57 46
-11.6621 -5.4866 1.6730 169 157 135
-11.6543 -5.4322 1.6360 172 157 136
-11.1148 -5.4228 -0.8660 152 158 156
-11.2955 -5.4056 1.4658 89 78 58
-11.8954 -5.3610 1.6562 147 132 113
-11.3167 -5.4144 1.4682 103 92 72
-12.0274 -5.2638 1.6281 177 162 143
-11.4329 -5.6986 1.6672 174 162 140
-11.4414 -5.4626 1.5275 91 76 57
-11.9337 -5.2674 1.5859 170 163 147
-11.4922 -5.5334 -0.4820 194 195 197
-11.8419 -5.3608 -0.3762 178 183 186
-11.4642 -5.5907 1.5947 144 136 115
-11.8732 -5.3148 1.5729 70 58 46
-11.5003 -5.5644 -0.3569 94 96 93
-11.0291 -5.1195 1.1370 140 131 114
-11.6205 -5.4585 1.5473 164 153 135
-11.7953 -5.4259 1.5923 81 68 52
-12.0404 -5.3842 1.6457 98 84 71
-11.1706 -5.3261 1.3035 156 147 130
-11.0108 -5.0415 1.0662 163 155 136
-11.3987 -5.4362 1.4282 92 79 63
-11.6421 -5.4810 1.5419 82 67 48
-11.8024 -5.4170 1.5595 178 165 149
-11.8063 -5.3975 1.5366 70 52 38
-11.0754 -5.4963 -0.7237 122 124 119
-11.8677 -5.1366 -0.4971 155 153 140
-11.5789 -5.4146 1.4563 109 100 83
-11.4811 -5.5677 -0.1946 206 208 207
-11.9042 -5.1494 -0.5074 166 162 151
-11.4489 -5.5232 -0.1134 28 30 29
-11.2574 -5.4741 1.3616 160 149 127
-11.1401 -5.4741 -0.7112 165 171 145
-11.8037 -5.4317 1.5297 94 80 67
-11.4632 -5.6747 -0.0294 206 208 205
-10.9209 -4.8038 0.8633 162 156 144
-11.1304 -5.1662 1.1306 170 162 139
-11.2560 -5.4181 1.3217 128 119 104
-11.6574 -5.4786 1.4856 168 154 128
-11.7193 -5.5386 1.5401 159 148 130
-12.0471 -5.2537 -0.0073 171 167 164
-11.7804 -5.3426 1.4202 155 145 133
-11.9310 -5.2915 1.4487 178 163 142
-11.0982 -5.3825 -0.6609 110 120 109
-12.0593 -5.2362 1.4484 177 164 145
-11.4109 -5.3139 0.6589 103 104 99
-11.4678 -5.4029 0.6911 70 70 68
-11.8254 -5.0492 -0.6181 43 43 43
-11.9640 -5.3431 0.7226 109 105 102
-11.2035 -5.6310 -0.6818 128 128 120
-12.1192 -5.2696 0.7042 97 20 28
-12.0085 -5.4102 0.5846 203 203 201
-12.0181 -5.3917 0.5930 35 34 32
-12.0968 -5.2561 0.5656 40 4 6
-11.7974 -5.0167 -0.5695 192 190 191
-12.1268 -5.3209 0.4624 26 17 20
-11.1811 -5.5393 -0.5866 104 104 96
-11.1858 -5.5183 0.3785 113 113 111
-11.0264 -5.0482 0.2881 34 39 35
-12.0457 -5.2579 0.4113 116 116 116
-11.4764 -5.1781 -1.1214 67 66 64
-12.0570 -5.4509 -2.9881 17 16 12
-12.0166 -5.3728 -3.8589 75 74 70
-11.3161 -5.5420 1.6326 80 73 63
-11.3024 -5.4667 1.5329 105 94 74
-12.1016 -5.3237 0.0212 107 101 101
-12.0763 -5.2699 0.0215 33 27 27
-11.3557 -5.4124 -0.1073 28 30 29
-11.8568 -5.3822 -0.2494 186 188 187
-11.4724 -5.6757 -0.3024 125 125 123
-11.2021 -5.2270 1.2853 175 168 142
-11.4580 -5.1496 -1.0954 67 66 64
-10.9747 -5.3075 -0.8582 138 137 133
-11.5163 -5.6548 -0.4191 34 36 33
-11.8138 -5.3179 -0.4201 174 176 175
-11.4981 -5.5574 -0.4675 197 199 198
-11.4979 -5.5183 -0.4807 44 45 47
-11.3851 -5.3648 -0.8589 112 111 106
-11.8938 -5.1396 -0.4981 166 162 153
-11.4718 -5.5844 -0.5628 47 47 45
-11.4775 -5.5558 -0.5557 131 133 130
-11.1681 -5.2069 1.1793 128 119 104
-11.6254 -5.3874 1.4387 173 161 137
-11.8068 -5.0334 -0.5554 164 163 161
-11.8038 -5.0245 -0.6107 17 17 19
-11.1238 -5.5452 -0.6503 56 53 46
-11.6317 -5.4467 1.4516 167 153 127
-11.7762 -5.3880 1.4634 156 143 126
-11.9525 -5.3859 1.5228 178 165 149
-11.1720 -5.5162 0.4559 94 95 90
-11.9111 -5.4407 0.4824 184 184 184
-12.0456 -5.2810 0.4395 131 133 132
-11.2849 -5.3291 1.4522 179 167 145
-11.3798 -5.5043 1.5907 89 76 57
-11.8615 -5.3042 1.6422 101 80 59
-11.6893 -5.6277 -2.5556 18 13 7
-12.0937 -5.3672 -2.7977 67 58 53
-11.8111 -5.3932 1.6554 181 171 146
-11.8842 -5.3476 1.6456 147 132 113
-11.0805 -5.4499 -0.8848 85 94 89
-11.6035 -5.6293 1.7097 166 151 132
-11.4445 -5.4877 1.4967 105 93 77
-11.4930 -5.3204 1.3960 96 87 72
-11.9763 -5.3390 1.5692 180 166 153
-11.9171 -5.3272 1.5204 92 79 63
-11.5846 -6.2864 1.9258 160 149 127
-12.0931 -5.2766 0.4375 116 75 81
-10.9728 -5.0117 0.9932 132 123 108
-11.8470 -5.0515 -0.6078 144 144 144
-11.5718 -5.6107 -0.6545 103 110 103
-11.3027 -5.8528 -3.7789 20 19 17
-11.3296 -5.3405 -0.7659 112 117 111
-11.7564 -5.3216 1.5788 187 176 156
-11.8222 -5.1922 -3.9334 154 156 151
-10.7328 -4.0446 0.3903 96 87 72
-11.9602 -5.2980 1.5601 120 104 89
-11.7542 -5.3271 1.4895 85 67 53
-11.9160 -5.3065 -3.9890 97 39 38
-11.9501 -5.3097 1.5453 180 166 153
-11.4863 -5.5979 1.5209 165 158 140
-11.6798 -5.3054 1.4246 128 117 97
-10.9850 -4.9921 0.9940 174 168 156
-11.8854 -5.2404 -3.8434 134 138 123
-11.9372 -5.3103 0.8752 152 152 150
-11.7964 -5.3183 -3.7012 42 39 50
-11.9996 -5.3621 0.5490 189 193 194
-11.1418 -5.4121 0.4185 108 109 104
-12.1166 -5.3200 0.5013 27 27 27
-11.9664 -5.3067 -3.6691 37 25 25
-11.2584 -5.7559 -0.0488 130 132 121
-11.3526 -5.4051 -0.0900 42 44 43
-11.4288 -5.4898 -0.0975 42 44 43
-12.0470 -5.4370 -2.9482 15 14 10
-11.9336 -5.3239 -2.7657 71 53 51
-12.0524 -5.3578 -2.8073 96 91 87
-12.0168 -5.2861 -2.6645 89 80 73
-11.8361 -5.3551 -0.2353 186 188 187
-11.4382 -5.6032 -0.2839 125 125 123
-11.3379 -5.2982 -0.2909 38 40 37
-11.4502 -5.4641 -0.3189 43 45 42
-11.4612 -5.4866 -0.3744 115 117 116
-11.7601 -5.2275 -0.3645 42 44 41
-11.0587 -5.3533 -0.8454 117 126 123
-11.0684 -5.3559 -0.8267 137 148 144
-11.5274 -5.5279 -0.6227 112 117 111
-11.7543 -4.9972 -0.6003 177 179 176
-11.1270 -5.4021 -0.6762 114 118 93
-11.8208 -5.2514 1.4700 186 175 157
-11.9631 -5.2935 1.6406 173 164 147
-10.8430 -4.5550 0.7361 148 137 117
-11.9149 -5.2984 -3.6120 28 26 27
-11.8396 -5.2448 -3.8072 154 158 144
-11.5154 -5.4003 1.5694 71 57 46
-11.8629 -5.3479 1.5857 163 147 124
-11.9017 -5.2931 -3.9598 104 42 43
-11.6269 -5.3512 1.5427 107 89 79
-11.8946 -5.4179 1.6854 123 108 89
-12.0931 -5.3589 1.7069 121 105 89
-11.2583 -5.5251 1.4631 95 86 71
-11.3918 -5.3771 1.4250 116 103 87
-11.8355 -5.2688 1.4827 186 175 157
-11.2714 -5.7877 -3.6767 26 30 33
-11.5422 -5.4285 1.4483 141 128 109
-11.0633 -4.9936 1.0077 151 143 120
-11.2175 -5.3038 1.2357 36 31 25
-11.1958 -5.5664 0.4577 109 110 104
-11.5786 -5.3848 -2.2216 32 27 21
-11.1461 -5.4228 0.2039 70 70 70
-11.8417 -5.3564 -0.2382 181 183 182
-11.7526 -5.2747 -0.3451 105 107 106
-11.1238 -5.4576 -0.8824 152 158 156
-11.8237 -5.3326 -0.3956 169 173 174
-11.5050 -5.6408 -1.0077 31 33 30
-11.7657 -5.4424 -0.5966 149 150 145
-11.8312 -5.0846 -0.5572 36 31 25
-11.1469 -5.4923 -0.7868 30 31 26
-11.0435 -5.1013 1.0869 137 124 105
-12.0777 -5.3708 -3.9735 77 73 72
-11.1541 -5.6070 -0.5881 31 32 26
-11.2274 -5.7336 -0.3721 22 18 19
-11.5469 -5.4496 1.6039 60 46 35
-11.8735 -5.2699 -3.4124 35 38 45
-11.8396 -5.3133 -3.5670 50 31 27
-11.4030 -5.4809 -0.7430 95 97 92
-11.7866 -5.3666 1.6453 192 180 156
-11.9425 -5.4012 1.6902 101 82 65
-11.7840 -5.3628 1.5355 94 78 62
-10.9869 -4.9423 0.9792 137 124 105
-11.4486 -5.3253 0.6078 32 32 30
-11.3389 -5.3128 -0.0460 35 37 36
-11.8751 -5.3638 -0.3678 133 135 134
-11.8123 -5.3392 -0.4993 26 28 27
-11.2567 -5.2679 -0.9007 73 74 69
-11.5113 -5.3432 -2.0814 34 30 27
-11.5614 -5.3745 -2.2045 24 20 17
-12.0426 -5.3429 -2.8561 15 15 17
-11.9839 -5.3669 -3.6711 73 69 66
-11.8785 -5.3446 -3.6031 84 65 59
-11.7914 -5.3980 -3.7916 53 18 14
-11.8340 -5.3670 -3.8172 42 37 44
-11.8643 -5.2301 -3.9705 59 60 52
-12.8151 -6.4121 2.7968 81 69 57
-13.6022 -5.6725 0.0602 141 140 136
-13.0138 -5.6735 -0.4173 65 69 70
-11.9881 -6.0817 -0.3486 74 76 71
-12.8673 -6.9316 3.4730 72 66 54
-13.2006 -6.0474 2.5954 100 89 71
-12.5793 -6.1546 -0.3963 34 34 32
-13.7961 -5.6756 2.6910 179 164 145
-13.1001 -6.2104 3.0786 102 83 77
-12.3700 -5.4529 -1.5741 106 101 97
-11.9662 -6.2268 2.4132 118 116 103
-12.3161 -5.4015 -1.5050 128 123 119
-11.9467 -6.0695 -0.2822 154 154 152
-11.4518 -5.2224 1.4420 207 201 185
-12.0459 -6.2040 2.0741 166 151 132
-13.0611 -6.1618 2.5546 152 142 130
-13.3302 -6.0104 2.6010 171 157 144
-13.3601 -6.0489 0.0138 97 92 86
-12.8579 -6.2773 2.9338 90 82 63
-12.2826 -5.7612 -1.2741 45 50 44
-12.1469 -6.2191 -0.7795 46 43 34
-12.9080 -6.3163 2.9830 80 66 53
-12.6454 -6.2479 -0.7271 134 133 129
-12.9170 -6.3267 2.9480 190 177 160
-12.4654 -5.9501 -1.3506 29 31 26
-12.4070 -5.8957 -1.3077 25 27 22
-10.9349 -4.2149 0.4699 87 70 50
-11.6210 -5.5141 1.5261 170 157 138
-12.4869 -5.9848 -1.3140 135 137 132
-12.8665 -5.8471 -1.3674 102 103 98
-12.8367 -6.3587 2.9895 186 176 149
-13.3270 -5.9824 2.9524 174 159 136
-12.4509 -6.7892 2.7911 132 123 106
-12.4283 -5.9343 -1.2695 105 105 103
-13.5626 -5.7118 2.8920 175 159 144
-12.3455 -5.4502 -1.5852 66 63 58
-11.2329 -4.7682 0.9823 178 167 145
-12.8763 -6.4218 3.0688 92 80 64
-12.6954 -6.6695 3.1535 152 141 123
-11.9778 -5.9937 -1.0647 24 26 21
-13.0240 -6.6568 3.0312 146 133 124
-11.9594 -5.9575 -1.0008 51 52 47
-11.8553 -5.9759 -0.9792 142 144 141
-12.6608 -6.5099 3.0155 81 68 52
-12.1261 -5.6324 -1.4772 15 15 13
-13.1403 -5.4671 -0.7163 36 35 31
-11.8589 -5.9606 -0.9638 49 54 48
-13.7221 -5.7331 0.7981 32 16 16
-11.9746 -5.9833 -0.9640 165 174 157
-11.9762 -6.0053 -0.9709 93 104 90
-12.8929 -5.2568 -0.9648 138 137 135
-11.8793 -5.9910 -0.9195 131 136 129
-12.8859 -5.2579 -0.9520 105 104 102
-11.9394 -6.0449 -0.9245 153 176 156
-12.0599 -6.1322 -0.9633 82 93 61
-12.9998 -5.2564 -0.9345 94 96 95
-11.9478 -6.0627 -0.9067 12 22 11
-13.6114 -5.7228 2.8541 174 157 137
-12.9762 -5.3200 -0.9352 98 97 93
-12.7364 -6.7175 2.9740 150 142 123
-13.1121 -6.1237 2.8034 161 145 120
-13.1399 -6.1376 2.8265 116 100 75
-11.0868 -4.1193 0.4780 98 82 67
-13.3477 -6.0894 2.9073 190 177 160
-11.8599 -5.9310 -0.8408 126 134 121
-11.9027 -5.9973 -0.8555 98 104 92
-12.0233 -6.0236 -0.8278 65 64 59
-11.9393 -6.0615 -0.7699 113 114 109
-13.4218 -5.8932 2.8095 93 80 64
-12.0181 -6.0941 -0.7423 109 108 106
-11.0208 -4.1006 0.4257 176 160 144
-13.2684 -5.9736 2.7678 106 90 65
-13.5289 -5.9651 2.9004 100 87 70
-12.5743 -6.1502 -0.7922 62 62 60
-13.0467 -6.1116 2.7123 108 93 74
-13.5103 -5.5513 -0.7807 52 41 35
-13.3988 -5.4857 -0.7459 52 41 35
-12.4430 -6.7167 2.7256 169 157 143
-13.0982 -6.2641 2.8164 71 54 38
-12.8832 -6.6537 2.9110 88 76 54
-12.8791 -6.5771 2.8642 143 134 117
-13.1182 -6.4359 2.9110 169 157 135
-13.3455 -6.0489 2.7994 104 87 67
-12.9028 -6.2674 2.6818 165 152 133
-12.0306 -6.1201 -0.5854 124 123 121
-13.4132 -6.0046 0.9029 181 177 174
-13.0496 -5.6824 -0.6439 130 130 128
-12.5741 -5.8075 0.7418 22 23 18
-12.5579 -5.8168 0.7410 114 110 107
-12.6026 -6.1981 -0.6239 129 131 128
-12.1499 -6.2006 0.3588 165 164 162
-11.3180 -4.3226 0.7026 129 112 94
-13.2316 -5.9664 2.6603 85 69 53
-13.4782 -5.8301 2.7008 179 164 145
-13.4998 -5.8744 0.9305 78 78 78
-12.6286 -6.3204 -0.1306 45 45 43
-13.0436 -6.2862 2.7325 175 162 146
-11.9349 -5.9804 -0.4530 113 112 108
-13.5228 -5.8211 0.9695 155 153 158
-13.5463 -5.9180 1.0279 156 157 151
-11.6558 -5.5595 1.5791 186 174 152
-12.7391 -6.7571 2.8248 101 94 88
-13.5400 -5.8413 1.0294 142 140 143
-12.0104 -6.0956 -0.4523 118 115 110
-13.5052 -5.8818 1.0604 182 179 174
-12.1395 -6.2418 0.0802 100 101 96
-13.5328 -5.6728 0.6548 114 113 109
-13.2399 -6.1052 2.6964 100 89 71
-11.9916 -6.0715 -0.4098 155 154 149
-11.8964 -5.9375 -0.3844 138 134 133
-13.7415 -5.7081 1.4127 149 93 96
-13.3545 -5.9038 1.4280 34 33 31
-13.3534 -6.0390 0.0621 45 40 34
-12.1872 -6.2259 -0.7342 109 112 81
-11.9597 -6.0348 -0.5609 133 132 130
-11.9762 -6.0499 -0.6026 87 86 84
-11.4976 -5.2344 1.2707 80 67 50
-11.8642 -5.9932 2.1679 106 94 72
-12.8710 -6.4614 2.8638 100 88 74
-12.9313 -6.6545 3.0036 111 99 73
-13.5812 -5.7867 2.7067 176 160 137
-13.4774 -5.8178 2.6484 113 96 78
-12.9796 -6.0753 2.6457 84 71 62
-12.3930 -5.8816 -1.3352 172 173 168
-13.5384 -5.8823 2.6982 179 166 149
-13.0792 -5.7012 -0.5958 168 170 169
-13.7797 -5.6662 2.6775 179 164 145
-13.3326 -6.0165 2.9041 155 139 116
-13.2799 -5.9416 2.8917 177 162 139
-13.0458 -5.3806 -0.6611 170 167 152
-12.7712 -6.7644 3.2673 156 145 123
-12.7602 -7.0312 3.1007 78 68 58
-13.1350 -5.4505 -0.7704 152 148 136
-13.1159 -5.7132 -0.4928 178 177 173
-13.8298 -5.7612 1.4453 149 93 96
-12.4616 -5.9682 -1.2927 115 117 112
-12.5029 -6.0002 -1.2849 36 43 36
-13.4820 -5.9554 2.9598 175 164 142
-13.5409 -5.8797 1.2986 122 118 109
-13.6220 -5.9156 1.3371 125 124 119
-12.8612 -5.8433 -1.3685 102 103 98
-12.8518 -6.9248 2.9699 110 103 95
-11.9813 -5.9998 -1.0583 22 24 19
-11.9202 -5.9960 -1.0262 78 101 83
-13.5246 -5.8392 1.0441 187 185 186
-11.8657 -5.9483 -0.9833 40 50 41
-13.5439 -5.8441 1.0290 142 140 143
-12.0800 -6.1295 -1.0476 105 108 89
-12.8990 -5.2602 -0.9699 179 179 177
-12.5343 -5.7665 0.7258 22 23 18
-13.4624 -6.0456 0.9133 172 168 165
-11.9700 -6.1005 -0.9217 14 24 13
-13.6250 -5.7262 0.8475 118 117 115
-11.9052 -6.0148 -0.8846 126 134 121
-13.6292 -5.7928 2.7529 182 167 146
-12.5554 -5.8265 0.6618 134 130 127
-13.0531 -5.3594 -0.8773 40 37 32
-13.0444 -5.3649 -0.8176 162 159 154
-13.7154 -5.7416 0.7637 120 115 112
-13.3925 -5.4821 -0.7455 52 41 35
-12.4970 -5.9985 -1.3167 145 147 142
-12.7492 -6.7757 2.8526 110 103 95
-13.0991 -5.3991 -0.8045 105 103 91
-13.5624 -5.6922 0.6652 114 113 109
-12.0704 -6.0799 0.4160 238 240 237
-13.5748 -5.6352 0.7690 57 31 32
-12.1310 -6.1702 0.3529 165 164 162
-12.6674 -6.2803 -0.6784 111 112 107
-13.6707 -5.6719 0.3377 112 104 101
-12.9567 -5.6079 -0.5076 175 177 176
-11.9456 -6.0265 -0.4023 138 134 133
-13.6245 -5.8081 2.8145 90 73 55
-12.8285 -6.4642 -0.4847 34 34 32
-13.3019 -5.9653 2.6951 178 162 139
-12.9395 -5.2263 -0.9278 142 142 140
-12.9843 -6.1865 2.7007 180 169 149
-13.4327 -5.8541 2.6874 129 112 94
-12.7311 -6.5981 2.8992 176 163 146
-13.2865 -6.0118 2.7171 85 69 53
-10.9956 -4.3271 0.5703 164 151 132
-11.7154 -5.6910 1.6733 170 157 138
-11.1675 -4.6471 0.8644 176 165 143
-12.5562 -6.1307 -0.7899 62 62 60
-11.0682 -4.1158 0.4675 120 104 81
-13.6503 -5.7341 2.9073 188 173 154
-12.9480 -6.1107 2.6349 94 75 58
-12.8726 -6.6111 2.8282 86 73 57
-12.9355 -6.4921 3.1445 92 80 64
-13.5586 -5.8309 2.7335 98 85 69
-11.9384 -6.0899 1.8821 95 88 72
-12.8564 -6.4257 3.0846 120 107 90
-12.8563 -6.5127 2.9044 151 139 123
-13.1950 -6.3459 2.9243 96 77 60
-12.1450 -6.3350 2.2276 143 135 114
-11.9955 -6.0890 -0.4899 128 127 123
-12.2343 -6.2699 0.0528 99 104 84
-13.1545 -6.2496 2.8498 80 67 58
-11.8386 -5.9419 -0.9525 162 164 161
-11.9268 -5.9281 -0.9375 91 102 86
-12.5183 -5.9842 2.5596 186 176 149
-12.7525 -6.6346 3.1007 181 173 154
-12.0203 -6.0620 -0.9443 91 101 74
-13.0480 -6.1737 2.9299 170 158 144
-12.5696 -5.7050 -2.5562 92 88 87
-12.8146 -6.7295 3.1194 138 123 104
-13.3014 -5.9589 2.9168 177 162 139
-12.3530 -5.4340 -1.5368 118 113 109
-12.1387 -5.7475 -1.3591 124 119 115
-12.6084 -6.3892 2.7809 115 104 84
-12.4178 -5.8740 -1.4056 211 212 207
-13.2664 -5.9585 2.8758 180 165 144
-13.5478 -5.6312 2.7685 180 165 146
-12.8311 -5.8293 -1.4411 144 146 141
-11.9838 -6.0184 -1.2405 144 146 143
-12.8379 -6.4176 2.8867 96 85 67
-12.4318 -5.9426 -1.3161 103 103 101
-11.8738 -5.9550 -0.8478 126 134 121
-12.3033 -5.7837 -1.1913 103 103 101
-12.7881 -5.7741 -1.3213 117 117 115
-13.6915 -5.7592 2.9398 188 173 154
-12.4861 -5.9807 -1.2687 36 43 36
-13.6818 -5.6985 2.9051 119 100 83
-12.8273 -5.8483 -1.2838 162 161 157
-11.8351 -5.8911 -0.9527 40 50 41
-13.2466 -5.9592 2.7662 121 105 82
-13.4456 -5.9598 2.8892 177 161 138
-12.6298 -6.1486 -0.5262 99 99 97
-13.0597 -6.1279 2.7389 96 80 64
-12.0296 -6.0335 -0.8328 65 64 59
-12.9971 -6.1599 2.7064 89 70 55
-11.8321 -5.7818 -0.3536 98 97 92
-13.5400 -5.8024 2.7879 102 89 72
-12.8695 -6.5396 2.8430 91 81 69
-12.8330 -6.2298 2.5954 61 49 33
-13.3453 -6.0022 2.7296 176 161 140
-11.9952 -6.1593 -0.7990 117 118 113
-11.9235 -6.0251 -0.2699 174 174 172
-13.5988 -5.8794 2.7855 179 163 147
-13.4751 -5.7719 2.6536 83 67 51
-12.6696 -6.2853 -0.6762 111 112 107
-12.2279 -6.2492 -0.1322 112 125 107
-12.7351 -6.7170 2.7941 120 111 102
-13.3415 -6.1351 2.7788 177 164 148
-11.7468 -5.7528 1.7223 162 146 130
-13.5697 -5.6353 2.5902 174 158 142
-13.6689 -5.7171 0.0542 156 155 151
-13.0947 -5.3969 -0.8081 105 103 91
-13.1359 -5.9320 2.5202 119 107 83
-13.5839 -5.9498 2.7042 110 94 79
-13.6644 -5.7679 0.1823 86 85 81
-11.5674 -5.4006 1.3390 52 48 36
-13.4122 -5.4927 -0.7407 52 41 35
-13.6176 -5.9104 1.3346 125 124 119
-13.0250 -5.3663 -0.6544 170 167 152
-13.5757 -5.8795 1.0717 133 132 130
-13.6703 -5.6539 1.0403 54 5 8
-13.4657 -5.7875 0.9954 147 142 148
-13.6128 -5.7170 0.8290 126 125 121
-12.5706 -5.8174 0.6613 108 104 105
-13.7883 -5.7740 0.8434 31 23 20
-12.2143 -6.2407 0.0469 101 109 85
-11.2438 -4.7875 0.9941 176 165 143
-13.4950 -5.6735 2.8240 177 161 145
-12.7711 -6.7956 3.2837 46 38 27
-12.6695 -6.6282 3.0676 146 135 113
-13.1775 -6.3125 3.0926 168 156 140
-13.0637 -6.1484 2.9206 166 156 131
-12.9267 -6.7699 3.2160 105 89 73
-13.1272 -6.6162 3.2227 87 72 53
-12.7550 -6.3176 2.7718 96 85 67
-13.0531 -6.1999 2.8315 94 78 62
-13.6019 -5.7901 2.7971 90 73 55
-12.8308 -6.2274 2.5951 61 49 33
-13.4934 -5.8454 2.7243 168 153 134
-12.6821 -7.0612 2.9755 148 137 117
-13.2825 -6.0844 2.7192 177 164 148
-13.6039 -5.7982 2.6926 174 159 136
-11.4246 -5.1259 1.1816 97 81 58
-12.4761 -5.9432 -1.4629 211 212 207
-12.5098 -6.0143 -1.4540 162 163 158
-12.4416 -5.9121 -1.3639 28 29 24
-13.5304 -5.9360 2.6738 182 167 148
-12.4579 -5.9467 -1.3586 48 50 45
-12.0494 -6.1301 -1.2978 145 151 147
-12.9471 -5.9507 -1.4405 74 74 72
-12.4664 -5.9836 -1.3135 97 97 97
-13.5046 -5.8141 1.0102 147 142 148
-12.6580 -5.9200 0.8007 195 194 190
-12.0784 -6.0574 0.6391 91 93 92
-13.6162 -5.7151 0.8222 130 129 125
-13.7252 -5.7029 0.3303 116 106 105
-13.6650 -5.6899 0.2605 108 107 102
-12.2830 -6.4398 0.1350 88 93 89
-13.6375 -5.7033 0.1528 42 45 38
-12.2405 -6.3884 0.0572 132 133 128
-12.2322 -6.3553 0.0569 144 145 140
-12.1412 -6.1646 0.0326 50 61 53
-12.4346 -5.9855 -0.0859 34 36 35
-13.0354 -5.3057 -0.9494 14 14 12
-11.8892 -5.9597 -0.2555 174 174 172
-12.7123 -6.2569 -0.4690 132 132 130
-12.0626 -6.0866 -0.8700 29 28 23
-12.7607 -6.3789 -0.5755 29 29 29
-13.0976 -5.3961 -0.8066 109 106 97
-13.0878 -5.3783 -0.7519 213 208 202
-13.1342 -5.4487 -0.7751 160 156 145
-13.0759 -5.7065 -0.6178 176 177 179
-13.0448 -5.6626 -0.6583 45 47 44
-12.5680 -6.1513 -0.7769 56 56 54
-12.8210 -5.8474 -1.2682 159 160 155
-12.6777 -6.1738 -0.6890 51 53 50
-13.0654 -5.4351 -0.6869 17 17 17
-13.2725 -5.5184 -0.6938 54 53 48
-13.1811 -5.8956 2.7916 183 166 146
-13.7730 -5.8646 3.0982 172 156 133
-13.3625 -6.2556 3.0439 103 88 69
-13.0406 -6.1948 2.7924 120 103 87
-13.4910 -6.0111 1.4874 79 78 74
-12.6173 -5.9073 0.8510 170 169 167
-12.5626 -5.7905 0.8105 215 217 216
-12.1639 -6.2080 0.7716 97 104 96
-13.4595 -5.8519 0.9187 78 78 78
-13.3302 -5.9397 0.8792 191 187 184
-13.6938 -5.7236 0.8657 21 23 20
-13.6295 -5.7346 0.7292 120 119 115
-13.6770 -5.7112 0.1987 52 53 48
-12.3459 -5.8550 -1.2874 31 31 29
-12.0552 -6.0508 0.3533 94 92 93
-12.9214 -5.9303 -1.3915 54 55 50
-12.5374 -6.0409 -1.2640 35 40 34
-12.0495 -6.0500 0.1457 88 93 89
-13.7540 -5.7793 0.1865 51 52 46
-12.0640 -6.1133 0.0698 104 105 100
-12.0994 -6.1339 0.0702 144 145 140
-13.6214 -5.6981 0.0851 141 140 135
-12.0764 -6.1544 -0.9786 87 98 64
-12.6190 -6.2112 -0.4216 35 35 33
-13.4250 -5.7530 -0.4352 30 28 29
-13.4650 -5.8067 -0.4802 183 187 186
-12.8569 -6.7150 3.1955 179 168 148
-13.4671 -6.0262 1.3176 106 99 89
-12.3018 -6.3967 -0.5556 133 145 107
-13.8359 -5.8005 2.7749 179 162 146
-11.7298 -5.5814 1.5899 56 49 41
-13.3062 -5.8609 2.7388 169 153 128
-13.5919 -5.7554 2.8456 151 133 111
-11.9858 -6.0631 -0.3936 114 113 108
-11.8873 -5.9564 -0.2512 91 91 89
-13.0524 -6.4153 2.9073 156 144 120
-12.2336 -6.2715 0.0470 99 104 84
-12.0641 -6.0373 0.0405 55 67 55
-12.3309 -5.9439 2.1789 161 146 127
-13.8325 -5.7983 0.2725 96 95 90
-13.1418 -5.9959 2.6313 112 96 80
-12.4984 -5.9177 1.2430 24 22 23
-12.2048 -6.2653 2.2939 140 128 104
-13.5435 -5.8229 2.7347 104 91 75
-13.4874 -5.8202 2.5884 178 161 141
-13.4651 -5.8231 1.5717 154 152 153
-13.4461 -5.7992 1.3221 134 134 126
-13.4606 -5.8106 1.0382 210 212 211
-12.5344 -5.8007 0.7913 198 197 195
-13.4032 -5.8149 0.9156 86 86 84
-11.8947 -5.9004 -1.1979 150 161 157
-12.0581 -6.1042 0.0699 104 105 100
-12.8648 -5.8657 -1.4422 67 72 66
-12.2485 -5.7382 -1.1980 31 31 29
-12.4515 -5.9423 -1.1956 37 42 36
-13.1203 -5.7590 -0.4347 111 115 116
-12.0095 -6.0192 -0.9722 119 122 101
-13.4686 -5.9853 -0.6576 86 86 84
-13.0487 -5.6893 -0.5908 173 174 176
-12.2074 -6.2594 -0.6798 124 131 90
-12.5995 -6.0074 -0.6997 255 253 252
-12.4593 -5.7532 -1.3908 231 235 234
-12.8821 -5.7652 -0.8040 131 133 128
-12.1141 -6.0689 -0.4085 123 132 101
-12.7190 -6.5537 2.9175 93 77 61
-12.8741 -6.4802 2.9364 100 88 74
-13.2826 -6.3893 3.0152 79 65 54
-13.6438 -5.7314 2.8237 178 163 140
-13.4819 -6.0379 1.3681 123 118 112
-13.4013 -5.7938 2.6657 145 134 114
-11.8497 -5.8207 -0.3257 114 113 108
-12.2636 -5.8951 -1.1597 77 79 74
-13.1977 -6.2791 3.0364 164 154 129
-11.9500 -5.9990 -0.7427 36 35 30
-13.2538 -5.8737 0.8646 84 80 77
-12.7077 -6.2444 -0.5264 34 34 32
-12.5841 -6.1074 -0.6324 197 199 198
-12.6748 -6.6008 2.8675 169 156 137
-12.7636 -6.3626 -0.8452 138 138 136
-13.5647 -5.9419 2.7587 104 88 72
-12.6617 -6.1075 1.3323 24 22 23
-12.6255 -6.0521 1.1696 71 70 65
-12.7311 -5.9807 0.8812 217 217 217
-12.0785 -6.1653 -1.1528 26 28 23
-12.5957 -6.1752 -0.2024 206 206 206
-12.7428 -6.2471 1.3022 27 29 24
-12.4428 -5.9821 -1.3209 29 28 26
-12.1917 -6.1998 -0.1108 99 118 86
-12.7320 -6.1815 -0.7632 214 214 214
-12.7090 -5.9350 -3.4694 21 16 12
-13.7054 -5.9742 2.7701 182 167 148
-12.5764 -6.6581 2.8332 104 92 78
-12.8756 -5.8759 -1.4609 107 109 104
-13.1499 -6.4845 2.9010 184 171 152
-12.1994 -6.2984 0.4282 118 118 118
-12.3956 -6.5441 -0.0319 58 102 53
-12.3332 -6.4227 -0.5117 123 132 101
-12.4866 -5.7903 -1.4166 233 237 236
-12.6971 -5.8122 -1.1302 161 161 163
-13.1748 -6.1942 2.9468 133 117 101
-12.6690 -6.1058 -1.1314 142 144 141
-13.4981 -5.9294 2.6762 180 165 146
-13.4884 -5.8370 1.5989 154 152 153
-13.4523 -5.9966 1.5936 104 103 99
-12.5604 -5.9898 1.2769 24 22 23
-13.5297 -6.0291 1.5061 37 37 37
-12.5126 -5.9766 1.1672 27 29 24
-13.5289 -5.8672 1.3915 139 141 130
-12.4635 -5.6963 0.7863 217 217 217
-13.6463 -5.9254 1.0793 187 185 186
-12.1574 -6.1964 0.0268 60 68 57
-12.5275 -6.2232 -0.1818 160 160 158
-12.5829 -6.2469 -0.1892 226 226 224
-12.5658 -5.7001 -2.5674 92 87 83
-12.6925 -6.1314 -0.7119 141 142 137
-12.6004 -6.0548 -0.9970 55 57 52
-11.7939 -5.6184 1.7833 154 142 118
-12.4233 -5.6793 -2.4245 91 86 83
-13.0680 -6.4115 2.9498 157 142 119
-12.2273 -6.3664 -0.1223 131 129 116
-13.2463 -6.1397 3.0052 137 114 98
-13.0615 -5.9795 -1.2874 90 86 77
-12.9374 -6.7502 2.9815 176 164 140
-11.6650 -5.9977 1.9506 90 75 54
-11.5530 -5.5471 -0.0348 108 110 107
-11.9001 -5.2104 1.3948 89 73 58
-11.8367 -6.0725 2.2457 93 86 70
-11.9470 -5.2680 0.7181 121 121 113
-11.9146 -5.3384 0.8114 68 68 66
-11.6268 -5.2425 1.3668 71 55 42
-11.3329 -5.7429 0.1159 115 116 118
-11.3343 -5.7423 -0.0663 113 114 109
-11.3710 -5.7079 -0.0709 112 113 107
-11.3582 -5.8075 1.7503 74 57 41
-11.3658 -5.7731 -0.0919 188 187 182
-11.5690 -5.8437 1.8648 72 61 43
-11.3394 -5.8160 1.4514 152 148 139
-11.5071 -5.1129 1.2490 180 163 153
-11.3422 -5.7961 1.6874 88 71 51
-11.3229 -5.8331 1.7155 175 163 141
-11.3289 -5.8042 1.4486 57 49 38
-11.8292 -5.2095 1.4620 192 176 163
-12.0294 -5.5069 -3.9117 30 23 30
-11.9359 -5.2307 -0.2644 194 194 192
-12.1426 -5.4851 -3.7863 19 15 12
-11.4136 -5.7776 1.4905 167 152 131
-11.3505 -5.7880 1.4747 53 41 27
-11.6290 -5.9587 1.7663 162 155 137
-11.4361 -4.9965 0.9834 162 155 149
-11.5808 -5.9933 1.7210 151 145 133
-11.2322 -5.5988 -0.3087 101 103 100
-11.6215 -5.2215 1.3595 164 149 130
-11.8664 -5.2312 1.4741 74 62 40
-11.5014 -5.1134 1.1847 181 164 146
-11.3521 -5.7991 1.5088 56 42 29
-11.3241 -5.7939 1.4899 83 72 54
-11.2382 -5.6164 -0.3418 137 138 133
-11.2410 -5.5979 -0.3397 108 109 104
-11.2341 -5.5991 -0.3889 21 20 16
-11.3928 -5.2369 -1.0654 91 86 82
-11.7534 -5.2444 1.4094 143 127 112
-11.7272 -6.0627 1.8646 197 181 166
-11.5281 -5.9041 -0.4990 92 92 90
-12.6168 -7.2993 3.3651 64 52 36
-11.3754 -5.2995 -0.9804 141 140 136
-11.3803 -5.3146 -0.9930 141 140 136
-11.6872 -5.7475 -0.5051 117 117 115
-11.6273 -5.9392 1.8840 118 101 85
-11.7016 -5.8973 1.8829 228 217 199
-11.4683 -5.0633 1.1490 82 69 50
-11.6983 -5.1840 1.2959 172 157 138
-11.8572 -5.2272 1.3439 125 114 96
-11.2485 -5.4881 -0.9662 136 140 139
-11.7940 -6.0344 2.0229 81 66 47
-11.1812 -4.6168 0.6796 89 70 56
-11.7820 -5.3276 1.4714 78 65 46
-11.2143 -5.4788 -0.8358 83 108 87
-11.5684 -5.5221 -0.9394 152 151 147
-11.5698 -5.9701 1.7479 156 149 130
-11.3422 -5.8018 1.6228 103 87 74
-11.2376 -5.6001 -0.4375 118 119 114
-11.7562 -5.2357 1.3815 175 157 133
-11.1898 -5.5159 -0.7957 110 112 107
-11.3487 -5.8174 1.5492 167 158 143
-11.2529 -5.5691 -0.4289 71 71 69
-11.1945 -5.5022 -0.7742 156 163 155
-11.2032 -5.4866 -0.7178 98 108 99
-11.7342 -6.0064 1.9294 179 166 149
-11.7335 -6.0150 1.8796 174 161 142
-11.3171 -5.7011 1.6024 88 71 51
-11.2340 -5.6051 -0.6802 105 106 101
-11.6877 -5.7458 -0.5515 192 194 193
-11.2470 -5.5593 -0.4565 121 121 119
-11.4230 -4.9629 1.0259 80 68 52
-11.3557 -4.8794 0.9303 97 75 54
-11.6897 -5.1865 1.2973 205 190 171
-11.7645 -5.2249 1.3586 179 162 144
-11.2640 -5.5706 -0.6329 114 116 111
-11.4400 -5.9536 1.7350 106 91 68
-11.7202 -5.2462 1.3154 179 162 146
-11.6532 -5.9905 1.8477 169 157 135
-11.7001 -6.0115 1.8841 187 174 155
-11.3597 -4.8627 0.9105 179 166 150
-11.5834 -5.2110 1.2587 48 35 18
-11.2571 -5.5724 -0.5321 37 38 33
-11.2507 -5.5834 -0.5329 128 129 124
-11.4279 -5.8248 1.6180 158 147 129
-11.2555 -5.5518 -0.5175 208 209 203
-11.2542 -5.5852 -0.4941 40 40 38
-11.3432 -4.8606 0.8966 184 162 139
-11.5618 -5.9549 1.7653 134 128 116
-11.2410 -5.5640 -0.4968 95 97 92
-11.7999 -5.4769 -0.9023 76 78 77
-11.3438 -5.6980 0.4048 144 149 145
-11.3334 -4.8675 0.9091 151 135 120
-11.6894 -5.2689 1.2886 112 104 85
-11.7148 -5.2641 1.2894 202 185 167
-11.2735 -5.6526 1.3252 153 140 121
-11.6583 -5.1881 1.2446 177 165 151
-11.7975 -5.4448 -0.9982 75 73 74
-11.6763 -5.1871 1.2771 135 120 101
-11.7865 -6.0737 2.1000 116 99 83
-11.7836 -5.4757 -0.8541 66 68 63
-11.6117 -5.1376 1.2681 95 79 66
-11.8378 -5.1969 1.4140 176 161 138
-11.4023 -5.7915 -0.2189 107 124 108
-11.2370 -5.5763 -0.7100 97 98 93
-11.8089 -5.1555 1.3153 184 171 152
-11.6195 -5.8011 1.6445 113 100 84
-11.5073 -5.7931 1.6870 168 151 133
-11.8799 -6.1510 1.9859 159 147 123
-11.5796 -5.8596 1.8724 95 84 66
-11.7465 -5.2425 1.3933 95 81 68
-11.7185 -5.9432 1.7741 162 153 138
-11.8903 -5.3806 -0.0466 99 96 91
-11.3620 -5.8213 1.7676 74 57 41
-11.7332 -5.2463 1.3617 198 182 166
-11.7018 -5.7757 -0.5649 192 194 193
-11.7050 -5.7822 -0.5435 201 201 201
-11.5382 -5.8929 1.8869 153 143 131
-11.5009 -5.1042 1.2393 180 163 153
-11.7504 -5.1266 -0.3168 111 110 105
-11.2553 -5.5944 -0.4430 70 70 70
-11.5225 -5.4507 -0.9085 95 94 90
-11.2452 -5.4747 -0.8275 104 109 103
-11.4084 -5.7634 1.5616 158 147 129
-11.7924 -5.4637 -0.8941 68 68 66
-11.2715 -5.5556 -0.7792 90 101 59
-11.3504 -5.7970 1.5311 173 162 144
-11.3636 -5.7697 0.4670 95 100 96
-11.4650 -5.0325 1.1271 178 163 142
-11.5297 -5.2615 0.3899 30 34 33
-11.6570 -6.0443 1.8245 68 59 42
-11.6141 -5.9221 1.7224 161 154 136
-11.3536 -5.7340 -0.0874 109 108 103
-11.5507 -5.1706 1.1630 181 168 151
-11.7516 -5.2208 1.2796 176 165 145
-11.6326 -5.7260 -0.1516 30 32 31
-11.6250 -5.1719 1.2089 104 95 80
-11.4002 -5.8871 1.7320 153 141 125
-11.4125 -5.8145 -0.4574 137 147 120
-11.2499 -5.5697 -0.4912 47 48 43
-11.7334 -5.1880 1.4487 81 69 57
-11.7012 -5.9202 1.8169 83 70 53
-11.7548 -5.2369 1.4016 77 61 38
-11.8176 -5.1972 1.3429 187 174 157
-11.5675 -5.9893 2.0082 73 63 53
-11.8049 -5.4602 -0.9159 55 57 56
-10.9511 -4.2242 0.2780 154 142 126
-12.4140 -7.0318 3.1969 96 85 65
-11.6167 -5.8919 1.9178 103 85 65
-11.3335 -5.8265 1.5161 53 44 27
-11.3502 -5.7083 -0.1002 59 59 51
-11.6425 -5.2069 1.3789 88 71 45
-11.3764 -5.7604 -0.6402 115 123 84
-11.5585 -5.8706 1.8435 100 87 71
-11.7388 -5.2419 1.3611 190 175 156
-11.6032 -5.1929 1.3279 164 149 130
-11.6367 -5.2011 1.3458 189 172 152
-11.4294 -4.9876 0.9950 175 163 147
-11.9906 -6.4105 2.2132 164 153 133
-11.3388 -5.7308 -0.0501 75 75 73
-12.0417 -5.5219 -3.9549 30 23 30
-11.4133 -5.8050 -0.6177 98 99 85
-11.8295 -6.0603 2.2312 93 86 70
-11.8607 -5.2384 1.3624 85 73 57
-11.8006 -5.1682 1.4535 92 69 55
-11.6504 -5.8998 1.7587 94 81 62
-11.8630 -5.2355 1.3520 116 105 87
-11.2383 -5.6006 -0.4417 118 119 114
-11.2761 -5.5543 -0.7586 86 100 65
-11.7823 -6.0472 1.9435 101 89 65
-11.7180 -5.2523 1.3315 200 188 166
-11.8164 -5.4644 -0.9632 105 105 103
-11.7380 -6.0424 1.9063 164 155 138
-11.5336 -5.9204 -0.5042 92 92 90
-11.7687 -5.2290 1.4115 176 158 134
-11.5314 -5.4757 1.4852 81 66 47
-11.7498 -5.2450 1.4005 117 105 91
-11.3166 -4.8142 0.8681 106 85 66
-11.8029 -5.3046 1.4348 92 76 60
-11.4131 -5.7769 1.4899 167 152 131
-11.3135 -5.6631 -0.5935 125 124 120
-11.2936 -4.8039 0.8256 119 104 85
-11.3768 -5.7809 -0.6361 45 48 17
-11.6442 -6.0653 1.9535 124 108 92
-11.5147 -5.8633 1.8117 85 70 51
-11.6321 -5.2033 1.3452 198 183 162
-11.2330 -5.5996 -0.3360 138 139 134
-11.2330 -5.5985 -0.3156 113 115 112
-11.3362 -5.7549 -0.0719 110 111 103
-11.3728 -5.7186 -0.0737 109 107 95
-11.6148 -5.6903 -0.1405 30 32 31
-11.5732 -5.6960 -0.1601 46 46 44
-11.8997 -6.0504 2.1860 82 69 50
-11.8874 -5.2160 -0.2620 209 208 204
-11.5528 -5.9336 1.9247 153 143 131
-11.5822 -5.8956 1.8862 180 167 148
-11.6931 -6.0562 2.0639 92 79 60
-11.6629 -5.8130 1.8468 116 99 83
-12.0339 -6.2980 2.3881 179 167 145
-11.4957 -5.0257 1.1592 160 143 123
-11.6094 -5.1440 1.3033 89 73 57
-12.3414 -6.9378 2.9975 90 72 52
-11.8213 -6.1220 2.0921 116 103 86
-11.7115 -5.2269 1.3668 97 84 67
-11.3555 -5.8112 1.6367 87 75 63
-11.6388 -6.1323 1.9802 167 155 133
-12.0241 -5.5000 -3.9016 41 34 41
-11.5547 -5.9389 1.7943 49 39 29
-11.6468 -6.0081 1.8630 170 157 140
-11.2428 -5.4818 -0.9756 156 165 162
-11.7523 -6.0261 1.9081 99 88 68
-11.4115 -5.7672 1.5578 132 119 100
-11.4972 -5.0803 1.1150 173 160 143
-11.3925 -5.8045 1.5685 93 76 56
-11.5680 -5.9658 1.7593 156 148 129
-11.7846 -5.4366 -0.9328 67 69 68
-11.3927 -5.7502 1.5180 163 148 127
-11.7803 -5.4433 -0.8861 78 78 76
-11.7509 -6.0304 1.8633 99 87 73
-12.2530 -6.9007 2.6662 170 156 130
-11.7982 -5.4624 -0.8619 121 120 118
-11.6645 -5.2319 1.2685 101 92 75
-11.7410 -5.1936 1.2711 173 151 130
-11.6350 -5.8580 1.6856 166 150 134
-11.9494 -6.4437 2.2124 169 162 146
-11.7065 -5.2092 1.2611 179 161 141
-11.4491 -5.0222 1.0149 140 130 120
-11.4991 -5.0865 1.0837 171 156 137
-11.3449 -5.7595 1.4641 81 69 55
-11.5414 -5.9350 1.6666 147 133 120
-11.4157 -5.7797 1.4951 155 138 118
-11.3588 -5.7040 -0.6194 81 86 56
-11.3407 -5.8663 1.4856 57 50 40
-11.6216 -5.6944 -0.6136 59 59 57
-11.5903 -5.6191 -0.5361 106 106 104
-11.6913 -5.7401 -0.5694 47 47 45
-11.9166 -5.2501 0.5651 191 190 188
-11.5080 -5.2322 0.4076 131 133 130
-11.3590 -5.7542 0.4670 95 100 96
-11.3317 -5.7305 0.4459 108 109 104
-11.3594 -5.7338 0.4060 85 85 83
-11.7938 -5.1809 -0.3716 35 31 28
-11.4142 -5.8212 -0.4584 137 147 120
-11.6047 -5.6593 -0.4331 27 29 26
-11.7469 -5.8907 2.0472 98 86 72
-11.8829 -5.2182 1.4011 113 98 79
-11.6958 -5.2192 1.2951 194 179 158
-11.3257 -5.7709 1.5141 137 128 113
-11.3611 -4.8863 0.9671 117 102 83
-11.8614 -5.2365 1.4552 59 50 33
-11.4629 -5.7775 1.4735 147 137 125
-11.2214 -5.5425 -0.3870 59 58 54
-11.3298 -5.7511 1.4070 46 42 33
-12.1424 -5.4835 -3.7833 21 19 20
-11.3431 -5.8126 1.4921 135 126 111
-11.2278 -5.5896 -0.4215 95 96 98
-11.3595 -5.7333 0.3417 86 88 85
-11.6407 -5.9560 1.8606 108 91 71
-11.3657 -5.8191 1.6942 63 47 34
-12.3018 -6.7497 2.8602 166 154 132
-11.8237 -5.5089 -0.9290 73 75 74
-11.8346 -5.5144 -0.9032 121 120 118
-11.3345 -5.7415 0.4481 108 109 104
-11.6724 -6.0080 2.0184 92 79 60
-11.8433 -5.3422 1.5767 187 171 148
-11.5893 -5.3392 0.3606 87 86 84
-11.3086 -5.6475 -0.7076 31 31 29
-11.6590 -5.7568 -0.6348 125 127 122
-11.4001 -5.9486 1.8042 65 49 34
-11.6647 -5.7690 -0.5892 185 187 184
-11.3508 -5.7981 -0.0849 118 119 111
-11.8996 -5.3189 -0.3489 171 171 171
-11.7145 -5.3051 1.4451 80 67 48
-11.6503 -5.7697 -0.5371 144 144 142
-11.6662 -5.7885 -0.4935 69 71 68
-11.3641 -5.8412 1.6655 87 75 63
-11.5883 -5.6223 -0.4208 69 71 68
-11.5682 -5.6823 -0.3337 157 157 157
-11.6473 -5.7545 -0.3710 40 42 39
-11.5557 -5.9400 1.7927 49 39 29
-11.9062 -5.3717 -0.3575 29 25 24
-11.7296 -5.2588 1.3652 179 164 143
-11.7326 -5.2497 1.3337 119 102 84
-11.5705 -5.9691 1.7658 156 148 129
-11.5229 -5.1209 1.1452 168 153 134
-11.7110 -5.9232 1.7695 177 168 151
-11.5029 -5.1093 1.1171 167 152 131
-11.3459 -5.7711 1.4801 84 70 57
-11.5716 -5.9628 1.7132 130 120 95
-11.4126 -5.7768 1.4972 128 117 97
-11.2466 -5.6359 1.2751 150 137 118
-11.8371 -5.2138 1.5097 128 106 92
-11.3406 -5.7057 0.3151 88 93 89
-11.4532 -5.8859 1.6634 147 132 113
-11.6476 -5.9674 1.9935 103 85 65
-11.6326 -5.9498 1.9541 193 178 159
-11.7188 -5.3162 1.4963 88 71 45
-11.8764 -5.3000 1.5536 177 163 137
-11.8459 -5.2083 1.4630 69 56 39
-11.3366 -5.7011 0.1786 218 220 219
-11.6482 -5.2159 1.2778 175 158 138
-11.6116 -6.0079 1.9697 66 53 36
-11.6979 -5.6669 1.7443 168 153 134
-12.1718 -5.5314 -2.7590 56 26 26
-11.3707 -5.7463 -0.6121 108 117 72
-11.6850 -5.8357 -0.6763 58 58 56
-11.5948 -5.9118 1.8171 171 163 140
-12.1587 -5.4992 -3.8293 21 19 20
-11.6362 -5.9766 1.8467 162 146 130
-11.8818 -5.2639 1.3896 85 73 57
-11.8828 -5.2111 -0.2604 209 208 204
-11.2433 -5.5569 -0.4610 47 48 43
-11.3813 -5.7390 1.5053 155 137 117
-11.4038 -5.8051 -0.2174 113 132 113
-11.2681 -5.6081 -0.4324 141 143 142
-11.2059 -5.4941 -1.0141 103 114 110
-11.3252 -5.7522 1.4429 176 167 150
-11.3099 -5.7404 1.3979 85 77 66
-11.2720 -5.7085 1.3463 93 82 60
-11.2206 -5.5690 1.2220 103 94 79
-11.6385 -5.7159 -0.2183 206 208 207
-11.7150 -5.3488 1.5053 158 141 121
-11.4397 -5.7999 1.5894 49 37 21
-11.3083 -5.7763 1.6538 175 163 141
-11.5463 -5.1294 1.2762 165 150 127
-11.6684 -5.8313 1.8282 131 118 101
-12.1002 -5.4927 -3.6646 47 23 21
-12.2770 -6.6815 2.6043 171 152 137
-11.6655 -6.0844 2.1076 86 75 57
-11.9067 -5.5066 -0.5879 143 145 144
-12.0954 -6.4505 2.3967 184 167 147
-11.5888 -5.9878 1.8512 167 156 136
-11.2226 -5.5482 -0.3889 59 58 54
-11.7110 -6.0984 1.9086 104 88 73
-11.9706 -5.3306 0.6429 112 105 97
-11.4508 -5.8037 1.6626 144 131 112
-11.7614 -5.9888 1.9133 63 51 29
-11.7266 -5.4170 1.5476 127 111 95
-11.4352 -5.4239 -0.8609 104 104 104
-11.6575 -5.9679 1.9931 75 63 41
-11.6159 -5.1566 1.3238 122 101 80
-11.3793 -5.8828 1.7496 61 45 30
-11.3278 -5.7491 1.6148 155 138 122
-11.3451 -5.7708 1.6126 87 75 63
-11.6906 -5.8246 1.8036 99 90 73
-11.6089 -5.9480 1.8483 171 163 140
-11.5498 -5.9300 1.7934 43 35 24
-11.6968 -5.9435 1.8604 164 153 133
-11.5213 -5.1210 1.1830 59 50 33
-11.8351 -5.2137 1.3697 194 181 164
-11.2100 -5.4855 -0.9951 121 131 130
-11.3384 -5.8471 1.5764 78 67 49
-11.3433 -5.7766 1.5298 163 152 134
-11.3936 -5.8303 1.5898 91 78 61
-11.3954 -5.6703 1.4796 124 111 95
-11.5955 -6.0379 1.8248 156 148 129
-11.8064 -6.1297 1.9464 151 144 126
-11.3991 -4.9809 0.9805 179 162 142
-11.6075 -5.2543 1.2540 173 158 137
-11.5822 -5.9918 1.7427 130 120 95
-11.3250 -5.7637 1.4567 172 163 146
-11.2536 -5.4994 -0.7849 174 176 163
-11.5650 -5.4434 0.6575 101 103 100
-11.3402 -5.7653 0.4637 86 86 84
-11.2116 -5.4831 -0.7328 140 142 137
-11.3518 -5.8039 -0.0824 118 119 111
-11.6600 -5.7954 -0.1485 42 44 43
-11.7559 -5.9616 -0.6856 185 187 184
-11.5600 -5.6615 -0.3172 176 176 176
-11.6562 -5.7078 -0.4122 168 170 169
-11.7123 -5.8042 -0.5371 192 191 189
-11.5212 -5.0718 1.1829 79 64 41
-11.8440 -5.4281 -0.5376 148 148 148
-11.8118 -5.2390 1.4574 79 58 37
-11.4483 -5.7350 1.4534 147 131 115
-11.2877 -5.7322 1.3832 143 131 109
-11.3593 -5.7234 1.4264 151 139 115
-11.8449 -5.2259 1.5283 112 94 80
-11.8809 -6.1038 2.2206 164 152 128
-11.3376 -5.7459 1.7099 154 145 136
-11.6348 -5.8651 1.7017 170 157 140
-11.3833 -5.7414 1.5047 154 136 114
-12.3271 -6.9022 2.8399 156 139 119
-11.7262 -5.3299 1.4095 161 143 119
-11.3899 -5.7389 1.5809 121 105 90
-12.1292 -5.5098 -3.6412 95 89 89
-11.5881 -5.6027 -0.5604 135 137 132
-11.5905 -5.9905 1.8666 175 167 146
-11.6664 -6.0977 1.9947 168 157 135
-11.4929 -5.0809 1.1530 125 116 101
-11.7689 -5.2635 1.4131 114 101 85
-11.5542 -5.9371 1.7984 65 55 43
-11.3485 -5.7960 1.5550 177 166 148
-12.0067 -5.4856 -3.8615 36 33 52
-11.6918 -6.2797 2.0181 168 156 130
-11.9941 -6.5407 2.3142 168 161 142
-11.4785 -5.0463 1.0609 170 154 131
-11.3568 -5.8089 1.5217 71 57 44
-11.3321 -5.7851 1.4720 174 165 148
-11.5327 -5.4028 0.6778 171 173 170
-11.3642 -5.7906 -0.0826 147 148 142
-11.2402 -5.4725 -0.9319 150 159 156
-11.6116 -5.7805 -0.3503 173 175 174
-11.5745 -5.5364 -0.3322 95 97 96
-11.6126 -5.6347 -0.4171 196 198 197
-11.9567 -5.3710 -0.4253 72 68 67
-11.7020 -5.8787 -0.5706 170 172 171
-11.2473 -5.4734 -0.7676 174 176 163
-11.7150 -5.7202 -0.6557 114 115 107
-11.4017 -5.7788 -0.5798 115 118 91
-11.5879 -5.1228 1.2108 172 155 127
-11.7453 -5.2885 1.4006 167 155 131
-11.3093 -5.7660 1.4048 74 67 59
-11.7940 -5.4682 -0.8565 158 159 154
-11.8564 -5.4447 -0.5564 145 145 145
-11.2651 -5.6513 -0.4253 165 165 163
-11.4949 -5.7346 1.7534 163 150 133
-11.6384 -5.9257 1.9465 92 79 60
-11.3928 -5.3349 -0.9925 81 82 77
-11.6077 -6.0071 1.9673 90 77 58
-11.6036 -5.1401 1.2982 85 69 53
-11.8205 -5.1980 1.4975 112 94 80
-11.3775 -5.7346 1.5030 168 149 132
-11.2471 -5.5499 -0.6642 35 35 33
-11.6275 -5.5600 -0.7896 176 178 177
-11.3443 -5.8119 1.6754 155 138 122
-11.7294 -5.1406 1.3507 102 81 62
-11.5471 -5.1257 1.2435 110 94 79
-11.8255 -5.2332 1.4467 158 141 113
-11.3175 -5.7651 1.5194 70 59 41
-11.3010 -5.6388 0.1047 71 75 74
-11.3477 -5.6678 0.0003 75 77 72
-11.5205 -5.8672 1.8832 103 93 81
-11.6220 -5.9836 1.8954 168 157 135
-11.7490 -5.2391 1.3882 114 101 85
-11.6944 -5.2765 1.3553 173 156 130
-11.3589 -5.8247 1.5871 164 151 132
-11.7170 -6.3449 2.0959 172 158 132
-11.9185 -5.8579 1.7997 178 161 141
-11.7630 -5.5517 -2.4085 28 27 25
-11.3399 -5.8150 1.4887 165 156 139
-11.4903 -6.0010 1.6770 105 88 70
-11.5159 -5.2049 -1.5596 97 90 84
-11.6042 -5.4889 0.6780 118 120 119
-11.5965 -5.7879 -0.0508 206 207 209
-11.3845 -5.8201 -0.1264 40 46 34
-11.6320 -5.7384 -0.1286 36 38 35
-11.6159 -5.6891 -0.3728 41 43 38
-11.8720 -5.3037 -0.3593 49 51 46
-11.7573 -5.8614 -0.5673 40 39 37
-11.6709 -5.8059 -0.5710 163 163 161
-11.2880 -5.6076 -0.7327 149 150 142
-11.3051 -5.6172 -0.6667 87 86 81
-11.4389 -5.8982 -0.6219 105 109 86
-11.7539 -5.7943 -0.6970 114 115 107
-11.3671 -5.8517 1.7936 96 83 67
-11.7756 -5.7366 1.8634 115 99 84
-11.3626 -5.8192 1.6821 109 93 80
-11.5943 -5.9782 1.9445 121 108 91
-11.9502 -6.2013 2.2627 82 70 54
-11.6126 -5.2002 1.3072 161 144 118
-11.7725 -5.1705 1.3718 158 141 113
-11.7567 -6.0928 2.0079 147 132 113
-11.2871 -5.6524 1.4457 130 117 100
-11.3225 -5.7205 0.1088 58 62 61
-11.6912 -6.0075 1.8172 153 138 115
-11.6404 -5.5796 -0.7975 122 124 123
-11.7007 -5.2621 1.3026 189 180 165
-11.5592 -5.8841 1.8702 121 108 91
-11.7882 -5.4944 1.6408 106 90 75
-11.4092 -4.9485 1.0152 51 39 27
-11.5869 -5.9921 1.7922 172 158 132
-11.5522 -5.0535 1.1062 189 180 165
-11.4634 -5.0611 1.0608 165 148 120
-11.6168 -6.1313 1.8278 87 77 75
-11.4234 -5.8955 -0.2241 96 116 91
-11.5709 -5.5327 -0.3136 148 150 149
-11.7000 -5.7979 -0.5384 200 202 201
-12.8767 -4.4794 1.4611 156 143 127
-12.5102 -4.6033 0.1492 86 85 80
-12.7026 -5.0242 1.7760 58 58 48
-12.5339 -4.5902 0.1805 221 221 219
-12.3649 -5.0522 1.2238 164 151 134
-12.3598 -5.0065 1.1845 69 56 47
-12.7220 -4.8036 1.6943 169 161 148
-12.7337 -4.8222 1.7014 127 112 93
-12.6139 -4.9663 1.6469 159 145 136
-12.4227 -5.0348 0.2233 98 101 94
-12.8110 -4.6179 1.3823 184 174 162
-12.4799 -4.9832 1.2784 175 158 142
-12.8633 -4.5042 1.4406 184 175 158
-12.8077 -4.6642 1.4478 137 125 101
-12.7233 -4.8061 1.6601 111 101 89
-12.5245 -5.0958 1.5910 206 191 168
-12.6722 -4.9133 1.6501 77 58 41
-12.7216 -4.7418 1.6282 90 78 62
-12.8200 -4.6317 1.6713 115 103 81
-12.8075 -4.6095 1.6536 120 104 88
-12.6738 -4.9180 1.6394 203 186 170
-12.8351 -4.6368 1.7222 175 161 148
-12.7752 -4.6044 1.6390 186 172 161
-12.7820 -4.7291 1.6638 129 117 91
-12.2800 -4.4291 -1.5372 112 104 93
-13.2911 -5.6470 2.3804 104 90 64
-12.7292 -4.9860 1.7069 179 164 145
-12.2817 -4.4458 -1.5328 153 143 131
-12.7720 -4.7684 1.6596 181 169 147
-12.2094 -4.6306 -1.5030 100 90 78
-12.2088 -4.6349 -1.4738 99 99 97
-12.7014 -4.5218 -1.3462 72 67 63
-12.2509 -4.9720 -0.7956 100 99 97
-12.8120 -4.6163 1.5552 169 156 137
-12.8052 -4.5519 1.6012 94 75 58
-12.2309 -4.9584 -0.7763 100 99 97
-12.9169 -4.3428 1.5431 142 128 115
-12.7282 -4.9834 1.6487 137 125 101
-12.2407 -4.7026 -1.3785 130 127 118
-12.6295 -5.1759 1.6709 170 160 135
-12.8544 -4.6394 1.5804 204 188 173
-12.7653 -4.7562 1.6366 198 187 167
-12.7922 -4.6901 1.5449 127 116 98
-11.9226 -4.7164 0.9484 175 162 143
-12.8727 -4.4247 1.5772 198 180 166
-12.6134 -4.8077 -0.8425 156 158 155
-12.7306 -4.7586 1.5962 174 159 140
-12.6806 -4.9255 1.6066 122 109 92
-12.1870 -4.8972 -1.2441 154 160 156
-12.4555 -4.6882 -1.3646 57 56 52
-12.2580 -4.9571 -0.6823 145 144 140
-12.7906 -4.5774 1.5757 175 158 142
-12.9024 -4.3844 1.6011 124 107 89
-12.6812 -4.5157 -1.4016 174 173 169
-12.5112 -4.7357 -1.3486 41 42 37
-12.6835 -4.9250 1.5134 172 155 137
-12.6696 -4.8296 -0.7768 58 57 55
-12.8045 -4.5852 1.5825 129 112 96
-12.2777 -4.9898 -0.6528 50 49 47
-12.7216 -4.9215 1.6190 182 169 150
-12.7071 -4.5169 -1.3492 159 158 153
-12.7783 -4.7768 1.6167 128 110 90
-12.7367 -4.5508 -1.3468 77 82 78
-12.7245 -4.8046 1.3895 154 150 139
-12.2594 -5.0105 1.2839 76 63 44
-12.2694 -5.0085 -0.6307 85 86 81
-12.6909 -4.8157 1.4634 186 173 156
-12.2495 -4.9871 -0.5631 37 39 34
-12.8779 -4.5294 1.6057 84 66 52
-12.5924 -5.1456 1.5768 173 157 142
-12.9050 -4.4350 1.5966 140 126 100
-12.2920 -4.9409 -0.9752 36 39 32
-12.2446 -4.9917 -0.9462 131 131 123
-12.2864 -4.9416 -0.9432 50 53 46
-12.7137 -4.8452 -0.3801 153 152 150
-12.9033 -4.3389 1.5512 85 73 59
-12.8973 -4.4229 1.3590 146 132 119
-12.2859 -4.9447 -0.9221 80 81 75
-12.2784 -4.9689 -0.9166 114 113 111
-12.4459 -5.0341 -0.3059 153 152 147
-12.6102 -4.9642 1.5198 170 157 148
-12.8294 -4.5428 1.4552 115 98 80
-12.7226 -4.9824 1.6111 124 111 92
-12.5711 -4.6203 0.0818 117 116 114
-12.1917 -4.9032 1.0413 160 149 131
-12.2566 -4.9570 -0.8166 113 114 109
-12.3119 -4.9597 -0.8372 135 134 132
-12.1666 -4.9380 1.1708 189 178 160
-12.9427 -4.4573 1.4963 129 111 89
-12.6724 -4.9153 1.5428 100 84 59
-12.2827 -4.9627 -0.8091 52 51 49
-12.2797 -4.9724 -0.8024 181 181 179
-12.4607 -5.0111 1.3183 146 133 114
-12.8225 -4.5836 1.6300 177 161 146
-12.7948 -4.6396 1.5404 90 73 65
-12.8190 -4.5242 1.5182 104 84 73
-12.8731 -4.5210 1.5625 105 88 70
-12.8653 -4.4593 1.5330 194 187 168
-12.2780 -4.9797 -0.7742 100 100 98
-12.4732 -5.0011 -0.8607 99 98 80
-12.2036 -4.9553 1.1890 186 174 150
-12.2852 -4.9620 -0.7524 176 175 171
-12.7152 -5.0253 1.5955 61 57 45
-12.2533 -4.9696 -0.7395 138 137 135
-12.3118 -4.9718 -0.7440 47 47 45
-12.0594 -4.8306 1.0346 147 132 109
-12.6100 -4.8877 1.5950 114 95 78
-12.2454 -4.9591 -0.7126 130 130 128
-12.2572 -4.9591 -0.6965 140 139 135
-12.4458 -5.0599 1.2480 159 152 146
-12.7936 -4.6962 1.5340 188 175 158
-12.2951 -5.0259 -0.7175 42 41 39
-12.9946 -4.4538 -0.3997 99 94 90
-12.5324 -4.6039 0.1497 80 79 74
-12.2795 -4.9809 -0.6955 43 42 38
-12.2782 -4.9850 -0.6957 134 134 132
-12.6543 -4.7787 -0.8069 128 128 126
-12.6281 -4.8177 -0.7974 169 169 167
-12.2841 -4.9697 -0.6809 112 111 107
-12.6932 -5.0106 1.5418 171 165 151
-12.2799 -4.9820 -0.6814 159 158 154
-12.8691 -4.5146 1.4659 182 169 150
-12.7455 -4.8411 1.5289 164 151 135
-12.7708 -4.6314 1.4856 86 69 53
-12.8094 -4.6119 1.5065 90 77 61
-12.6807 -4.7940 -0.8014 159 159 157
-12.6847 -4.8013 -0.7783 77 79 78
-12.8941 -4.4171 1.4961 98 81 63
-12.2796 -4.9886 -0.6317 139 138 136
-12.5982 -4.9866 -0.7431 106 106 104
-12.1654 -4.8723 1.1000 157 141 125
-12.2495 -4.9854 -0.6127 178 179 174
-12.2724 -5.0100 -0.6033 207 208 203
-12.6161 -4.8169 -0.6459 90 89 87
-12.2480 -4.9927 -0.5420 122 124 121
-12.8805 -4.5355 1.4337 124 114 102
-12.4850 -4.9621 1.3498 55 42 25
-12.4791 -5.0563 1.3108 48 38 26
-12.9745 -4.4446 -0.4462 101 98 93
-12.4073 -4.9980 -0.3283 230 229 224
-12.9344 -4.4437 -0.3697 99 94 90
-12.4766 -5.0314 1.3602 173 162 140
-12.4159 -5.0049 -0.2995 67 68 62
-12.4076 -5.0269 -0.2998 113 114 108
-12.8302 -4.7004 1.5112 191 179 163
-12.8658 -4.5084 1.4801 119 106 87
-12.6986 -5.0116 1.4575 167 163 152
-12.5316 -5.1131 1.4150 163 150 134
-12.5580 -5.0432 1.4133 169 152 136
-12.9746 -4.4587 -0.2023 32 25 19
-12.8352 -4.6534 1.4964 123 104 87
-12.8281 -4.6454 1.4843 190 173 147
-12.9737 -4.3816 0.5150 22 15 7
-12.3995 -5.0009 -0.0626 243 247 248
-12.8798 -4.4854 1.4376 181 168 152
-12.8676 -4.5124 1.4368 97 84 68
-12.5096 -5.0834 1.3821 193 186 170
-12.6300 -4.9136 1.4178 88 74 63
-12.7466 -4.6660 1.4236 177 161 148
-12.8634 -4.5043 1.4590 85 73 59
-12.8837 -4.4952 1.4659 202 193 178
-12.9525 -4.3758 0.6345 53 52 50
-12.8824 -4.4144 1.4804 96 75 56
-12.6912 -4.8069 -0.7586 158 158 158
-12.2898 -4.9962 -0.6382 139 138 136
-12.5373 -4.6057 0.1483 80 79 74
-12.8359 -4.6278 1.7153 88 78 68
-12.8210 -4.6011 1.4863 179 163 148
-12.2783 -4.4447 -1.5259 153 143 131
-12.2041 -4.6279 -1.4931 100 90 78
-12.2043 -4.6264 -1.4777 125 113 97
-12.2016 -4.6315 -1.4621 99 99 97
-12.6459 -5.1087 1.5053 123 105 83
-12.6782 -4.9219 1.6633 132 114 94
-12.2335 -4.6991 -1.3677 130 127 118
-12.9346 -5.4387 1.7219 174 160 147
-12.7254 -4.9835 1.7000 167 152 133
-12.6783 -4.9220 1.6417 188 172 156
-12.8099 -4.7102 1.4884 171 159 143
-12.7399 -4.8109 1.4044 154 150 139
-12.7882 -4.7379 1.6581 106 94 72
-12.4789 -4.6915 -1.4224 74 74 66
-12.5985 -4.8478 -0.4469 30 32 29
-12.7006 -4.7998 1.3677 61 58 49
-12.7434 -5.2565 1.7873 175 163 137
-12.6208 -4.8086 -0.4283 41 43 40
-12.7669 -4.7701 1.6406 189 177 155
-12.8302 -4.5544 1.5769 187 171 146
-12.2939 -4.9466 -1.0052 155 155 147
-12.6995 -4.5262 -1.4013 74 73 69
-12.4459 -5.0341 -0.3059 153 152 147
-12.8546 -4.5378 1.6233 114 92 71
-12.8904 -4.4284 1.5995 190 175 156
-12.9224 -4.4266 1.3802 164 147 129
-12.5443 -4.7408 -1.3104 37 33 30
-12.6964 -5.2206 1.6680 182 166 153
-12.7040 -4.5163 -1.3464 159 158 153
-12.3172 -4.9611 -1.1290 134 131 126
-12.2945 -4.9491 -0.9540 30 33 26
-12.8542 -4.5079 1.5660 179 166 150
-12.2471 -4.7115 -1.3764 33 33 31
-12.6968 -5.0137 1.6033 139 126 117
-12.8252 -4.6199 1.5690 169 156 137
-12.9822 -4.4519 -0.3954 99 94 90
-12.9756 -4.4568 -0.3589 104 97 89
-12.6943 -4.7948 1.6389 94 84 72
-12.5981 -4.9678 1.3769 112 106 92
-12.8069 -5.0701 1.6930 170 158 146
-12.8855 -4.4191 1.6795 203 196 188
-12.8534 -4.5353 1.5558 89 67 54
-12.2904 -4.9769 -0.7837 96 94 95
-12.8207 -4.5369 1.4347 189 173 157
-12.2871 -4.9869 -0.7843 163 162 160
-12.3498 -4.9716 1.3344 83 71 57
-12.8905 -4.4284 1.6213 199 187 165
-12.2856 -4.9940 -0.7587 124 123 121
-12.3260 -4.9862 -0.7484 163 163 161
-12.7589 -4.8875 1.5660 190 174 158
-12.7826 -4.6623 1.5093 192 180 166
-12.6806 -4.7909 -0.8245 198 198 196
-12.2581 -4.9753 -0.6656 199 195 194
-12.7933 -4.6816 1.5012 171 163 144
-12.4706 -5.0271 -0.9266 110 118 81
-12.9652 -4.4438 -0.4120 38 33 29
-12.5944 -5.1286 1.5938 54 41 33
-12.5188 -4.9499 1.2471 156 147 140
-12.1759 -4.8849 1.0588 174 160 147
-12.8971 -4.3824 1.5521 85 62 46
-12.7659 -4.9054 1.5369 176 169 151
-12.6261 -5.0882 1.4741 178 161 143
-12.7316 -4.8484 1.5119 91 80 62
-12.7647 -4.7669 1.6708 104 88 73
-12.5810 -4.9510 1.6766 107 103 92
-11.5556 -4.2657 0.5098 155 138 122
-12.2800 -4.4466 -1.5652 14 10 9
-12.5381 -5.0922 1.3708 101 89 73
-12.6038 -4.8043 -0.6224 38 37 35
-12.8834 -4.5305 1.4547 212 199 183
-12.3721 -4.9678 -0.3547 57 72 51
-12.7809 -4.7260 1.6373 61 48 31
-12.7989 -4.6265 1.6569 112 97 78
-12.7985 -4.6264 1.6023 126 113 94
-12.7130 -4.7496 1.5591 129 111 89
-12.2555 -4.9784 1.2211 185 170 149
-12.8564 -4.5212 1.5419 198 181 163
-12.9670 -4.4575 -0.2942 87 82 76
-12.2886 -4.9839 -0.7668 156 155 151
-12.3177 -4.9666 -0.8737 68 67 65
-12.8768 -5.2949 1.7196 81 73 50
-12.7698 -4.6885 1.5141 188 175 158
-12.7160 -4.7553 1.5312 188 171 145
-12.6454 -4.8099 -0.9461 139 138 134
-12.6819 -4.9214 1.5520 105 89 66
-12.2699 -4.9977 1.1333 134 117 91
-12.4079 -5.0866 1.2602 165 152 136
-12.7797 -4.6352 1.5294 90 73 65
-12.7146 -4.8221 1.5025 114 98 82
-12.2858 -5.0016 -0.6110 92 94 91
-12.2508 -4.9628 1.2895 179 164 143
-12.7019 -4.9488 1.5314 157 139 125
-12.2856 -5.0045 -0.6467 121 121 119
-12.7743 -4.7777 1.5550 98 81 55
-12.7101 -4.5493 -1.2966 192 191 187
-12.6488 -4.7914 -0.9020 104 103 99
-12.6790 -4.8145 1.4413 144 131 114
-12.9266 -4.3751 0.5122 37 32 26
-12.4325 -4.9205 1.3628 78 62 47
-12.4033 -5.0604 1.2209 160 149 131
-12.4941 -5.0245 1.3615 44 29 10
-12.3360 -4.9840 1.2417 145 135 123
-11.9653 -4.7696 0.9781 111 94 74
-12.5283 -4.7333 -1.2857 37 33 30
-12.5908 -4.9521 1.4778 78 72 58
-12.7469 -4.8844 1.5808 182 165 149
-12.6531 -4.7791 -0.8703 71 72 67
-12.6596 -4.8277 -0.8722 164 166 163
-12.2300 -4.9366 -0.6558 156 155 151
-12.2581 -4.9769 -0.6642 133 129 128
-12.2936 -5.0039 -0.6620 54 54 52
-12.6641 -4.9490 1.6359 170 158 136
-12.6277 -4.8089 -0.7397 58 57 55
-12.8372 -4.6383 1.3992 147 137 128
-12.8634 -4.6308 1.4169 168 156 140
-12.6429 -4.7862 -0.7258 158 158 158
-12.9418 -4.4294 1.3958 164 147 129
-12.5957 -4.8464 -0.6430 145 144 142
-12.6123 -4.8031 -0.6333 45 44 42
-12.7688 -4.5953 1.4502 90 74 59
-12.6318 -4.8095 -0.4689 212 214 209
-12.3333 -4.9562 -0.2631 159 159 149
-12.9566 -4.3892 0.6974 119 120 115
-12.7661 -4.6173 1.5697 126 113 94
-12.4276 -5.0211 -0.0633 230 234 235
-12.9364 -4.4029 0.2543 200 196 193
-12.8206 -4.6145 1.4669 180 167 150
-12.2957 -4.4335 -1.5484 126 116 104
-12.5114 -4.7159 -1.4136 73 73 65
-12.4858 -4.7255 -1.3634 172 171 167
-12.5236 -4.7312 -1.3496 44 43 38
-12.6596 -4.5153 -1.3551 78 77 73
-12.8338 -4.5615 1.6047 180 163 143
-12.6946 -4.8041 -0.7831 36 38 37
-12.5429 -4.8688 1.3565 59 43 30
-12.6502 -5.1130 1.5119 150 132 108
-12.8974 -4.6257 1.5449 106 90 75
-12.7635 -4.6708 1.4429 193 179 166
-12.5438 -5.1234 1.4005 80 71 56
-12.8058 -4.7404 1.6138 104 91 75
-13.0359 -4.4858 -0.7190 81 81 83
-12.8305 -4.5554 1.5741 187 171 146
-12.7369 -4.9542 1.6896 181 165 149
-12.4359 -5.0195 -0.2942 71 72 66
-12.8885 -4.3792 1.5562 92 75 57
-12.2961 -4.9807 -0.7854 199 198 196
-12.2618 -4.9590 -0.7857 111 111 109
-12.7116 -4.7477 1.5819 182 167 144
-12.4249 -5.0348 0.2354 83 86 79
-12.3610 -5.0077 1.1953 73 61 47
-12.8727 -4.4177 1.6727 202 195 189
-12.6910 -4.8902 1.4362 194 182 168
-12.6545 -4.9353 1.6624 77 65 51
-12.4417 -4.9700 1.3083 178 161 143
-12.7729 -4.6874 1.4805 100 88 74
-12.6765 -4.7774 1.6143 191 180 160
-12.8577 -4.4589 1.5385 202 193 176
-12.9091 -5.2842 1.7172 176 158 138
-12.8887 -4.5172 1.4601 137 121 106
-12.7463 -4.7222 1.6269 82 70 46
-12.8640 -4.4729 1.4042 118 106 84
-12.8784 -4.3580 1.5930 115 96 79
-12.4781 -5.0099 -0.4642 105 131 118
-12.7586 -4.9423 1.6871 63 51 35
-12.5190 -4.9500 1.2492 156 147 140
-12.5070 -5.0800 1.3378 66 56 46
-12.7483 -4.7256 1.5907 159 147 131
-12.6610 -4.9387 1.4421 176 160 145
-12.8842 -4.3686 1.5562 174 157 131
-12.6393 -4.8062 -0.9375 139 138 134
-12.7134 -4.7511 1.5589 133 115 93
-12.4700 -5.0264 -0.9221 104 116 66
-12.9798 -4.4630 -0.2305 85 80 76
-12.9641 -4.4547 -0.3515 104 97 89
-12.8267 -4.5492 1.4522 185 167 147
-12.0975 -4.8518 0.9891 171 157 144
-12.7767 -4.8534 1.5731 98 85 69
-12.7319 -4.8630 1.5496 173 157 141
-12.7135 -4.5577 -1.2757 71 70 65
-12.3365 -4.9697 -0.9092 38 37 33
-12.6802 -4.7844 1.5437 183 174 159
-12.7213 -4.7652 1.5823 69 55 42
-12.9712 -4.4454 -0.4537 101 98 93
-12.3291 -5.0296 1.1473 109 96 79
-12.8337 -4.5614 1.6308 118 101 85
-12.3841 -5.0551 1.2012 165 152 133
-12.7371 -4.7080 1.5954 82 68 55
-12.5200 -5.1152 1.3565 182 175 157
-12.2793 -4.4387 -1.5579 87 82 78
-12.9116 -4.3565 1.5407 182 164 144
-12.4944 -4.7069 -1.4249 204 203 199
-12.2059 -4.9120 -1.2643 150 156 152
-12.6976 -4.6939 -1.5640 254 255 253
-12.8496 -4.6334 1.7340 130 120 110
-12.5078 -4.7127 -1.4101 62 62 54
-12.7265 -4.8091 1.6763 80 70 58
-12.7386 -4.8278 1.6768 185 174 152
-12.5074 -4.7238 -1.3326 45 44 40
-13.6635 -5.9762 2.8032 179 168 146
-12.7824 -4.9809 1.7471 199 183 167
-12.7119 -4.9883 1.6849 100 84 71
-12.8206 -5.0197 1.7654 178 170 151
-12.7737 -4.7838 1.6427 99 86 77
-12.8390 -5.0449 1.7620 119 104 83
-12.7596 -4.9546 1.6707 63 50 33
-12.8493 -4.5453 1.6090 192 174 152
-12.3466 -4.9832 -1.1545 118 116 104
-12.8471 -4.8849 1.6828 95 87 68
-12.6870 -4.9536 1.5743 178 166 152
-12.8710 -4.5828 1.5898 111 94 68
-12.6319 -4.8042 -0.9290 119 122 115
-12.7526 -4.8511 1.5519 58 46 32
-12.4896 -5.0125 -0.8607 114 114 88
-12.2931 -4.9970 -0.7557 130 130 128
-12.6682 -4.8309 -0.8763 164 166 163
-12.6116 -5.0821 1.4946 148 130 108
-12.3108 -4.9983 -0.7253 145 144 140
-12.8451 -4.7131 1.5457 111 99 83
-12.8399 -4.6175 1.5134 75 62 46
-12.9048 -4.4642 1.5119 200 189 171
-12.4959 -5.0791 1.3947 166 158 139
-12.6963 -5.1715 1.5499 78 70 47
-12.5122 -5.0241 1.3681 161 143 123
-12.8391 -4.6977 1.5126 190 178 162
-12.8450 -4.5534 1.4664 185 167 147
-12.8529 -5.3669 1.7001 103 90 74
-12.6308 -4.9899 1.4345 157 139 125
-12.6081 -4.8511 -0.6459 182 181 179
-12.4465 -5.0995 1.2649 138 126 104
-13.0173 -4.4827 -0.7096 81 81 83
-12.6901 -4.8375 -0.4914 203 205 202
-12.6151 -4.8557 -0.4474 32 34 31
-12.6970 -4.8441 -0.4479 41 43 42
-12.4691 -5.0335 -0.3751 50 50 42
-12.4085 -4.9984 -0.3197 110 111 105
-12.5149 -4.5961 0.1721 246 247 242
-12.5381 -4.6100 0.1519 110 111 105
-12.4348 -5.0263 -0.0638 230 234 235
-12.2546 -4.7115 -1.3955 111 108 101
-12.1974 -4.6223 -1.4682 127 114 97
-12.2874 -4.4503 -1.5411 152 136 120
-12.2946 -4.4327 -1.5411 122 110 98
-12.2813 -4.4391 -1.5606 87 82 78
-12.5584 -5.0200 1.4522 168 157 137
-12.7200 -4.7997 1.5276 95 81 70
-12.4196 -4.9871 1.2438 161 147 121
-12.6375 -4.9465 1.4548 123 107 94
-12.7468 -4.8551 1.5209 95 84 66
-12.7563 -4.5697 -1.3066 80 79 74
-12.9877 -4.4575 -0.3616 104 97 89
-12.6917 -4.9596 1.4685 185 169 153
-12.6414 -4.7894 -0.8999 100 99 94
-13.0428 -4.4595 -0.4685 100 97 92
-12.8910 -4.3543 1.5183 182 164 144
-12.7643 -4.9534 1.5343 104 88 72
-12.7936 -4.7231 1.4954 91 79 57
-12.7837 -5.2546 1.6365 95 83 59
-12.4834 -5.0872 1.2859 94 86 75
-12.9242 -4.5856 1.7136 121 105 89
-12.5793 -5.1467 0.1732 25 30 24
-12.6077 -4.9704 1.6652 61 58 49
-12.7868 -4.6147 1.6831 100 91 82
-12.6162 -4.9835 1.4008 134 121 104
-12.5582 -4.8873 1.5425 190 178 164
-13.0561 -5.5310 1.8493 160 147 130
-12.9247 -4.4453 1.4032 170 157 138
-12.6958 -4.8222 -0.7492 190 190 190
-12.6432 -4.8707 -0.4520 49 51 48
-12.5464 -4.5982 0.1977 223 223 221
-12.4082 -5.0270 -0.3007 113 114 108
-12.2417 -4.8880 0.1374 110 112 109
-12.2764 -4.4395 -1.5525 88 80 77
-12.1945 -4.6210 -1.4594 131 122 107
-12.1948 -4.9044 -1.2480 150 156 152
-12.4328 -4.6999 -1.3241 116 116 108
-12.7009 -4.5232 -1.4150 113 113 111
-12.7377 -4.5275 -1.3777 118 114 111
-12.5244 -4.7342 -1.2717 35 31 28
-12.6789 -4.7991 1.4053 174 161 145
-12.8847 -4.6745 1.5676 166 153 136
-12.2817 -4.9285 1.1983 166 158 139
-12.2435 -4.7052 -1.3832 116 113 104
-12.5312 -5.0315 1.4267 155 137 115
-12.7010 -4.6989 1.5681 61 48 31
-12.9332 -4.6427 1.5836 75 62 46
-12.5587 -5.1556 1.4472 112 99 82
-12.3872 -5.0569 1.2153 138 126 104
-12.8605 -4.5368 1.4328 117 104 85
-12.4906 -5.0549 -0.2803 47 48 43
-12.7453 -4.8944 1.5421 175 168 149
-12.8788 -4.5604 1.4619 162 144 132
-12.4983 -4.9824 1.4050 169 158 138
-12.7632 -4.6852 1.4921 155 143 127
-12.2713 -4.4253 -1.5167 148 136 122
-12.4385 -5.0152 -0.0049 103 110 102
-12.7713 -4.6996 1.4836 124 111 92
-12.2565 -4.9347 -1.0297 80 121 81
-12.6982 -4.5190 -1.4459 81 77 74
-12.7402 -4.7721 1.6044 69 55 42
-12.6392 -4.8648 1.4010 198 189 174
-12.5298 -5.0265 1.4596 104 91 75
-12.6850 -4.8057 1.6270 189 178 156
-12.8572 -4.8305 1.7759 169 156 140
-12.7103 -4.7175 1.5816 169 157 135
-12.8961 -4.3963 1.5677 131 114 88
-12.8317 -4.4853 -1.0155 160 156 153
-12.3103 -4.9628 -0.7362 27 27 25
-12.9046 -4.5111 1.5139 143 130 113
-12.9480 -4.3777 0.5452 27 22 18
-12.7519 -4.5709 -1.2960 66 65 60
-12.8489 -4.7491 1.5544 174 154 129
-12.3791 -4.9597 -0.7016 165 176 133
-12.6240 -4.9881 1.6111 101 86 67
-12.4348 -4.9953 -0.2207 60 60 58
-13.0181 -4.4842 -0.7102 90 90 92
-12.9949 -4.4523 -0.4459 100 97 92
-12.3290 -4.9740 -0.1140 86 86 88
-12.5744 -5.0764 1.5637 100 90 80
-12.3341 -4.9707 -0.9614 144 143 138
-12.6466 -4.9925 1.6979 61 58 51
-12.5992 -4.7849 -0.9017 159 158 154
-12.5986 -4.8027 -0.9056 57 60 53
-12.5699 -4.7068 0.4558 113 112 108
-12.5689 -4.6979 0.4549 86 87 82
-12.4767 -4.6073 0.2044 150 150 148
-12.9778 -4.4104 0.2586 196 192 189
-12.3073 -4.9348 0.1673 155 158 149
-12.3060 -4.9339 0.1310 110 112 109
-12.4514 -4.9971 -0.4531 102 128 101
-12.6020 -4.9424 1.4914 176 167 150
-12.6714 -4.8104 -0.7286 190 190 190
-12.5537 -4.8418 -0.3003 209 209 207
-12.6615 -4.8274 -0.6579 65 64 62
-12.4817 -4.7880 -0.3853 31 33 30
-12.4842 -4.7181 -1.2327 34 33 29
-12.3299 -4.9743 -1.1273 150 146 117
-12.6784 -5.2542 1.5151 160 147 130
-12.2780 -4.9311 -0.9740 30 33 26
-12.2760 -4.9380 -0.9746 142 142 130
-12.6761 -4.5123 -1.3213 151 150 146
-12.7175 -4.8074 1.6710 95 86 71
-12.5850 -4.9044 1.5734 176 165 147
-12.1000 -4.7947 0.9923 101 91 79
-12.6111 -4.9475 1.5872 119 103 87
-12.8158 -5.0486 1.7845 116 100 87
-12.9003 -4.5589 1.6438 176 159 139
-12.8478 -4.7192 1.5601 108 97 79
-12.8012 -4.6420 1.5481 90 73 65
-12.8301 -4.5614 1.5449 174 157 131
-12.2074 -4.6265 -1.4807 131 122 107
-12.2560 -4.7110 -1.3842 88 86 74
-12.4394 -5.0147 0.1226 95 99 98
-12.4338 -4.9785 -0.8228 118 122 89
-12.7541 -4.8144 1.6407 181 172 157
-12.3043 -4.8348 1.1146 186 170 145
-12.3017 -4.9542 -0.1057 86 86 88
-12.7433 -4.4975 -1.2145 91 87 76
-12.8035 -4.7783 1.6388 175 159 134
-12.7726 -4.7326 1.5093 172 158 132
-12.7258 -4.5614 -1.2730 80 79 74
-12.9187 -4.3992 1.5842 131 114 88
-12.2799 -4.9407 -0.7099 24 24 22
-12.6932 -4.5174 -1.4374 81 77 74
-12.3445 -4.9780 -0.7256 80 78 65
-12.1289 -4.8250 -1.8942 27 29 26
-12.6654 -4.7974 1.6047 189 178 156
-12.5814 -4.9637 1.5724 101 86 67
-12.3309 -4.7397 -1.1999 127 126 121
-12.8379 -4.9545 1.6482 138 129 112
-12.9649 -4.4480 -0.4294 101 98 93
-12.9913 -4.4809 -0.6930 88 88 88
-12.8251 -4.8264 1.5601 116 99 79
-12.7606 -4.6470 -1.0613 164 164 156
-12.1201 -4.8122 -1.7825 92 92 90
-12.7578 -5.0006 1.5313 139 123 108
-12.6137 -4.9344 1.4433 132 116 103
-12.5503 -4.8583 1.3228 156 143 134
-12.6487 -4.7458 -0.8569 227 227 225
-12.6483 -4.7322 -0.8536 255 255 255
-12.8035 -5.0835 1.8333 119 110 103
-12.4878 -4.8505 1.4704 179 167 151
-12.8040 -4.9321 1.7535 90 72 60
-12.7288 -4.7079 1.5959 86 74 52
-12.8691 -4.7223 1.7076 130 114 99
-12.6746 -4.9365 1.5691 121 108 89
-12.8211 -4.6488 1.5631 125 108 100
-12.7186 -4.9907 1.5406 132 116 103
-12.7889 -4.6432 1.4878 68 52 37
-12.9500 -5.3358 1.7900 93 80 64
-12.7662 -4.9311 1.5056 168 155 136
-13.0075 -5.3902 1.7783 162 150 128
-12.6131 -5.0183 1.3747 168 152 129
-12.9260 -4.4197 1.4077 166 146 119
-12.5958 -4.9959 1.3305 182 164 150
-12.5622 -4.7121 0.5312 24 26 23
-12.4397 -5.0435 0.2241 111 114 107
-12.4418 -5.0219 0.2237 121 124 115
-12.9529 -4.4463 -0.4260 101 98 93
-12.6279 -4.8602 -0.4236 56 58 55
-12.4444 -4.9921 -0.4461 99 124 95
-12.6094 -4.7689 -0.4824 160 160 158
-12.6122 -4.8693 -0.5490 64 66 63
-12.7163 -4.8524 -0.7043 45 44 42
-12.6378 -5.0149 -0.7560 37 37 35
-12.4878 -5.0294 -0.7774 141 142 110
-12.5829 -4.7945 -0.7762 176 176 174
-12.6770 -4.7853 -0.8417 71 71 69
-12.6933 -4.7638 -0.8915 239 239 237
-12.4731 -5.0310 -0.8940 119 136 68
-12.8272 -4.6617 -1.0930 141 138 131
-12.2830 -4.4538 -1.5294 158 137 116
-12.2925 -4.4302 -1.5476 142 130 114
-12.4995 -4.9667 1.4197 67 53 42
-12.3403 -4.9148 1.2595 167 149 127
-12.3190 -4.8417 1.1401 168 152 129
-12.4107 -4.9996 0.1868 109 112 105
-12.3890 -4.9670 -0.2319 85 86 81
-12.5916 -4.8417 -0.4031 56 58 55
-12.5270 -4.8270 -0.5017 64 66 63
-12.5976 -4.8446 -0.6137 173 172 170
-12.7701 -4.6444 -1.0451 141 138 131
-12.2519 -4.4458 -1.4785 158 137 116
-13.8637 -3.2172 2.2481 221 204 186
-13.8022 -3.7575 -1.3782 46 46 44
-13.6997 -4.0589 1.7037 91 79 67
-13.8089 -3.7569 -0.8879 111 112 107
-13.4937 -4.3248 -1.4101 24 20 17
-13.6964 -4.2251 -0.8181 163 161 148
-13.7578 -3.0641 2.0800 187 167 143
-13.7240 -4.1410 1.9266 161 144 126
-13.4171 -4.3313 -1.2215 106 106 104
-13.8422 -3.3241 2.1177 98 79 64
-13.8435 -3.3462 2.1191 61 47 38
-13.8890 -3.4408 2.1449 175 165 153
-13.6481 -4.2923 2.0963 180 169 151
-13.9168 -4.0070 2.4798 89 86 79
-14.1097 -4.0076 2.1264 133 122 116
-13.4155 -4.2913 -1.3909 141 135 137
-14.0052 -4.3337 2.4824 163 155 142
-13.6719 -4.2212 -0.4332 255 255 255
-13.4542 -4.3211 -1.2934 101 100 96
-13.5673 -4.2136 2.0801 64 47 31
-13.8020 -4.2287 2.2980 161 145 130
-13.8194 -3.7091 -1.5645 70 69 65
-13.7267 -4.0353 1.8398 84 68 45
-13.4153 -4.3318 -1.3981 69 68 63
-13.4440 -4.3366 -1.3059 116 112 109
-13.8840 -3.6821 2.4243 186 177 162
-13.8990 -3.4739 2.1626 184 169 150
-13.4142 -4.3046 -1.3992 122 117 114
-14.2324 -4.3425 2.2765 156 144 122
-13.8376 -3.7045 2.3728 109 97 85
-13.9380 -3.9948 2.0428 187 174 157
-13.9537 -3.9974 2.4317 166 151 130
-13.8197 -4.0390 1.9761 193 175 153
-13.6182 -4.2396 0.0635 110 109 104
-12.0094 -3.8399 0.6252 185 172 156
-13.3890 -4.3231 -1.2836 206 202 199
-13.8966 -3.4969 2.0972 195 182 163
-13.8564 -3.4725 2.0642 185 171 158
-13.7348 -4.1619 -1.4426 133 143 106
-13.7988 -3.7023 -1.7226 165 165 163
-13.8054 -4.2960 2.2306 177 160 144
-14.2452 -3.9052 2.6678 192 180 164
-13.4013 -4.3153 -1.4089 101 97 94
-13.4112 -4.2704 -1.4198 64 63 59
-13.2155 -4.2831 1.2981 106 93 76
-13.5452 -4.2352 1.7413 166 153 137
-13.4036 -4.3108 1.4401 170 157 140
-13.8569 -3.3554 1.8535 106 101 105
-13.9054 -3.8749 2.3579 82 66 43
-13.8191 -3.6928 -1.7490 63 63 61
-13.7745 -4.1996 1.9139 167 152 133
-13.7287 -4.1412 1.8868 168 153 134
-13.7606 -4.0717 1.9164 174 158 133
-14.0180 -3.8495 2.1356 124 107 89
-13.8157 -3.3755 2.3281 135 122 106
-13.4290 -4.3213 -1.3477 157 152 149
-13.8581 -4.2521 2.2471 80 65 44
-13.8550 -3.6905 -1.6733 88 88 86
-13.9058 -3.8797 2.3361 197 185 161
-13.7667 -3.1947 2.1212 121 106 85
-13.4330 -4.3326 -1.3601 94 90 87
-13.7292 -4.0488 1.7310 183 175 162
-13.4446 -4.2919 -1.3705 111 110 108
-13.7816 -3.3594 2.2881 111 94 74
-13.8375 -3.3552 1.8892 159 146 137
-13.8489 -3.3648 1.9003 181 172 167
-13.7475 -4.2675 1.7375 145 138 130
-13.4997 -4.2954 1.5601 166 153 134
-13.2671 -4.2887 1.4072 94 77 57
-13.8426 -3.6922 -1.7028 168 168 166
-13.7668 -3.0806 2.0143 66 55 37
-13.8345 -3.6932 -1.7223 152 152 150
-13.7589 -3.0637 2.1159 75 57 35
-13.9247 -4.3188 1.9003 183 171 149
-13.4730 -4.2820 -1.4399 174 173 169
-13.6102 -4.3203 1.6680 172 159 142
-13.7712 -3.2007 2.1111 191 176 157
-13.7583 -3.3145 2.2472 176 160 144
-13.4119 -4.3217 -1.4064 157 154 149
-13.4069 -4.2998 -1.4144 206 202 201
-13.6855 -4.1107 1.7663 111 95 72
-13.8886 -4.2641 1.9001 175 161 148
-13.8536 -3.6203 2.2795 86 74 60
-13.3890 -4.3341 -1.4089 115 114 110
-13.5814 -4.3332 1.6619 162 144 124
-13.5910 -4.3202 1.6817 175 162 146
-13.8142 -4.2254 1.8815 90 77 58
-13.4030 -4.2954 -1.4218 226 222 221
-13.4027 -4.2770 -1.4432 50 46 43
-13.4635 -4.2887 -1.4636 133 129 128
-13.9673 -3.9065 2.0588 42 37 17
-13.4593 -4.2703 -1.4617 108 107 102
-13.6376 -4.3385 1.8827 174 162 138
-13.4036 -4.2829 -1.4435 38 34 31
-13.5855 -4.2152 1.6937 76 62 51
-13.7839 -3.1792 1.9575 113 100 83
-13.7292 -4.2265 2.0806 138 124 115
-13.4016 -4.2711 -1.4429 154 150 147
-13.9529 -3.8357 2.3175 168 150 126
-13.9489 -3.8063 2.2014 187 171 156
-13.4365 -4.2989 -1.4729 36 32 31
-13.4448 -4.3265 -1.4877 116 112 109
-13.3910 -4.3013 -1.4524 114 113 111
-13.3831 -4.2736 -1.4583 158 153 150
-13.8479 -4.0303 1.9245 173 155 133
-11.8111 -3.9903 0.4911 124 112 100
-13.7672 -4.2475 2.0111 94 78 62
-12.9440 -3.5353 -2.7344 151 137 126
-13.9924 -3.6715 2.4720 70 62 49
-14.1002 -4.0841 2.1117 181 159 136
-13.4193 -4.2858 -1.5321 159 153 153
-13.5013 -3.7180 -2.7436 29 24 18
-13.5151 -3.7018 -2.7532 170 167 162
-13.8471 -4.3144 2.2528 186 175 155
-13.5012 -3.7083 -2.6843 89 85 82
-13.5379 -3.7139 -2.7041 215 211 210
-13.8860 -3.8734 2.2317 93 77 54
-13.4918 -3.7173 -2.6167 38 34 31
-13.5197 -3.7550 -2.4791 35 36 31
-13.3629 -4.2776 -1.5413 129 124 121
-13.4184 -4.2663 -1.5841 129 124 121
-13.5307 -3.3390 -2.4861 83 82 80
-13.5776 -3.7367 -2.4709 160 159 155
-13.3339 -4.2425 -2.1034 62 57 37
-13.4611 -4.2325 -1.6491 124 123 118
-13.6807 -4.0781 1.9772 66 50 34
-13.6515 -4.1113 1.9526 170 154 138
-13.7138 -4.2466 2.0215 117 102 83
-13.6845 -3.3397 -2.3934 90 86 83
-13.4347 -4.3362 -1.9166 105 101 98
-13.4555 -4.3394 -1.8949 97 93 90
-13.3936 -4.2680 -1.6135 133 128 124
-13.3939 -4.2911 -1.6218 143 138 135
-13.7719 -3.0211 2.0906 114 97 77
-13.6454 -4.2131 -1.8255 122 119 102
-13.3841 -4.2964 -1.6227 127 123 120
-13.4318 -4.2596 -1.6637 23 19 16
-13.4469 -4.2291 -1.6788 148 146 147
-13.5068 -4.2218 -1.7266 137 137 127
-13.4129 -4.2819 -1.7258 170 166 163
-13.4221 -4.2656 -1.6947 109 104 101
-14.0283 -2.9983 -1.4738 113 114 116
-13.7311 -3.8428 -1.0369 44 43 41
-13.9522 -3.9193 2.4366 100 87 70
-13.4191 -4.2906 -1.5622 51 46 43
-13.6663 -4.2081 -0.8987 53 54 38
-13.6490 -4.2078 -0.8680 181 183 170
-13.7369 -3.7045 2.2819 186 177 162
-13.9461 -3.9926 2.1689 84 71 55
-14.0001 -4.2611 2.0298 63 54 45
-14.0201 -3.9274 2.4965 111 96 77
-13.8407 -3.7041 2.4223 142 135 125
-13.7619 -3.2306 2.2162 85 60 38
-13.8307 -3.2772 2.2433 160 142 122
-13.7552 -3.7566 -0.8552 118 119 114
-13.4492 -4.2545 -1.6180 37 33 30
-13.7354 -4.2227 2.2682 110 99 93
-13.9200 -4.0118 2.4927 183 179 168
-13.5879 -4.3395 1.8205 89 72 52
-13.4088 -4.3312 -1.3046 41 37 34
-13.3805 -3.5671 -0.0822 81 82 74
-13.3955 -4.3203 -1.2682 140 139 135
-13.3972 -4.3072 -1.2601 35 36 31
-13.8976 -3.7491 2.2062 123 106 88
-13.4364 -4.2941 -1.6835 38 33 30
-13.4687 -4.2292 -1.7767 137 132 129
-13.4058 -4.2679 -1.7511 89 88 84
-13.5183 -4.2302 -1.8507 53 48 44
-13.5155 -4.2281 -1.8876 72 68 59
-13.8576 -3.8676 2.1971 97 80 60
-13.6134 -3.3059 -2.6582 98 94 91
-13.6701 -4.0843 1.8978 72 59 43
-14.4819 -4.3022 2.3910 63 54 45
-13.4826 -4.3150 -1.5340 114 113 111
-13.4259 -4.2856 -1.6964 95 90 87
-13.8311 -4.2562 1.8099 62 55 49
-13.8857 -4.3237 1.7584 101 95 83
-13.3792 -4.2700 -1.6510 130 125 122
-13.9767 -3.9038 2.1514 177 164 147
-13.9246 -3.9081 2.3175 186 174 152
-13.9042 -3.7214 2.2213 72 59 40
-13.8953 -3.9306 2.2312 122 105 87
-13.8288 -3.5074 2.2236 154 138 122
-13.6663 -4.1995 -1.7755 54 52 31
-13.3804 -4.2633 -1.8281 41 37 34
-13.7897 -3.2320 2.2510 135 115 91
-13.8436 -3.3761 2.1683 111 96 77
-13.3895 -4.2790 -1.6291 43 38 34
-13.8380 -3.4615 2.0117 177 167 155
-13.7851 -3.0916 2.1445 205 197 178
-13.8699 -3.5243 2.2696 58 44 33
-13.2134 -4.2935 1.5240 85 66 49
-13.4520 -4.2394 -1.8230 155 151 148
-13.8437 -3.4849 2.1768 140 121 104
-13.8320 -3.4627 2.0588 106 94 82
-13.6384 -4.2118 2.0568 161 140 119
-13.7817 -3.1227 2.0490 184 171 155
-13.8052 -3.7515 -1.3514 125 125 123
-14.0303 -3.8690 2.5396 204 184 157
-13.8312 -3.2821 2.1708 174 154 130
-14.1051 -4.2874 2.3506 110 95 74
-13.4308 -4.2217 -1.9492 80 75 69
-14.0345 -3.9053 2.4103 185 174 152
-13.8558 -3.6087 2.2924 178 162 146
-13.4753 -4.2189 -1.8428 161 157 148
-13.8930 -3.7826 2.1834 175 162 145
-13.4352 -4.2672 -1.7074 109 104 101
-13.8893 -3.3483 1.8795 87 80 87
-13.8008 -3.3673 2.3726 92 84 73
-13.6603 -4.2148 -1.8405 122 119 102
-13.4461 -4.2980 -1.6647 140 135 132
-13.4705 -4.2631 -1.6640 151 147 144
-13.4108 -4.2644 -1.5819 115 110 107
-13.7972 -3.5686 -3.2053 255 255 250
-13.4212 -4.2797 -1.5648 148 142 142
-13.7873 -3.7330 -1.8495 185 184 180
-13.4523 -4.2492 -1.5184 140 136 135
-13.3950 -4.2937 -1.4148 226 222 221
-13.4759 -4.2819 -1.4463 174 173 169
-13.8421 -3.6922 -1.7292 152 152 150
-13.8433 -3.3238 2.1160 98 79 64
-13.4536 -4.2813 -1.6727 37 32 28
-13.8351 -3.6932 -1.6960 168 168 166
-13.7275 -3.0454 2.2930 100 87 81
-13.8987 -4.3927 2.0257 99 82 62
-13.8406 -3.6979 -1.7557 190 190 188
-11.6793 -3.9822 0.3670 194 177 159
-13.4329 -4.3165 -1.3067 138 137 133
-13.3895 -3.5601 -0.1410 120 121 115
-13.9248 -3.7977 2.0849 199 187 171
-13.6360 -4.2052 -0.8899 58 59 43
-13.7569 -3.7559 -1.3310 128 128 126
-13.8206 -3.3476 2.0372 185 171 162
-13.5991 -4.2091 -0.2024 145 144 142
-14.0597 -3.9135 2.1509 175 159 143
-13.4127 -3.5777 -0.1699 155 156 151
-13.4352 -3.5781 -0.0695 45 48 41
-13.4602 -3.5858 -0.0195 140 139 137
-13.5181 -4.3150 1.5333 89 73 57
-13.7756 -3.0448 1.8478 176 164 148
-13.8461 -3.5105 2.2210 136 117 100
-13.8192 -3.6944 -1.7552 63 63 61
-14.0000 -3.8010 2.0679 73 59 46
-13.1592 -4.2767 1.3405 94 76 54
-11.9849 -3.8637 0.6186 123 108 89
-13.7427 -4.2822 2.2553 111 103 92
-13.9867 -3.9009 2.1693 178 165 148
-13.6589 -4.1814 1.7471 75 57 43
-13.6524 -4.2794 2.0911 177 160 144
-12.9435 -3.5366 -2.7589 123 108 101
-12.9448 -3.5129 -2.7572 129 120 113
-13.5301 -3.7121 -2.7906 43 38 32
-13.4616 -3.7027 -2.6813 73 70 65
-13.5283 -3.7018 -2.7628 192 188 185
-13.7901 -4.1649 -1.4839 133 143 106
-13.5134 -3.7080 -2.7021 89 84 81
-13.5536 -3.7115 -2.7268 215 211 210
-13.9443 -3.6948 2.2597 120 107 88
-13.7598 -3.1343 2.0566 185 172 156
-13.5178 -3.7205 -2.6687 249 245 244
-13.8391 -3.2196 2.1935 129 111 89
-13.5883 -3.3170 -2.5964 218 216 217
-13.2859 -4.2466 -2.1146 85 88 77
-13.8901 -3.8120 2.1558 187 171 156
-13.9184 -3.6740 2.1980 104 90 77
-14.1073 -4.1851 2.1591 150 133 113
-13.7998 -3.1775 2.1760 159 141 121
-13.4236 -4.2926 -1.3979 141 135 137
-13.8165 -3.2173 2.2449 191 173 153
-14.0683 -4.3163 2.0793 65 53 39
-13.8949 -3.2057 2.0625 180 164 148
-13.3922 -4.3048 -1.4239 114 110 109
-13.8708 -4.0017 2.4609 113 106 96
-13.4703 -4.2764 -1.4551 67 66 61
-13.8040 -4.3105 2.3014 163 155 142
-13.7861 -4.3189 2.2439 157 144 128
-13.8384 -3.4796 2.1105 111 95 79
-13.6249 -4.1679 -0.8387 142 149 118
-13.8136 -3.2093 1.9528 106 98 77
-13.1432 -3.9263 -2.5476 54 50 41
-11.8512 -3.9694 0.5291 146 130 115
-13.4313 -4.2829 -1.4045 155 154 152
-14.0219 -3.6798 2.0792 178 162 149
-13.9249 -4.1565 2.1165 182 162 137
-13.7637 -4.2819 2.1718 73 60 41
-13.8397 -3.1556 2.1714 154 137 117
-13.9085 -3.8048 2.1573 88 81 63
-13.6798 -4.0539 1.6770 186 177 172
-13.7560 -4.1141 1.8726 162 147 124
-13.6474 -3.2942 -2.5245 62 58 57
-13.6854 -4.3187 1.6852 166 153 134
-13.9006 -3.6228 2.3562 124 112 100
-13.4994 -3.7597 -2.5113 166 165 161
-14.0328 -3.8140 2.1025 195 182 163
-13.9416 -4.1856 2.0486 55 40 21
-13.8245 -3.1210 2.0390 137 125 109
-13.8436 -3.2242 2.2306 221 204 186
-13.8013 -3.1981 2.2708 119 97 74
-13.5906 -4.0768 1.9017 66 50 34
-13.4388 -4.3090 -1.5028 105 104 102
-13.4180 -4.2383 -1.6496 111 107 104
-13.6941 -3.8312 1.9887 187 171 156
-13.4501 -4.2676 -1.8890 141 137 136
-14.4843 -4.2372 2.5297 150 137 121
-14.0428 -3.6525 2.5208 183 172 152
-13.8121 -3.7416 2.0586 76 64 48
-13.8455 -3.9130 1.9881 52 45 26
-13.8994 -3.9938 2.0261 185 170 151
-13.9423 -3.6926 1.9860 154 144 134
-13.7498 -4.2583 -0.8487 115 112 103
-13.6571 -4.2128 -0.8040 69 70 62
-13.9020 -3.9903 2.4008 171 154 128
-13.8196 -3.7101 2.3615 109 97 85
-14.4628 -4.3692 2.4738 167 155 131
-13.7303 -4.3560 1.7324 94 76 54
-13.7971 -3.3488 2.0361 75 59 44
-13.8670 -3.4785 2.0816 117 105 89
-13.9889 -3.5733 2.4658 105 89 73
-13.7366 -3.3678 2.2566 108 91 71
-13.4347 -3.7061 -2.6529 62 59 52
-13.4753 -3.7107 -2.6904 192 188 185
-13.4556 -3.7152 -2.6169 78 74 71
-13.4086 -3.5789 -0.1706 155 156 151
-13.4731 -3.7281 -2.6064 249 245 244
-13.4468 -3.7639 -2.4672 170 166 163
-13.8591 -3.5900 2.2933 201 186 167
-13.5354 -3.7513 -2.5056 35 34 30
-13.3689 -3.5779 -0.0797 117 116 111
-13.5178 -3.7645 -2.4507 129 132 125
-14.0168 -3.9360 2.3678 96 79 61
-13.5559 -3.7576 -2.4615 90 89 85
-13.5491 -3.7433 -2.4419 152 151 147
-13.3575 -4.2397 -2.1719 32 34 23
-13.2542 -4.2461 -2.0341 125 131 121
-13.5926 -4.2376 0.0504 124 124 116
-13.4172 -4.2239 -1.8502 39 34 28
-13.4127 -4.3046 1.4405 195 179 163
-13.4530 -4.2681 -1.4549 103 104 98
-13.8355 -3.7707 -1.7102 113 114 109
-13.3017 -4.2838 -1.2989 72 66 68
-13.7434 -3.7785 -1.5628 176 176 174
-13.8437 -3.7004 -1.6136 182 184 181
-13.8242 -4.2600 1.7936 40 35 31
-13.3662 -4.3076 -1.2546 138 137 133
-13.8502 -3.7576 -1.5728 34 35 29
-14.1139 -4.2025 2.2962 139 123 100
-13.8999 -3.6975 1.9895 178 162 149
-13.9007 -3.9937 1.9594 140 131 124
-13.8229 -3.3565 1.9988 103 89 76
-13.7160 -3.0992 1.9807 84 71 54
-13.8760 -3.0365 -0.6522 94 85 78
-13.5494 -4.0182 2.1416 158 150 139
-13.8914 -3.9113 2.2831 199 188 166
-13.7510 -4.2779 2.2281 159 147 131
-13.5755 -3.3090 -2.5207 116 112 109
-13.9899 -3.9437 2.3295 156 137 122
-13.8075 -4.3098 2.2166 186 175 155
-13.4692 -4.2191 -1.7803 58 53 49
-13.7887 -3.6182 2.0391 181 168 151
-13.7924 -3.0748 2.1158 124 109 90
-13.8099 -3.1737 2.1891 159 141 121
-13.6848 -4.3135 1.6679 169 158 138
-13.8271 -3.1535 2.0164 84 68 52
-13.7717 -4.2582 1.8173 185 173 157
-14.0924 -3.7963 2.1609 113 101 87
-13.7313 -3.1042 1.9550 118 98 73
-13.8355 -3.5025 1.9429 193 180 163
-13.9009 -3.9524 2.3038 80 65 46
-13.7842 -4.2465 2.1820 93 76 56
-13.6899 -4.1730 -0.7861 91 94 87
-13.4240 -4.3143 -1.4894 28 26 27
-13.9220 -3.7624 2.1140 104 91 75
-13.9410 -3.7608 2.1937 167 154 137
-13.8166 -3.5863 2.0285 164 148 133
-13.7761 -4.0882 1.8793 118 100 78
-13.9275 -3.7655 2.0609 119 105 94
-13.8577 -3.5373 2.3292 146 130 115
-13.6875 -4.0352 1.8101 112 94 72
-13.4813 -4.2303 -1.6253 85 82 75
-13.6963 -4.1105 1.8325 170 154 131
-13.7662 -3.2656 1.9690 149 132 114
-13.7945 -3.2645 2.2765 125 109 93
-13.6796 -4.0723 1.8251 120 104 79
-13.6290 -4.2097 -0.1957 112 111 107
-13.6939 -4.2746 2.1139 73 60 41
-13.6402 -4.3433 1.9788 161 145 122
-13.7821 -3.2397 2.1405 129 111 89
-13.8962 -4.0402 -1.5357 93 92 88
-13.6838 -3.2077 1.9421 124 108 93
-13.2948 -4.2477 -2.4451 133 138 134
-13.5016 -3.6927 -2.7547 73 70 63
-14.0884 -3.9985 2.6721 113 106 96
-13.5179 -3.7129 -2.7735 42 38 35
-13.5686 -3.6978 -2.8133 144 139 136
-14.2145 -4.3342 2.6701 109 97 85
-13.8310 -4.0066 2.3587 73 67 55
-13.5051 -3.7205 -2.6595 215 211 210
-13.4669 -3.7611 -2.5017 161 157 154
-13.7508 -4.2779 2.2229 159 147 131
-14.9762 -4.3530 3.2889 122 106 81
-13.8969 -4.3182 2.3021 175 164 144
-14.0642 -3.8488 2.4998 67 48 34
-13.3670 -4.2467 -2.2155 178 181 164
-13.3100 -4.2531 -2.1219 104 110 96
-13.6484 -3.2846 -2.5522 166 162 159
-13.6559 -3.2822 -2.5190 135 131 128
-13.9687 -3.3350 2.4440 192 180 164
-13.8766 -4.2641 2.2384 173 157 134
-13.7397 -3.3120 -2.4790 158 154 151
-13.4140 -4.2188 -1.9303 80 75 69
-13.4063 -4.2259 -1.8687 34 29 26
-13.9172 -3.9403 2.2879 126 109 91
-13.4957 -4.2215 -1.9300 159 155 146
-13.5375 -4.2273 -1.9139 136 132 123
-13.4132 -4.2560 -1.6153 143 139 136
-13.8280 -4.2553 2.1550 176 161 138
-13.6084 -4.2084 1.9716 55 41 28
-13.5069 -4.2704 -1.6315 55 51 48
-13.4200 -4.2804 -1.5675 100 94 94
-13.4763 -4.1831 1.8465 145 133 119
-13.4569 -4.2920 -1.4894 119 114 111
-13.8456 -3.7012 -1.7996 100 98 99
-13.8476 -3.2694 2.2024 112 89 71
-13.8024 -3.2135 2.1739 120 102 82
-13.9375 -3.6024 2.2048 116 98 76
-14.9869 -4.4224 2.9280 149 137 115
-13.7653 -4.1497 1.9919 166 148 124
-13.8071 -4.2953 1.9947 149 137 115
-13.9932 -3.7219 2.1979 73 62 44
-13.7165 -4.2086 -0.9555 49 51 30
-13.8834 -3.0363 2.1882 124 109 90
-14.0651 -3.9940 2.2074 167 155 143
-13.8935 -3.7994 2.0866 161 152 135
-13.9432 -3.7614 2.1303 116 103 87
-13.7282 -4.2456 1.8876 173 160 144
-13.7146 -4.2551 -0.8312 115 112 103
-13.9394 -3.8433 -0.8877 216 218 215
-13.7873 -4.2368 -0.5173 127 127 127
-13.6983 -4.2237 -0.4386 255 255 255
-13.9398 -3.4795 2.1308 139 126 107
-13.8814 -3.0909 2.1389 171 158 142
-13.6865 -4.2050 -0.1882 101 101 93
-13.3403 -3.5997 -0.0686 57 60 53
-13.7394 -3.0892 1.9995 84 71 54
-14.0387 -4.1060 2.1115 61 48 32
-13.7890 -4.2093 -0.0333 130 130 132
-13.8661 -3.2070 2.0468 182 167 148
-13.9929 -4.0110 2.0435 118 104 95
-13.8059 -3.4467 1.9306 182 165 145
-13.9360 -4.3139 1.9285 152 140 114
-13.9794 -3.6798 2.0061 141 132 123
-13.8909 -4.2817 1.8448 133 124 115
-13.7970 -4.2600 1.7813 59 50 45
-13.5168 -4.2516 -2.1608 101 116 75
-13.6103 -3.3200 -2.3713 161 160 156
-13.9505 -3.4818 2.0342 191 179 163
-13.8905 -3.3716 2.2225 82 64 50
-13.8140 -3.1535 1.9440 158 139 124
-13.9132 -3.5671 2.1068 164 148 133
-13.5723 -4.2959 1.7324 99 81 61
-13.8170 -4.1135 2.0168 155 142 125
-14.0229 -3.4905 2.1812 109 93 70
-13.1020 -4.1817 -2.7030 30 26 23
-13.6522 -4.3176 2.2125 165 162 157
-13.7501 -3.5483 -2.8274 255 255 253
-13.8417 -3.3360 2.3509 108 91 71
-13.8392 -3.7266 -1.8760 116 115 111
-13.6527 -4.3174 1.9770 97 82 61
-13.8893 -4.2770 -0.6179 108 110 107
-13.6810 -4.2813 2.0157 111 96 73
-13.4141 -4.2660 -1.8370 109 105 106
-13.6317 -4.3325 1.9732 89 74 55
-13.7882 -3.1708 2.0232 125 109 96
-13.4172 -4.2492 -2.0803 73 95 49
-14.3389 -3.8145 2.8308 199 175 149
-13.7728 -4.1993 -1.8327 133 150 82
-14.1520 -4.2684 2.6242 120 107 98
-13.7743 -3.7353 -1.8171 116 115 111
-13.7669 -3.7096 -1.7785 164 163 159
-13.8516 -3.8691 2.2905 71 52 38
-13.9056 -3.5398 2.3599 126 109 91
-13.8442 -3.6962 -1.6587 207 207 205
-13.8057 -3.7738 -1.6261 155 155 153
-13.6881 -4.2431 2.0432 161 146 123
-13.8652 -3.5418 2.0007 124 108 92
-13.8422 -3.5306 2.2611 58 44 35
-13.7352 -3.2837 2.1718 167 149 127
-13.7593 -3.2311 2.2132 85 60 38
-13.9315 -3.5302 2.2860 71 57 44
-13.8259 -3.1897 2.2478 110 93 77
-13.8513 -3.4214 2.1144 190 181 166
-13.8365 -3.9962 2.0092 174 161 145
-13.8883 -3.7722 2.0681 133 119 106
-13.9010 -3.4887 2.1164 108 95 76
-14.0055 -3.2883 2.1975 58 42 29
-13.6612 -4.2490 -0.8097 117 115 103
-13.7249 -3.1257 1.9953 196 180 164
-13.7820 -3.1315 2.0062 142 129 113
-13.7159 -4.2102 -0.7841 51 53 48
-13.8136 -3.5308 1.9642 193 182 162
-13.8322 -3.1876 1.9439 191 182 167
-13.8554 -4.2200 -0.2267 101 101 93
-13.5406 -3.5310 -0.1632 79 77 65
-13.6582 -4.2405 0.0586 104 103 98
-13.6324 -3.1823 -1.8772 157 156 152
-13.4971 -4.2224 -1.7986 44 39 35
-13.5296 -4.2261 -1.9120 152 148 139
-13.4873 -4.2262 -2.0038 33 28 22
-13.7237 -3.3169 -2.4573 158 154 151
-13.6611 -3.3142 -2.3931 150 149 144
-13.6880 -3.2827 -2.4764 142 141 137
-13.6523 -3.3219 -2.4581 87 83 80
-13.6085 -3.3006 -2.4618 166 162 159
-13.5646 -3.7375 -2.3826 28 27 23
-13.3054 -4.2522 -2.1266 95 101 87
-13.6276 -3.7482 -2.5367 27 26 22
-13.3192 -3.8996 -2.2723 121 117 114
-13.6231 -3.5615 -2.7755 255 254 255
-13.4777 -3.7307 -2.6022 228 224 223
-13.1275 -3.9221 -2.5466 152 148 136
-13.0933 -4.1818 -2.6810 37 33 30
-13.0530 -4.1777 -2.6735 120 111 102
-13.0392 -3.8387 -2.7587 128 113 106
-13.8645 -3.6889 2.4640 102 95 85
-13.3523 -4.2654 -2.0349 104 97 55
-13.8318 -3.1407 2.0691 139 126 110
-13.9089 -3.7092 2.4322 141 126 107
-14.0545 -3.9645 2.5239 169 152 132
-13.8665 -3.6484 2.2691 133 118 99
-13.9410 -3.8951 2.0242 126 115 95
-13.6283 -4.2380 -1.8172 117 114 107
-14.0125 -4.0165 2.3072 141 125 100
-13.6093 -4.2736 1.9543 111 96 73
-13.8307 -3.3130 2.2094 149 128 109
-13.4514 -4.2346 -0.4659 108 110 107
-13.8267 -4.2706 -0.5956 108 110 107
-13.6085 -4.2994 1.7705 99 81 61
-13.9197 -3.7036 -1.4751 170 171 165
-13.9237 -3.7075 2.1660 135 120 99
-13.0837 -4.1910 -2.7522 88 81 75
-13.0751 -4.1673 -2.7616 53 50 45
-13.7794 -4.1881 -1.6256 156 163 122
-14.0203 -3.6169 2.4896 166 155 137
-13.9212 -3.8252 2.4124 153 136 118
-13.5824 -4.1861 -1.6735 106 122 59
-13.7563 -3.6417 -1.8298 159 159 149
-13.4580 -4.2054 1.8918 59 43 27
-13.7778 -3.9783 2.2048 106 89 71
-13.7600 -3.6990 -1.6777 52 52 50
-13.8695 -3.6958 -1.6771 198 198 196
-13.9695 -3.9887 2.0251 130 115 94
-13.7720 -3.8368 -1.3512 179 178 176
-13.8302 -3.7554 -1.1120 209 211 206
-13.5491 -4.1633 1.7781 121 106 87
-13.7991 -3.4793 2.0105 181 169 155
-13.8461 -3.5066 1.9695 191 179 163
-13.6877 -4.0493 1.7021 176 167 152
-13.4656 -4.2062 -0.3744 172 172 174
-13.6430 -4.2031 -0.2170 44 45 39
-13.4381 -3.5587 -0.0758 142 141 136
-13.5496 -4.2280 -1.9331 152 148 139
-13.4478 -4.2319 -1.8703 73 68 62
-13.4263 -4.2304 -1.9521 143 139 128
-13.5829 -3.3285 -2.4592 74 71 66
-13.3877 -3.7838 -2.3527 68 67 62
-13.7157 -3.5537 -2.7937 255 255 253
-13.4394 -3.7518 -2.5104 200 196 197
-13.5645 -3.5924 -2.7044 255 254 255
-13.4247 -3.7040 -2.6579 82 79 72
-13.0264 -4.1752 -2.6239 120 111 102
-12.9371 -3.5477 -2.7208 161 137 113
-13.5344 -3.2749 -1.9956 119 110 93
-13.6427 -3.2072 -1.8189 162 161 156
-13.9674 -3.9706 2.4372 175 158 138
-13.4075 -4.2192 -1.6169 131 130 125
-13.4634 -3.4737 -2.4978 184 177 171
-13.7442 -3.2519 2.1891 182 164 144
-13.8401 -3.6529 2.2359 133 118 99
-13.7633 -3.3250 2.1629 155 134 117
-13.4912 -4.2282 1.5609 48 44 41
-13.7809 -3.4951 2.1954 106 89 79
-13.8645 -3.5522 2.1008 176 159 141
-14.0717 -3.3442 -1.3475 71 71 69
-13.5350 -4.1884 -1.0667 133 161 147
-13.6973 -3.5059 2.1897 109 93 78
-13.6043 -4.2408 -1.5525 84 80 68
-13.0931 -4.1743 -3.2710 103 105 100
-13.8486 -3.6758 2.3272 182 170 146
-13.4401 -3.6761 0.3921 83 83 81
-13.5898 -3.2412 -1.7429 178 177 173
-13.6824 -3.7248 -1.0798 153 154 148
-13.7183 -3.6628 -1.6760 235 234 230
-13.5308 -3.6470 0.4050 104 103 99
-13.6881 -3.6438 -1.6546 255 255 251
-14.0476 -3.7950 2.4806 114 101 85
-13.9493 -3.6157 2.3415 102 94 81
-13.7196 -3.3260 2.1122 86 69 53
-13.9819 -3.7847 2.2448 132 120 98
-14.0010 -4.0223 2.0234 141 123 109
-14.1837 -3.9839 2.1806 130 115 94
-13.8900 -3.3706 2.0103 195 178 160
-13.7506 -4.2125 -0.0242 121 124 117
-13.3867 -3.5822 -0.1452 157 156 151
-13.8459 -4.1980 -0.8030 83 84 79
-13.8295 -4.2391 -0.9068 166 163 148
-13.8175 -3.7555 -1.1789 219 221 218
-13.8702 -3.6986 -1.1989 153 154 148
-13.8645 -3.8289 -1.4104 178 177 175
-13.9333 -3.7005 -1.5024 169 170 164
-13.8567 -4.0430 -1.5076 77 76 72
-13.8969 -3.1081 -2.0628 162 161 156
-13.4015 -3.3706 -2.1988 163 159 156
-13.7552 -3.6988 -2.9540 164 160 157
-13.2938 -3.7380 -2.6147 50 47 40
-13.8143 -3.6393 2.2347 102 94 81
-14.0808 -3.4873 2.5058 146 130 115
-13.7301 -3.9289 2.0997 166 151 130
-13.8977 -3.5920 2.2695 186 171 148
-13.8642 -3.9759 2.1642 175 162 143
-13.7938 -3.7354 2.1212 99 86 67
-13.8721 -3.7962 2.1544 132 120 98
-13.8062 -3.2653 2.1561 173 155 131
-13.7650 -3.8296 2.0037 132 116 101
-13.7131 -3.5206 1.9656 123 111 95
-14.0513 -3.9287 2.1461 123 106 90
-13.9526 -3.7546 2.0738 179 165 156
-13.8700 -3.5077 2.0021 178 170 151
-14.0035 -4.1331 1.9952 159 144 123
-13.7627 -3.1989 1.9024 191 181 169
-13.6944 -4.1644 -1.4255 111 124 80
-13.8539 -3.7029 -1.6448 198 200 197
-13.8909 -3.6812 -1.7150 41 41 39
-13.7595 -3.6311 -1.6838 210 209 204
-13.8918 -3.3599 -2.0193 141 138 129
-13.7177 -3.2994 -2.4484 105 102 97
-13.6405 -3.2874 -2.7023 93 90 85
-13.7306 -3.7015 -2.9153 164 160 157
-12.5547 -4.9067 1.5348 161 160 158
-12.4512 -4.8892 0.9615 92 75 57
-12.7802 -4.5853 1.0815 105 89 73
-12.5573 -4.9041 1.2938 189 185 176
-12.4139 -4.9546 0.9624 190 181 164
-12.3992 -4.9677 0.9615 151 137 126
-12.3082 -4.9359 0.7925 110 95 76
-12.3781 -4.9747 1.1568 184 176 163
-12.4512 -4.8767 0.9655 161 144 128
-12.4112 -4.9448 1.1569 63 48 29
-12.4258 -4.9681 0.9339 71 58 50
-12.7255 -4.6719 1.0325 125 112 95
-12.6628 -4.7562 1.2781 124 114 104
-12.3749 -4.9642 0.8469 93 88 84
-12.3926 -4.9735 1.1275 181 168 149
-12.4316 -4.8976 0.9525 147 131 116
-12.2658 -4.8678 -1.1353 127 121 123
-12.5858 -4.8736 1.2237 123 110 94
-12.5909 -4.8667 1.2243 201 194 176
-12.6469 -4.7560 1.2211 148 133 114
-12.4110 -4.9431 1.1076 78 62 39
-12.2814 -4.8891 -0.9086 66 61 58
-12.2702 -4.9009 -0.9849 129 125 124
-12.5648 -4.8798 1.1985 125 108 88
-12.4023 -4.9766 1.1074 174 161 142
-12.2789 -4.8801 -1.0989 104 100 99
-12.5847 -4.8758 1.2050 168 156 140
-12.6880 -4.7080 1.2064 103 87 71
-12.5825 -4.8234 1.1711 74 61 45
-12.6038 -4.8357 1.1832 144 130 117
-12.5215 -4.7671 -0.8216 169 168 166
-12.2849 -4.8781 -1.0372 173 169 166
-12.7083 -4.6795 1.1993 109 88 71
-12.5904 -4.8216 1.1638 65 51 40
-12.5790 -4.8342 1.2009 112 94 74
-12.2652 -4.8989 -1.0091 117 113 112
-12.4206 -4.9487 1.0802 41 31 19
-12.5836 -4.8781 1.1740 163 146 126
-12.4007 -4.9765 1.1320 82 71 53
-12.7097 -4.6815 1.1887 88 72 56
-12.5852 -4.8762 1.1681 135 118 98
-12.3991 -4.9186 -1.0947 125 130 90
-12.7039 -4.6597 1.0458 109 96 80
-12.2699 -4.8927 -0.9208 168 164 163
-12.5919 -4.8367 1.1302 178 160 138
-12.2723 -4.9005 -0.9153 174 170 169
-12.3027 -4.9304 0.8248 177 164 145
-12.5781 -4.8640 1.1331 186 171 148
-12.6588 -4.7101 1.1310 151 136 115
-12.2856 -4.8959 -0.8986 149 144 140
-12.4001 -4.9307 1.1643 104 96 85
-12.4470 -4.8943 0.9436 162 144 122
-12.5655 -4.9011 1.1335 140 131 114
-12.4040 -4.9633 0.9538 150 137 120
-12.6465 -4.7656 1.1364 106 91 70
-12.2823 -4.8929 -0.8786 63 58 55
-12.6705 -4.7130 1.1311 122 102 78
-12.4540 -4.8857 0.9620 66 46 35
-12.6863 -4.6588 1.1225 146 131 112
-12.6258 -4.8249 1.0648 183 170 154
-12.4245 -4.9187 1.0299 140 124 101
-12.5880 -4.8736 1.1314 139 124 103
-12.2685 -4.9047 -0.8585 133 132 130
-12.7269 -4.7002 1.1678 95 81 70
-12.4534 -4.8727 1.0279 77 64 48
-12.5724 -4.7540 -0.9702 131 131 129
-12.5756 -4.8681 1.1145 115 100 79
-12.5944 -4.8398 1.1157 111 93 69
-12.6180 -4.8115 1.0113 76 63 47
-12.5921 -4.7722 -0.9903 174 174 172
-12.6473 -4.7660 1.1184 197 182 161
-12.3893 -4.9646 0.9055 184 172 146
-12.4345 -4.8802 0.9028 136 116 92
-12.6122 -4.8136 1.0117 196 188 169
-12.4418 -4.8875 1.0147 106 89 71
-12.6522 -4.7463 1.1076 135 125 115
-12.4213 -4.9478 0.9415 109 93 78
-12.4495 -4.8906 1.0125 177 165 149
-12.6724 -4.7140 1.1019 186 168 144
-12.5652 -4.7471 -0.6557 67 66 62
-12.7084 -4.6591 0.9927 109 97 83
-12.5993 -4.8071 1.0138 134 121 104
-12.6467 -4.7713 1.1014 80 64 48
-12.5884 -4.8533 1.0239 181 172 157
-12.6293 -4.8154 1.1012 136 125 105
-12.7042 -4.6631 1.0404 206 193 176
-12.5848 -4.8583 1.0297 179 166 149
-12.4024 -4.9736 0.8961 71 67 56
-12.4342 -4.9356 0.9565 160 143 127
-12.4235 -4.9307 0.9453 94 77 59
-12.2957 -4.9291 0.8090 98 82 59
-12.6397 -4.8031 1.1000 182 169 152
-12.6415 -4.7753 1.0841 74 58 45
-12.6603 -4.7619 0.9809 166 153 144
-12.5778 -4.9084 1.0502 191 175 152
-12.5986 -4.8053 1.0556 91 78 62
-12.6166 -4.8092 1.0717 89 80 63
-12.4366 -4.9332 0.9629 163 150 133
-12.4338 -4.9063 0.9713 112 94 72
-12.3675 -4.9631 0.8548 155 142 123
-12.6312 -4.7739 1.0614 127 110 92
-12.3795 -4.9656 0.8623 47 47 39
-12.4630 -4.8743 0.9633 192 171 150
-12.2968 -4.9328 0.7708 120 107 88
-12.3807 -4.9177 -0.1680 166 168 165
-12.5643 -4.9017 1.2621 103 95 84
-12.5776 -4.8843 1.2286 134 121 104
-12.6640 -4.7610 0.9757 76 66 57
-12.4448 -4.8905 1.0173 106 89 71
-12.5681 -4.9087 1.2796 90 86 77
-12.4187 -4.9445 1.1661 118 103 82
-12.6383 -4.7423 1.2517 128 118 109
-12.3980 -4.9299 1.1365 63 48 29
-12.5554 -4.7448 -0.8273 67 66 62
-12.5640 -4.7467 -0.6551 67 66 62
-12.7961 -4.6092 1.2809 104 93 89
-12.5830 -4.8360 1.2052 112 91 72
-12.6459 -4.7546 0.9707 158 145 129
-12.4149 -4.9463 1.1124 93 76 50
-12.4282 -4.9334 1.0682 180 172 159
-12.5534 -4.8543 1.1769 86 73 56
-12.5921 -4.8769 1.2116 196 184 168
-12.6361 -4.7710 1.0746 84 68 53
-12.2959 -4.8780 -1.1216 120 116 115
-12.4283 -4.9335 0.9786 98 84 71
-12.2729 -4.9043 -0.9908 129 125 124
-12.4546 -4.8879 0.9781 60 43 33
-12.4339 -4.9436 0.9789 176 163 144
-12.6379 -4.5118 -1.4261 103 103 103
-12.4140 -4.9595 1.0657 185 170 151
-12.6628 -4.7060 1.1540 165 150 127
-12.7097 -4.6630 1.0544 139 123 107
-12.2724 -4.8864 -0.9813 206 205 201
-12.6668 -4.7193 1.1447 95 82 66
-12.2617 -4.8889 -0.9666 129 125 124
-12.5895 -4.8575 1.0292 54 42 26
-12.6049 -4.8640 1.0411 177 168 151
-12.6697 -4.7122 1.1327 113 93 69
-12.3810 -4.9665 0.8643 64 60 48
-12.2732 -4.9037 -0.8957 69 68 64
-12.4363 -4.9091 0.9745 118 97 76
-12.5960 -4.8725 1.3446 127 124 119
-12.4010 -4.9191 -1.0962 114 119 78
-12.6286 -4.7938 1.0636 95 82 66
-12.7802 -4.6255 1.1001 87 69 55
-12.7702 -4.6152 1.1352 121 104 86
-12.4359 -4.9260 0.9736 64 48 32
-12.5703 -4.9067 1.2653 103 95 84
-12.4589 -4.8827 0.9719 158 139 122
-12.6545 -4.7441 1.2319 129 113 87
-12.3993 -4.9747 1.1273 82 71 53
-12.6262 -4.8009 1.0498 187 174 158
-12.4171 -4.9589 0.9672 190 181 164
-12.6563 -4.7620 1.2302 148 133 114
-12.4390 -4.9061 0.9613 164 151 134
-12.4132 -4.9625 1.1115 186 174 152
-12.4457 -4.8845 0.9541 92 75 57
-12.4623 -4.8786 0.9519 110 88 67
-12.4587 -4.8826 0.9925 78 64 51
-12.5946 -4.8246 1.1681 65 51 40
-12.4090 -4.9658 0.8955 116 107 90
-12.7191 -4.5979 1.0089 194 172 149
-12.4253 -4.9661 0.9329 74 61 53
-12.3308 -4.9429 0.8105 74 58 43
-12.4273 -4.9343 1.0473 135 120 99
-12.6366 -4.7595 1.1295 106 91 70
-12.4272 -4.9696 0.8937 141 131 122
-12.4264 -4.8723 0.8981 136 116 92
-12.4483 -4.8948 1.0386 177 160 142
-12.2896 -4.8917 -0.9428 49 43 43
-12.5920 -4.8593 1.0727 146 133 116
-12.6172 -4.8178 1.0730 113 100 84
-12.7168 -4.6857 1.0221 147 130 114
-12.6375 -4.7600 1.1081 177 162 141
-12.7063 -4.6744 1.1236 168 151 133
-12.6911 -4.6630 1.1123 104 87 69
-12.2244 -4.8268 -1.3669 105 106 100
-12.4088 -4.9435 1.1566 70 55 36
-12.5873 -4.8688 1.2412 111 99 87
-12.5724 -4.8567 1.2067 191 185 169
-12.6507 -4.5265 -1.4055 73 72 68
-12.5827 -4.8698 1.2068 195 182 166
-12.4104 -4.9597 1.1075 186 174 152
-12.4173 -4.9508 1.1044 58 45 29
-12.6080 -4.8380 1.2068 86 71 52
-12.3988 -4.9183 -1.0867 109 118 61
-12.5843 -4.8009 1.1432 170 154 139
-12.7004 -4.7279 1.1938 165 150 127
-12.6006 -4.8522 1.1626 133 116 96
-12.5879 -4.8316 1.1476 103 84 70
-12.2835 -4.9035 -0.9175 214 213 211
-12.6770 -4.7243 1.1577 89 76 60
-12.6774 -4.7166 1.1547 96 78 54
-12.6323 -4.7482 -1.0935 75 76 71
-12.2883 -4.9004 -0.8753 141 137 134
-12.6509 -4.7467 1.1400 195 185 173
-12.6671 -4.7798 1.1559 105 90 71
-12.5534 -4.8857 1.1082 184 167 149
-12.6719 -4.7156 1.1193 184 167 141
-12.6300 -4.7996 1.1161 204 186 172
-12.5641 -4.7470 -0.8396 51 50 46
-12.5663 -4.7525 -0.8411 67 66 62
-12.5623 -4.7461 -0.6510 67 66 62
-12.6542 -4.7463 1.0948 103 91 79
-12.5224 -4.7758 -0.5317 225 225 225
-12.6068 -4.8022 1.0750 101 94 76
-12.6315 -4.7984 1.0897 186 175 155
-12.7741 -4.6241 1.1238 118 107 89
-12.3849 -4.9241 -0.2384 255 255 255
-12.3248 -4.9420 0.9262 108 91 71
-12.4297 -4.9196 0.9845 83 70 51
-12.4562 -4.8983 0.9934 178 169 152
-12.3992 -4.9663 0.9664 165 151 138
-12.4392 -4.9132 0.9758 141 121 97
-12.4504 -4.8835 0.9758 63 49 40
-12.4425 -4.9097 0.9683 169 153 137
-12.4613 -4.8834 0.9660 169 148 129
-12.6304 -4.8040 1.0551 187 174 158
-12.3805 -4.9660 0.8651 64 60 48
-12.7655 -4.6186 1.0479 194 172 149
-12.4187 -4.9693 0.9001 55 48 42
-12.4119 -4.9651 0.9260 189 183 169
-12.4151 -4.9554 0.9267 76 63 57
-12.4363 -4.9358 0.9323 84 68 52
-12.6422 -4.7968 1.0191 190 178 162
-12.7116 -4.6856 1.0121 134 117 101
-12.3811 -4.9622 1.1132 165 153 131
-12.7002 -4.7075 1.0538 158 145 128
-12.6552 -4.7522 1.2650 122 109 101
-12.6144 -4.8879 1.2697 115 103 91
-12.5769 -4.8576 1.2273 115 103 91
-12.3839 -4.9718 1.1139 182 167 144
-12.4087 -4.9538 1.1143 76 61 38
-12.5906 -4.8366 1.2067 140 114 97
-12.5739 -4.8632 1.1956 166 153 137
-12.4074 -4.9579 1.1004 176 160 137
-12.5867 -4.8441 1.1859 195 184 164
-12.5861 -4.8359 1.1765 192 179 160
-12.6646 -4.7049 1.1654 181 165 149
-12.7658 -4.6053 1.2003 194 181 165
-12.5874 -4.8445 1.1545 138 121 103
-12.5928 -4.8355 1.1545 103 84 70
-12.4117 -4.9542 1.0623 87 72 53
-12.6657 -4.7172 1.1503 75 63 47
-12.5678 -4.9021 1.1381 180 169 151
-12.7049 -4.7323 1.1567 113 93 69
-12.5538 -4.8923 1.0978 64 58 46
-12.4345 -4.9242 -0.9001 133 143 109
-12.6167 -4.7911 1.0887 186 171 152
-12.4350 -4.8796 0.9841 152 140 124
-12.5846 -4.8527 1.0705 143 130 111
-12.6174 -4.7915 1.0680 168 156 132
-12.4363 -4.9273 0.9834 81 68 51
-12.3812 -4.9120 -0.2170 57 58 53
-12.7090 -4.6127 1.0528 182 173 156
-12.4295 -4.9341 0.9717 96 80 65
-12.5959 -4.7813 1.0293 168 155 139
-12.7971 -4.6050 1.0955 55 45 33
-12.5887 -4.8479 1.0391 77 69 50
-12.6631 -4.6762 1.0217 174 158 142
-12.7422 -4.6167 1.0543 91 76 57
-12.4129 -4.9704 0.9547 116 100 87
-12.4217 -4.9629 0.9574 97 85 73
-12.6973 -4.7165 1.0558 124 108 95
-12.7109 -4.6617 1.0460 121 108 92
-12.7224 -4.6385 1.0393 188 177 159
-12.7760 -4.5999 0.9712 166 154 128
-12.4084 -4.9740 0.9333 182 177 158
-12.4142 -4.9486 0.9279 106 91 84
-12.4215 -4.9199 0.9221 114 98 82
-12.6454 -4.7980 1.0233 181 172 155
-12.7122 -4.6276 1.0089 139 126 110
-12.6904 -4.6821 1.1848 104 87 69
-12.7019 -4.6529 0.9895 123 111 95
-12.4295 -4.9342 0.9120 169 154 131
-12.4082 -4.9111 0.9886 166 150 134
-12.7371 -4.6012 1.0240 127 107 82
-12.4072 -4.9551 1.0150 111 92 77
-12.6996 -4.6520 1.1200 187 172 153
-12.6318 -4.7758 1.0552 147 128 111
-12.1660 -4.7264 -1.6402 29 29 27
-12.5794 -4.8542 1.2170 102 91 73
-12.6598 -4.7671 1.2485 128 111 91
-12.3650 -4.9125 -0.2118 56 55 51
-12.6758 -4.6688 0.9901 128 111 95
-12.5802 -4.8574 1.1122 190 175 154
-12.4084 -4.9450 1.1683 78 66 50
-12.5952 -4.8401 1.2128 140 114 97
-12.5945 -4.8426 1.1877 181 168 149
-12.5511 -4.7393 -0.8853 45 44 40
-12.5934 -4.7359 -0.9095 146 142 143
-12.7186 -4.6440 1.0304 194 181 164
-12.5593 -4.7462 -0.6389 42 41 37
-12.4066 -4.9708 0.9281 176 171 151
-12.6292 -4.7867 1.0084 181 172 155
-12.5571 -4.8963 1.1070 64 58 46
-12.4643 -4.6622 -1.4635 53 54 49
-12.4590 -4.8597 1.1732 190 191 185
-12.7829 -4.6251 1.0897 149 128 111
-12.5690 -4.8707 1.1879 73 62 44
-12.4404 -4.9185 0.9597 168 150 130
-12.5796 -4.8661 1.1615 155 138 120
-12.5631 -4.8309 1.1285 133 117 101
-12.6797 -4.7044 1.1696 187 174 155
-12.6707 -4.7137 1.1481 148 130 108
-12.6321 -4.7592 1.1276 130 114 98
-12.6278 -4.8009 1.1096 185 172 155
-12.7089 -4.6312 1.0907 103 87 72
-12.3826 -4.9398 -0.1201 123 124 118
-12.3713 -4.9205 -0.2123 56 55 51
-12.3813 -4.9118 -0.2132 47 48 43
-12.4485 -4.9040 0.9176 169 152 132
-12.6895 -4.7121 1.0504 124 108 95
-12.4428 -4.9383 0.9382 107 91 75
-12.4348 -4.9290 -0.6982 121 139 117
-12.4338 -4.9248 -0.9019 150 156 130
-12.7418 -4.6176 1.0608 93 82 64
-12.6758 -4.6799 1.0363 187 170 152
-12.5935 -4.8511 1.0487 122 114 95
-12.6752 -4.7132 1.0741 195 180 161
-12.4311 -4.9225 0.9852 98 85 66
-12.6076 -4.6302 -1.6923 255 255 255
-12.5911 -4.7934 1.0632 131 122 107
-12.5913 -4.8402 1.0753 170 154 131
-12.5580 -4.6047 -1.5714 255 255 255
-12.6203 -4.7873 1.2076 202 189 173
-12.4127 -4.9222 -0.9679 157 157 133
-12.6069 -4.8176 1.2242 171 155 130
-12.4988 -4.8807 1.1030 112 92 68
-12.5780 -4.8619 1.3252 128 125 120
-12.5786 -4.8959 1.1943 129 108 89
-12.7805 -4.6388 -0.8050 63 59 56
-12.5976 -4.8408 1.2136 93 70 52
-12.4336 -4.9221 -1.0422 114 113 82
-12.5999 -4.8387 1.1680 108 89 75
-12.5963 -4.7226 -1.0102 41 43 38
-12.5906 -4.8544 1.1526 119 106 89
-12.4250 -4.9178 -0.8950 145 157 121
-12.5723 -4.7485 -1.0053 202 202 202
-12.5662 -4.7549 -0.9743 172 172 170
-12.4696 -4.8898 1.0467 72 59 43
-12.5118 -4.8505 1.0593 119 103 88
-12.6217 -4.7985 1.1046 189 177 155
-12.7247 -4.6385 1.1015 103 87 72
-12.5264 -4.7717 -0.6475 74 75 70
-12.5518 -4.7411 -0.6350 46 45 43
-12.4170 -4.9178 -0.5666 139 145 107
-12.7364 -4.6635 1.0721 100 86 73
-12.7699 -4.6300 1.0807 87 74 57
-12.5414 -4.8897 0.9794 96 92 80
-12.3820 -4.9193 -0.1664 166 168 165
-12.3980 -4.9740 0.8897 64 61 46
-12.3767 -4.9651 1.0984 181 166 145
-12.6316 -4.7761 1.0561 147 128 111
-12.6116 -4.7996 1.2070 117 104 87
-12.4271 -4.8951 1.1078 180 164 148
-12.5483 -4.9021 1.5265 161 160 158
-12.5607 -4.9022 1.2540 76 69 61
-12.6123 -4.8445 1.2106 85 69 53
-12.5910 -4.8656 1.1669 179 164 143
-12.6603 -4.6961 1.1347 158 146 124
-12.4770 -4.8966 1.0472 72 59 43
-12.6515 -4.7738 1.1239 83 67 51
-12.4073 -4.9683 0.9991 172 157 138
-12.6271 -4.8060 1.0926 153 138 115
-12.5813 -4.8811 1.0733 129 116 100
-12.6509 -4.7819 1.0893 141 125 110
-12.5885 -4.8727 1.0372 190 169 152
-12.7697 -4.6682 1.0836 143 130 113
-12.6363 -4.7901 1.0178 177 168 151
-12.4573 -4.9108 0.9268 175 159 136
-12.5607 -4.9066 0.9952 96 92 80
-12.6595 -4.7698 1.0151 187 169 155
-12.7699 -4.6478 1.0187 193 176 158
-12.3714 -4.9234 -0.2226 56 55 51
-12.3935 -4.9252 -0.5670 246 243 234
-12.4345 -4.9260 -0.9125 151 153 132
-12.4909 -4.6733 -1.4226 32 33 28
-12.5031 -4.6220 0.2029 100 102 101
-12.4169 -4.9262 -0.9700 153 150 131
-13.2876 -4.2727 1.3910 71 56 37
-13.3961 -3.9138 2.0096 115 110 106
-13.3921 -4.2081 1.7042 97 82 61
-13.3141 -4.2523 1.3374 179 164 141
-13.2238 -4.2940 1.2560 69 60 45
-13.4223 -3.9844 1.9738 117 114 107
-13.2413 -4.2873 1.5364 190 173 155
-13.3561 -4.0208 1.4167 68 50 28
-13.3648 -3.8816 1.8786 103 84 54
-13.2247 -4.2902 1.2708 200 184 169
-13.3762 -3.7496 1.6170 163 150 133
-13.3960 -4.1586 1.4412 56 41 22
-13.3606 -4.2104 1.4075 187 177 168
-13.3259 -3.8869 1.8160 203 184 154
-13.3346 -4.1096 1.5211 161 144 128
-13.0971 -4.2630 -1.8294 86 84 85
-13.3535 -4.0479 1.5478 112 96 71
-13.3254 -4.1919 1.7565 61 42 25
-13.4026 -4.1860 1.8402 90 73 53
-13.2662 -4.2825 1.2163 182 166 150
-13.6160 -3.8584 2.1218 114 94 69
-13.3353 -4.2574 1.7481 90 77 60
-13.3101 -3.7224 1.7991 124 106 86
-13.3572 -3.9566 1.7828 132 111 92
-13.3266 -4.2692 1.7301 202 189 172
-13.3624 -4.2679 1.7718 94 85 70
-13.4464 -4.2403 1.8637 186 167 152
-13.3983 -4.1860 1.4645 85 72 53
-13.4234 -4.2084 1.4833 164 154 142
-13.3170 -4.2653 1.3831 107 86 69
-13.4205 -3.9448 1.8706 110 93 75
-13.3682 -3.9170 1.8107 201 188 172
-13.3575 -3.8386 1.5161 126 112 99
-13.2990 -3.8999 1.7430 138 118 93
-13.1259 -4.2702 -1.7327 131 130 128
-13.1248 -4.2276 -1.7319 141 137 134
-13.3465 -4.2790 1.4175 51 38 21
-13.4864 -3.8899 1.6269 175 166 157
-13.1172 -4.2671 -1.6850 109 108 106
-13.3186 -3.8864 1.7467 65 48 28
-13.3754 -3.8246 1.5049 82 67 60
-13.3619 -4.0794 1.4903 39 22 12
-13.4933 -3.9450 1.9177 132 111 92
-13.5048 -4.2449 1.4719 59 50 41
-13.4070 -4.1653 1.4893 86 68 48
-13.4633 -4.2091 1.5324 51 43 30
-13.4720 -4.1994 1.8500 86 62 34
-13.1504 -4.2302 -1.6979 45 44 42
-13.3445 -4.0465 1.7823 183 167 152
-13.4230 -3.9438 1.8366 189 170 153
-13.1395 -4.2339 -1.6581 128 126 127
-13.3089 -3.5936 1.4772 106 93 77
-13.3059 -4.1878 -1.8278 170 170 162
-13.1133 -4.2755 -1.5763 199 197 198
-13.4174 -4.2443 1.7650 169 150 133
-13.3956 -4.2061 1.7432 53 35 15
-13.4701 -3.9330 1.8655 57 40 33
-13.3554 -3.8830 1.7500 104 86 66
-13.2990 -4.2644 1.4819 102 85 67
-13.3324 -3.7217 1.8419 164 151 135
-13.3742 -3.8529 1.8763 120 102 82
-13.4385 -4.2148 1.7775 183 165 143
-13.4609 -3.9020 1.6121 186 170 155
-13.4079 -3.9885 1.8926 194 184 174
-13.4546 -3.9036 1.6273 63 48 29
-13.4505 -4.1807 1.7485 85 69 56
-13.4763 -3.8192 1.6586 184 166 152
-13.4975 -3.9855 1.8663 161 142 125
-13.4279 -3.9233 1.8030 102 85 65
-13.3061 -4.1983 -1.7672 135 131 119
-13.3873 -4.0217 1.4973 163 142 125
-13.5046 -3.9239 1.8760 176 158 144
-13.2605 -4.2548 1.6870 106 98 85
-13.4482 -4.2024 1.7684 68 54 41
-13.3625 -4.0959 1.4660 172 150 126
-13.3493 -3.6649 1.7410 61 48 39
-13.3319 -3.5626 1.5114 117 101 86
-13.1389 -4.2818 -1.5026 146 145 143
-13.4382 -3.9740 1.5981 194 179 160
-13.4134 -3.9881 1.9148 182 176 164
-13.3923 -4.1395 1.5108 179 162 144
-13.1198 -4.2692 -1.4760 57 56 52
-13.4000 -4.1951 1.7056 147 135 121
-13.2771 -4.0633 1.4008 94 72 48
-13.3183 -4.0560 1.6326 106 88 66
-13.2977 -3.5754 1.5158 191 174 156
-13.3660 -3.8590 1.7080 201 180 161
-13.2849 -3.5534 1.5067 188 174 161
-13.2341 -3.9006 1.7367 103 84 54
-13.3846 -4.2008 1.4947 186 178 159
-13.3980 -3.9209 1.7207 186 168 156
-13.3791 -4.0998 1.4953 116 98 78
-13.3846 -4.2157 1.5090 197 185 163
-13.3295 -4.1591 1.4703 61 44 28
-13.2555 -4.2719 1.3499 179 161 139
-13.3146 -3.6646 1.6899 100 77 59
-13.3425 -4.2698 1.6148 113 98 79
-13.2594 -4.2825 1.3770 175 158 142
-13.3867 -3.7367 1.7292 85 66 52
-13.3280 -4.2637 1.7172 73 61 45
-13.3238 -3.7988 -0.9789 173 174 168
-13.3156 -4.1881 -0.9417 244 242 230
-13.4101 -4.0222 1.4784 168 148 124
-13.3903 -4.0706 1.5483 43 31 19
-13.4898 -3.9707 1.7873 182 166 150
-13.2769 -4.0569 1.4159 188 168 144
-13.2455 -4.2960 1.2412 81 67 54
-13.4227 -4.2098 1.6783 185 167 153
-13.3991 -4.1648 1.6604 98 83 64
-13.3956 -3.8968 1.5679 70 51 37
-13.3218 -3.7596 1.6370 86 68 54
-13.4966 -3.9154 1.9331 108 92 77
-13.2972 -4.1943 -0.3555 155 156 150
-13.3507 -3.7472 1.6613 197 178 164
-13.3444 -3.5952 1.6749 80 68 52
-13.1482 -4.2781 -1.4135 118 117 115
-13.3895 -3.9280 1.8199 108 92 77
-13.3418 -4.1976 -0.3801 155 156 150
-13.3453 -4.2559 1.3353 147 139 120
-13.2869 -4.2213 -0.1718 19 18 16
-13.2878 -4.2200 -0.1504 135 134 132
-13.2662 -4.3025 1.1852 186 170 147
-13.2672 -4.3040 1.2000 85 68 48
-13.2439 -4.2824 1.1918 76 60 45
-13.1227 -4.2636 -1.6336 48 44 45
-13.2712 -4.2788 1.2262 56 43 27
-13.2981 -4.0392 1.2975 189 181 170
-13.3801 -4.2569 1.3427 65 58 42
-13.4760 -3.9218 1.7798 184 165 151
-13.3647 -4.0729 1.5931 49 39 27
-13.3749 -4.2038 1.6025 168 150 136
-13.4112 -4.0938 1.6272 61 44 26
-13.3033 -4.2790 1.2827 104 91 72
-13.3057 -4.0679 1.5292 126 113 97
-13.4979 -3.9706 1.7275 165 152 144
-13.3981 -4.2260 1.3823 176 166 154
-13.3312 -4.2726 1.5205 51 37 24
-13.4386 -4.2336 1.4144 185 172 163
-13.3183 -4.0897 1.5311 188 172 156
-13.3367 -4.2505 1.5058 176 155 136
-13.2530 -4.2931 1.3672 82 67 46
-13.3969 -4.2363 1.3962 49 45 34
-13.3532 -4.2698 1.4390 190 171 156
-13.3982 -3.9933 1.9449 141 133 122
-13.3318 -4.3032 1.7951 127 123 120
-13.3846 -4.1958 1.6136 178 162 146
-13.3104 -3.6596 1.6708 132 112 87
-13.2487 -4.2776 1.3772 114 96 76
-13.3103 -4.1866 -0.1828 96 98 87
-13.3591 -4.1086 1.3925 170 153 137
-13.1210 -4.2410 -2.0145 60 70 17
-13.3667 -3.7660 1.5946 81 65 50
-13.3656 -4.2507 1.5489 90 70 43
-13.3706 -4.1469 1.5497 159 144 125
-13.1503 -4.2309 -2.1246 132 128 125
-13.3542 -3.9357 1.7814 172 156 141
-13.2905 -4.1817 -1.6873 50 54 21
-13.3725 -4.0162 1.4540 155 136 119
-13.2955 -3.5902 1.6325 187 167 143
-13.3718 -4.0861 1.4981 61 42 28
-13.3864 -4.1691 1.6409 174 158 135
-13.1387 -4.2400 -1.5782 35 34 30
-13.5376 -3.8559 2.0708 103 84 54
-13.3813 -4.1881 1.6185 102 86 70
-13.3027 -4.0383 1.7609 108 95 78
-13.2898 -4.2834 1.2628 201 184 176
-13.1515 -4.2778 -1.5577 247 243 242
-13.3919 -3.9860 1.9418 117 114 107
-13.3405 -4.0471 1.3283 78 62 46
-13.4325 -4.2660 1.3930 147 139 120
-13.4247 -4.2052 1.6919 67 50 42
-13.4929 -3.9795 2.0308 87 88 80
-13.3199 -4.0673 1.5415 126 113 97
-13.4054 -4.2292 1.3917 167 153 142
-13.4446 -4.1600 1.4862 91 78 61
-13.4256 -4.2649 1.4045 177 165 143
-13.3554 -4.2051 1.6117 183 166 150
-13.3962 -4.2382 1.4261 105 97 78
-13.3519 -4.2737 1.7516 177 162 143
-13.2283 -4.2860 1.2413 191 168 154
-13.3831 -4.1832 1.6356 174 158 143
-13.3532 -3.7119 1.8225 183 166 146
-13.3450 -4.2581 1.7326 107 94 75
-13.3146 -3.8137 -1.5161 113 113 111
-13.3331 -3.8176 -1.3880 172 172 170
-13.4180 -4.2439 1.7911 92 76 60
-13.3330 -3.8009 -1.3711 38 34 31
-13.6279 -3.9729 2.0471 150 141 134
-13.1263 -4.2705 -1.7459 121 120 118
-13.3205 -4.1828 -0.9446 91 92 84
-13.3333 -3.7234 1.7579 192 183 168
-13.3255 -4.1892 -0.9478 203 201 189
-13.3209 -3.8011 -0.9487 140 139 135
-13.1274 -4.2684 -1.6716 127 126 122
-13.1434 -4.2343 -1.6405 104 104 106
-13.1448 -4.2278 -1.6127 127 127 125
-13.3896 -4.1465 1.5133 40 27 10
-13.4365 -3.9890 1.7995 144 123 104
-13.3931 -4.1666 1.5145 166 149 129
-13.3241 -4.1932 1.6463 76 62 49
-13.4262 -3.8246 1.5792 104 90 77
-13.4195 -3.8558 1.5903 90 73 53
-13.3835 -4.2146 1.5113 184 169 148
-13.3038 -4.2736 1.3973 48 33 14
-13.3063 -4.1798 -0.1902 84 86 83
-13.3836 -4.2601 1.3955 182 168 142
-13.3691 -4.0299 1.5392 196 170 155
-13.5218 -3.9800 1.6163 152 142 130
-13.3038 -4.2686 1.3801 161 145 129
-13.3815 -3.7467 1.6156 182 165 147
-13.5002 -3.9694 1.5887 156 149 139
-13.3337 -4.0438 1.3051 181 174 164
-13.3730 -4.2589 1.3225 158 157 152
-13.5317 -3.9872 2.0938 135 125 113
-13.3555 -4.2845 1.8362 118 113 109
-13.1339 -4.2407 -1.7451 150 150 148
-13.4856 -3.9840 1.9815 182 174 163
-13.3783 -4.2052 1.7266 87 66 47
-13.1335 -4.2280 -1.6853 123 124 119
-13.4273 -3.9378 1.8205 57 40 33
-13.3276 -3.7172 1.8185 110 92 72
-13.3170 -3.5769 1.6585 117 95 71
-13.3125 -4.0027 1.6779 76 57 42
-13.4108 -4.0190 1.4659 91 73 51
-13.4651 -3.8540 1.8583 159 146 130
-13.4554 -3.9919 1.5940 180 163 137
-13.3473 -4.0451 1.3706 176 163 146
-13.3977 -3.7047 1.6868 98 86 74
-13.3191 -3.5800 1.6697 75 60 39
-13.4074 -4.1957 1.4481 69 57 41
-13.3443 -4.0728 1.5732 52 42 30
-13.2668 -4.2818 1.3699 178 161 143
-13.2792 -4.2654 1.4770 51 37 24
-13.4052 -4.2073 1.6066 121 105 89
-13.2925 -4.2788 1.2826 103 86 66
-13.3070 -4.0426 1.5239 54 41 33
-13.3106 -4.2244 -0.2067 102 104 99
-13.3236 -3.6611 1.6984 100 77 59
-13.4490 -4.1366 1.5899 130 103 82
-13.3700 -4.2417 1.5063 155 140 121
-13.2943 -3.5990 1.4674 106 93 77
-13.2878 -3.5289 1.5610 178 161 151
-13.4109 -4.1602 1.5878 177 164 147
-13.4094 -4.1491 1.5874 164 149 130
-13.4511 -4.1809 1.7491 75 57 47
-13.3395 -4.2842 1.4172 179 161 139
-13.2745 -4.2875 1.2129 76 60 45
-13.3485 -3.6673 1.7081 92 78 65
-13.3269 -4.0874 1.5004 73 55 43
-13.4284 -4.2073 1.7145 71 58 39
-13.3109 -4.2711 1.4654 64 50 39
-13.3875 -3.8271 1.5987 200 186 173
-13.1080 -4.2671 -1.8235 170 169 167
-13.4331 -3.8582 1.8634 77 58 41
-13.1313 -4.2427 -2.0293 70 77 26
-13.4986 -3.9436 1.9267 132 111 92
-13.0957 -3.7948 -2.5409 32 26 26
-13.3915 -4.1692 1.6450 174 158 135
-13.3503 -4.2655 1.3233 174 160 134
-13.2692 -4.2805 1.3978 140 122 102
-13.4093 -4.2521 1.5302 182 161 140
-13.2771 -4.2734 1.4743 94 77 61
-13.3426 -3.6614 1.6839 166 148 126
-13.4320 -3.9981 1.5732 110 89 68
-13.3331 -4.1788 -1.7832 36 34 11
-13.1465 -4.2414 -1.5890 41 40 36
-13.1437 -4.2210 -1.7449 114 110 107
-13.3645 -3.8674 1.8165 114 90 64
-13.3418 -4.1563 -0.9328 145 152 111
-13.2952 -4.0506 1.7490 99 86 67
-13.3815 -3.7630 1.5995 73 59 46
-13.2498 -4.0391 1.6584 96 84 62
-13.4185 -4.1439 1.6249 85 64 45
-13.4045 -3.9833 1.9640 158 153 147
-13.3665 -4.2868 1.8499 136 131 127
-13.4153 -4.2436 1.8665 95 85 76
-13.1382 -4.2290 -1.6907 161 162 157
-13.4128 -4.2115 1.8590 76 60 47
-13.4163 -4.2052 1.8520 148 127 108
-13.4285 -4.2667 1.8464 97 80 60
-13.5853 -3.8942 2.0690 124 106 94
-13.1525 -4.2288 -1.6227 175 175 175
-13.4152 -4.2760 1.8197 104 95 78
-13.3017 -4.1978 -1.7573 130 126 114
-13.3436 -3.7208 1.8086 132 122 110
-13.3729 -3.9899 1.7913 150 141 134
-13.4002 -3.9498 1.8301 180 161 144
-13.4038 -4.1999 1.7824 158 134 106
-13.3880 -4.2160 1.7531 124 98 75
-13.4580 -3.8716 1.8784 207 190 172
-13.4455 -3.9353 1.8433 57 40 33
-13.2791 -3.6181 1.7141 97 80 60
-13.3285 -3.6326 1.7509 108 91 71
-13.3282 -3.8068 -1.5077 98 98 96
-13.3672 -3.7561 -1.5026 50 49 45
-13.3872 -4.1443 -1.4284 133 150 106
-13.3265 -3.8191 -1.3818 172 172 170
-13.3266 -4.1932 1.6497 76 62 49
-13.4004 -3.9880 1.7537 149 136 120
-13.2978 -4.1810 -0.9279 47 47 39
-13.3316 -4.1863 -0.9269 141 137 128
-13.3010 -4.1852 -0.8559 63 61 48
-13.3316 -4.1623 -0.7565 109 108 106
-13.2861 -4.2001 -0.5558 252 255 255
-12.9621 -3.6765 -0.3762 91 83 80
-13.3744 -4.2020 1.6514 73 57 42
-13.3001 -3.5786 1.6617 164 150 124
-13.3631 -4.1978 -0.4087 152 151 147
-13.4275 -3.9751 1.7263 182 166 150
-13.3373 -4.2269 -0.2294 109 111 106
-13.3754 -4.1764 1.6327 101 89 67
-13.3080 -4.2221 -0.1522 131 132 127
-13.2860 -4.2130 -0.1107 132 133 127
-13.4264 -4.1850 1.6685 167 154 137
-13.3350 -4.2890 1.2702 75 62 46
-13.4214 -3.9778 1.6850 78 65 59
-13.2921 -4.0401 1.2734 128 123 117
-13.3763 -4.0647 1.6167 55 38 22
-13.3950 -3.7936 1.6730 194 179 160
-13.3818 -3.7846 1.6615 195 179 163
-13.3490 -3.7595 1.6333 176 162 149
-13.2714 -4.0722 1.5026 44 36 23
-13.2963 -4.2836 1.2684 161 147 138
-13.5713 -3.9614 1.8085 83 69 56
-13.2594 -4.2737 1.2620 131 116 95
-13.2768 -4.2740 1.4722 94 77 61
-13.3291 -4.2717 1.5199 66 50 35
-13.4051 -3.9767 1.6234 173 161 147
-13.4348 -4.2400 1.4281 69 63 51
-13.3700 -4.2811 1.5285 58 44 33
-13.4352 -3.9860 1.5465 152 142 130
-13.3731 -4.0779 1.5561 145 131 118
-13.3519 -4.1081 1.3903 174 157 141
-13.3048 -4.2506 1.3304 182 168 142
-13.3957 -4.1197 1.5609 167 151 128
-13.3753 -3.8328 1.5815 177 163 150
-13.2668 -3.5649 1.5156 105 91 78
-13.3964 -4.1951 1.4412 49 37 25
-13.2948 -3.5693 1.5123 111 94 78
-13.4499 -4.2381 1.5627 159 146 137
-13.2418 -4.1065 1.3267 78 61 45
-13.5189 -3.9882 1.6577 179 162 136
-13.3797 -4.1150 1.5021 81 65 49
-13.2260 -4.2568 1.3078 179 158 139
-13.4715 -3.9708 1.5675 156 149 139
-13.4506 -4.2068 1.5193 56 49 33
-13.3142 -4.2618 1.4008 176 163 144
-13.3260 -4.2334 1.4185 83 69 56
-13.1300 -4.2564 -1.7971 197 196 194
-13.1256 -4.2188 -1.8536 178 179 171
-13.1273 -4.2226 -1.9017 23 22 17
-13.1413 -3.8044 -2.3915 50 49 44
-13.3507 -4.0952 1.4126 102 84 60
-13.3769 -3.9440 1.8464 185 169 153
-13.3121 -4.0518 1.7697 91 79 63
-13.3665 -4.0638 1.5740 147 130 114
-13.3727 -4.1257 1.4615 158 139 122
-13.3585 -4.0931 1.4525 165 141 115
-13.1243 -4.2573 -1.5308 29 30 25
-13.6991 -4.2088 1.9229 162 144 130
-13.2555 -3.5712 1.5320 186 171 152
-13.3996 -3.7236 1.4873 158 149 142
-13.4796 -4.2081 1.5469 109 102 86
-13.4436 -4.1285 1.5239 157 139 119
-13.4061 -3.9837 1.9159 56 57 49
-13.3969 -4.0650 1.4904 181 159 136
-13.4898 -3.9828 1.5840 143 135 124
-13.2996 -4.2552 1.3417 51 37 24
-13.4387 -3.9693 1.9179 180 159 140
-13.3324 -4.1858 1.4063 98 90 69
-13.3291 -4.1905 1.3902 42 32 20
-13.3022 -3.7314 1.7693 132 122 110
-13.5236 -4.2632 1.9084 162 146 133
-13.3330 -3.6408 1.7953 133 117 104
-13.4686 -4.2049 1.8450 158 134 106
-13.1435 -4.2454 -2.0569 88 97 54
-13.1302 -4.2229 -1.9075 23 22 17
-13.3312 -3.6387 1.7527 204 188 172
-13.1152 -4.2261 -1.8193 24 23 19
-13.3477 -3.5822 1.7619 55 45 35
-13.1341 -4.2495 -1.7616 153 149 150
-13.1332 -4.2292 -1.6757 118 119 114
-13.4569 -4.1928 1.7484 65 53 39
-13.4628 -4.1714 1.7563 122 108 97
-13.3606 -3.5723 1.7412 65 58 42
-13.5190 -3.9692 1.8176 173 157 141
-13.3608 -4.2054 1.6137 183 166 150
-13.3464 -3.8169 -1.3984 170 170 168
-13.3127 -4.0685 1.5562 53 41 25
-13.3348 -3.7960 -0.9938 151 152 146
-13.4864 -3.9658 1.7279 95 79 63
-13.3425 -4.2287 -0.8837 90 87 80
-13.3380 -4.1859 -0.8722 58 55 48
-13.3660 -4.1418 1.5716 105 84 65
-13.3754 -4.2012 -0.8910 83 79 70
-13.3189 -4.2091 -0.6057 134 135 137
-13.4420 -3.7424 1.6944 59 49 40
-12.9686 -3.6739 -0.3814 91 83 80
-13.4725 -3.7270 1.7019 163 150 133
-13.4414 -4.1081 1.6084 162 145 127
-13.3304 -4.1814 -0.1997 131 133 128
-13.3378 -4.2168 -0.1218 36 37 32
-13.3433 -4.2653 1.2781 134 123 105
-13.4578 -4.1671 1.5890 115 99 83
-13.4650 -3.9702 1.6208 186 171 148
-13.4126 -4.2633 1.3496 140 137 130
-13.3150 -3.5385 1.5295 187 175 161
-13.2581 -4.0413 1.2699 63 55 44
-13.4394 -4.2318 1.4138 184 171 162
-13.4355 -4.0459 1.4440 184 167 149
-13.4467 -4.2245 1.4340 107 95 81
-13.4381 -4.2397 1.4261 46 42 33
-13.2943 -4.2594 1.2993 172 157 134
-13.4297 -3.7079 1.5060 60 51 46
-13.4301 -4.0699 1.6019 38 28 16
-13.3432 -4.2829 1.8203 136 131 127
-13.3907 -4.1610 1.6737 179 171 160
-13.4540 -4.0184 1.7568 100 78 55
-13.3801 -4.2496 1.7859 116 98 78
-13.4729 -4.0163 1.5511 129 108 91
-13.3974 -4.0596 1.5050 146 124 100
-13.3434 -3.5504 1.5325 201 183 169
-13.4205 -4.0266 1.7095 121 99 76
-13.5044 -3.9963 1.6382 133 114 97
-13.4565 -4.1589 1.5745 107 89 75
-13.2928 -3.5859 1.6393 115 95 71
-13.3483 -3.7552 1.5409 151 135 112
-13.2634 -3.5869 1.4995 129 114 95
-13.2599 -4.0302 1.4355 178 156 135
-13.2824 -4.1783 -0.3311 59 61 56
-13.1438 -3.8283 -2.3884 38 38 30
-13.3125 -3.6593 1.5632 188 175 159
-13.3071 -3.6080 1.7450 97 80 60
-13.3368 -4.2718 1.6685 184 167 149
-13.3478 -4.1902 -0.5775 144 145 140
-13.3541 -4.0964 1.6063 175 157 135
-13.3669 -4.1547 1.5711 158 145 129
-13.2988 -4.0562 1.5316 130 105 83
-13.1314 -4.2428 -1.6812 154 153 151
-13.4001 -4.0328 1.6064 87 69 49
-13.5834 -3.9688 2.1683 160 155 149
-13.3136 -3.9892 1.8058 79 76 69
-13.3244 -3.7523 -1.5978 196 195 193
-13.4720 -4.2041 1.9358 120 107 98
-13.3715 -3.7433 -1.6136 203 203 201
-13.4561 -3.9732 1.9203 172 159 143
-13.4717 -4.0267 -1.4496 95 96 90
-13.2684 -4.1760 -0.9095 65 58 52
-13.3670 -3.5751 1.7794 55 45 35
-13.4353 -3.9913 1.7770 175 150 128
-13.4551 -3.9192 1.8132 138 120 98
-13.3538 -4.1996 -0.8795 121 117 105
-13.3483 -4.1643 -0.7692 70 69 65
-13.3139 -4.1883 -0.5536 144 145 140
-13.4526 -3.9229 1.7584 152 133 119
-13.2633 -4.0690 1.5152 77 66 48
-13.5337 -3.9644 1.7780 83 69 56
-13.2807 -4.1837 -0.3476 71 72 67
-13.3089 -4.1404 1.5042 101 83 63
-13.3483 -4.1838 -0.2084 131 133 128
-13.3082 -4.2222 -0.1418 100 101 96
-13.3215 -4.2642 1.2724 153 136 116
-13.4295 -4.2203 1.4139 49 40 31
-13.4255 -4.2295 1.4101 155 143 129
-13.2595 -4.0808 1.4205 39 25 16
-13.4498 -3.9705 1.6103 186 171 148
-13.3339 -4.0500 1.3691 184 167 149
-13.4010 -4.0868 1.5180 104 83 66
-13.3877 -4.1057 1.4233 162 145 127
-13.2812 -4.2713 1.3743 122 107 88
-13.2903 -3.7317 1.4414 157 138 121
-13.3353 -4.2599 1.3764 59 45 32
-13.5257 -3.9651 1.6115 128 116 102
-13.3392 -4.2544 1.3956 184 174 147
-13.3463 -4.2162 1.4046 192 180 168
-13.3174 -4.1765 -1.7177 100 112 38
-13.1028 -4.2234 -1.5555 69 69 69
-13.1552 -4.2357 -1.6552 154 154 156
-13.1100 -4.2157 -1.7378 167 164 157
-13.1351 -4.2207 -1.8631 180 182 171
-13.1425 -4.2396 -2.0857 134 130 69
-13.1413 -3.8080 -2.2859 29 25 22
-13.1344 -3.8309 -2.3670 38 38 30
-13.3246 -3.7716 -1.7708 167 167 159
-13.1126 -4.2409 -1.6446 154 153 151
-13.3831 -4.2501 1.6732 111 90 69
-13.1325 -4.2306 -1.6700 92 91 87
-13.2553 -4.0590 1.4938 153 130 112
-13.4059 -3.7780 1.6775 192 176 160
-13.4894 -3.7170 1.7527 118 99 84
-13.3564 -3.8187 1.5780 191 178 162
-13.3639 -4.0256 1.5405 181 159 136
-13.3885 -4.0204 1.4846 129 108 91
-13.3587 -3.9226 1.9691 122 114 111
-13.2890 -4.1688 -1.4629 160 174 123
-13.3799 -3.7929 1.8435 201 184 168
-13.3042 -3.8215 1.7128 170 149 132
-13.4509 -4.1081 1.7459 187 170 150
-13.2930 -4.1849 -1.1775 135 163 151
-13.5586 -3.9482 1.9500 112 89 73
-13.3954 -4.0332 1.6021 87 69 49
-13.4529 -4.0553 1.7704 173 155 133
-13.3275 -3.9905 1.8018 85 78 70
-13.3532 -4.2420 1.7711 100 86 75
-13.1258 -3.8128 -2.3509 31 30 26
-13.1200 -4.2363 -2.0392 134 130 69
-13.1199 -4.2294 -1.8177 35 31 30
-13.1218 -4.2205 -1.7898 165 163 151
-13.1205 -4.2173 -1.7567 167 164 157
-13.1447 -4.2198 -1.6566 124 118 118
-13.4097 -3.9229 1.8263 191 175 159
-13.2800 -3.6188 1.7091 134 115 100
-13.4685 -4.1993 1.8062 65 49 34
-13.2725 -3.6060 1.6839 60 50 38
-13.3014 -4.1767 -1.6845 106 123 45
-13.3025 -4.1873 -1.6839 61 62 44
-13.3271 -3.7552 -1.6230 208 207 205
-13.3285 -3.7548 -1.5669 203 203 201
-13.3013 -3.6080 1.6646 96 80 65
-13.3270 -3.8070 -1.3661 64 60 57
-13.3055 -3.8743 -1.3417 183 182 180
-13.3383 -3.9768 1.5944 109 93 77
-13.2695 -3.8793 -1.0375 48 47 43
-13.2417 -4.1742 -0.8886 66 59 51
-13.2362 -4.1823 -0.8658 255 253 240
-13.3541 -4.2295 -0.8921 90 87 80
-13.2818 -4.1820 -0.8202 61 58 51
-13.3563 -4.1887 -0.5790 101 104 97
-13.3063 -4.2041 -0.5592 120 124 127
-13.3959 -4.2093 1.5368 179 166 149
-13.1953 -4.1916 -0.3862 240 242 241
-13.3415 -3.9258 1.5060 179 162 144
-13.2983 -4.2312 1.4130 100 86 73
-13.3019 -4.1796 -0.3225 120 122 117
-13.3154 -4.2183 -0.1241 86 87 81
-13.5039 -4.2340 1.5769 122 108 95
-13.3014 -4.1894 1.3826 105 96 87
-13.3614 -4.2357 1.3708 79 77 65
-13.3623 -4.2540 1.3891 172 155 127
-13.2624 -4.0705 1.5052 76 67 52
-13.2572 -4.2208 -0.2063 31 31 29
-13.3713 -4.0867 1.4944 104 83 66
-13.1546 -4.1857 -0.2109 173 172 170
-13.2818 -4.1075 1.4100 110 92 78
-13.3913 -4.0233 1.5600 185 163 140
-13.3609 -3.8406 1.5898 131 114 98
-13.3024 -3.6079 1.4723 98 79 62
-13.3641 -3.7198 1.8437 93 84 77
-13.3532 -3.7106 1.8133 181 166 147
-13.1242 -4.2208 -1.8889 19 18 14
-13.3470 -4.2606 1.7154 181 168 149
-13.0842 -4.0169 1.4647 89 71 57
-13.2465 -4.0290 1.5663 155 133 110
-13.4164 -3.9986 1.7860 89 71 57
-13.4323 -3.9937 1.8841 160 135 115
-13.3122 -4.0554 1.7776 136 128 115
-13.4509 -4.1081 1.7459 187 170 150
-13.2757 -4.1846 -1.1564 135 163 151
-13.3450 -3.8392 1.8045 193 180 163
-13.2938 -3.9599 1.7504 175 158 140
-13.2684 -4.1979 -1.6995 121 115 103
-13.3710 -4.0900 1.8369 85 75 66
-13.2944 -3.8278 -1.3372 162 162 160
-13.3719 -4.1961 1.8233 74 58 45
-13.4305 -4.0538 1.8427 127 105 84
-13.3991 -3.6955 1.8633 190 173 155
-13.5576 -3.8655 1.9833 189 177 153
-13.4849 -4.2235 1.8056 167 155 131
-13.3377 -3.6401 1.7342 195 178 158
-13.3106 -3.6061 1.6641 75 62 46
-13.4554 -4.2303 1.7025 109 88 71
-13.1659 -4.0709 1.4142 139 127 113
-13.5717 -3.9659 1.8266 80 67 61
-13.3716 -3.7066 1.6427 98 82 67
-13.1424 -4.0909 1.3492 161 148 129
-13.4284 -3.8289 1.6563 101 88 72
-13.4362 -4.2102 1.5660 184 173 155
-13.4461 -4.1644 1.5788 118 101 85
-13.3551 -4.0778 1.5076 70 57 48
-13.5465 -3.9882 1.6697 141 121 96
-13.5107 -3.9652 1.6408 142 124 102
-13.5039 -4.2340 1.5769 122 108 95
-13.4440 -4.1332 1.5354 162 144 124
-13.3548 -4.1090 1.4585 125 107 93
-13.3915 -3.7026 1.5375 182 165 149
-13.4157 -3.7262 1.5312 149 132 114
-13.4067 -4.2215 1.4449 192 180 168
-13.5519 -4.1072 1.5593 176 159 141
-13.4949 -4.0282 1.5202 171 155 129
-13.2396 -4.1913 -0.2238 153 152 150
-13.2350 -4.1951 -0.4105 240 242 241
-13.3495 -4.1872 -0.5755 101 104 97
-13.3690 -3.7962 -1.1645 189 190 185
-13.3533 -3.7524 -1.2037 161 160 158
-13.3281 -3.8069 -1.3849 46 42 39
-13.3049 -3.7721 -1.4172 116 115 111
-13.1358 -3.8099 -2.2742 29 25 22
-13.1404 -3.8291 -2.3783 49 49 41
-13.4122 -3.8313 1.8908 184 168 152
-13.2529 -3.9069 1.6769 189 177 153
-13.4394 -3.9544 1.8387 117 94 78
-13.5950 -3.9214 1.9859 57 40 33
-13.3415 -4.1970 1.6252 98 85 66
-13.4641 -4.2099 -0.3285 153 152 150
-13.3281 -3.7805 -1.4705 190 189 187
-13.3343 -4.1438 -1.5907 124 124 98
-13.3185 -3.7099 -1.6604 204 201 196
-13.1506 -3.8274 -2.4029 49 49 41
-13.5833 -4.0186 1.3336 145 128 118
-13.4436 -4.0266 1.2149 51 41 32
-13.4971 -3.3255 1.3849 90 71 54
-13.5837 -3.5163 1.3318 174 158 143
-13.7564 -3.7556 1.5354 122 103 88
-13.1992 -3.9222 0.9654 166 154 140
-13.7341 -3.7776 1.7988 205 194 192
-13.6908 -3.7760 1.7603 164 157 151
-13.5044 -3.5017 1.6038 131 120 118
-13.6234 -3.6132 1.3432 107 88 71
-13.5990 -3.5987 1.3269 81 67 58
-13.4219 -4.0728 0.9252 155 138 122
-13.5365 -3.5205 1.3968 97 80 64
-13.5271 -3.4108 1.4744 122 106 91
-13.6006 -3.5272 1.3267 113 98 79
-13.3658 -4.0084 1.0650 119 104 85
-13.4932 -3.3224 1.3979 162 141 124
-13.2283 -3.8905 0.9804 92 75 57
-13.6247 -3.6032 1.3274 64 48 35
-13.6091 -3.6663 1.6331 203 185 165
-13.5102 -4.0778 0.9962 101 83 69
-13.4298 -4.0781 0.9427 117 101 85
-13.2342 -3.9303 0.9089 46 38 27
-13.4029 -3.8554 0.9640 86 65 46
-13.3942 -3.9962 0.9370 97 81 55
-13.5853 -3.5496 1.2998 139 124 105
-13.3519 -4.0311 0.9126 50 40 28
-13.5835 -3.4758 1.1472 137 130 120
-13.1787 -3.9073 1.1529 95 82 76
-13.1969 -3.9384 0.8824 65 49 34
-13.2575 -3.9444 0.8992 173 152 135
-13.5254 -3.4420 1.4282 178 159 142
-13.4240 -4.0373 1.3505 60 43 33
-13.1908 -3.9340 0.9293 69 51 37
-13.4161 -4.0335 1.3274 97 74 56
-13.6148 -3.7172 1.5726 186 170 157
-13.6292 -3.6247 1.4970 166 143 127
-13.5859 -3.6433 1.4569 59 41 27
-13.4003 -3.9916 1.0040 59 42 22
-13.5352 -3.4861 1.5310 90 72 58
-13.3711 -3.8608 0.9686 77 59 39
-13.6256 -3.7214 1.5576 105 92 76
-13.5255 -3.4927 1.5037 196 180 164
-13.3598 -3.9847 0.9680 156 137 120
-13.2596 -3.9477 0.9061 105 86 69
-13.2958 -3.9694 0.9518 99 79 55
-13.2000 -3.8949 1.1297 116 103 86
-13.5767 -3.7521 1.5000 183 166 150
-13.3289 -3.9774 0.9734 192 170 146
-12.3463 -3.9517 0.3549 169 158 138
-13.6005 -3.6556 1.5432 162 141 122
-13.5499 -3.4278 1.4753 89 73 57
-13.6235 -3.7799 1.1945 162 154 141
-13.6678 -3.7856 1.5594 155 142 136
-13.6649 -3.7381 1.5654 72 53 38
-13.5088 -3.3037 1.2436 186 173 156
-13.3310 -3.9145 0.9928 162 145 135
-13.3680 -3.9869 1.0054 139 123 107
-13.4223 -4.0437 1.2580 57 37 26
-13.5259 -3.2890 1.2259 190 181 166
-13.5317 -3.2662 1.2655 68 57 39
-13.2176 -3.9406 0.9135 168 153 134
-13.5436 -3.9749 1.1395 150 131 116
-13.1624 -3.9433 0.8909 81 64 48
-13.6282 -3.7960 1.4931 152 133 118
-13.5062 -3.3017 1.2262 88 76 60
-13.1559 -3.9153 0.8494 186 164 143
-13.6065 -3.6446 1.2534 110 95 76
-13.3382 -3.9794 0.9732 171 150 129
-13.6883 -3.6864 1.3059 182 169 153
-13.1777 -3.9136 0.8449 111 90 69
-13.4251 -4.0795 1.2607 156 140 127
-13.4292 -4.0408 0.9936 63 53 43
-13.6260 -3.7165 1.5147 201 184 168
-13.4062 -3.9997 0.9838 87 66 49
-13.0810 -3.9440 0.8255 57 47 37
-13.6394 -3.7155 1.4292 106 89 73
-13.7384 -3.7620 1.4295 167 150 140
-13.5682 -3.6179 1.1904 192 178 165
-13.3619 -4.0630 0.8581 171 163 144
-13.4094 -4.0153 1.1757 156 141 118
-13.4272 -4.0434 0.8918 142 135 127
-13.1337 -3.9176 0.9702 173 155 133
-13.2227 -3.9048 0.8929 135 117 95
-13.5639 -3.5403 1.3448 102 86 71
-13.1258 -3.9361 0.8212 154 136 116
-13.1082 -3.9461 0.9193 103 90 74
-13.5284 -3.4087 1.3456 109 92 76
-13.5213 -4.0204 1.2432 180 167 151
-13.5917 -3.5219 1.3856 84 68 53
-13.4694 -3.8688 0.8870 189 182 172
-13.2270 -3.9112 0.8717 195 174 153
-13.4492 -4.0578 0.9166 55 47 36
-13.5818 -3.5153 1.3707 63 49 36
-13.6333 -3.6721 1.5086 129 111 91
-13.6420 -3.7262 1.5067 191 174 156
-13.7278 -3.7035 1.5119 177 159 139
-13.6294 -3.5825 1.3154 118 106 92
-13.4005 -4.0309 1.2676 122 96 69
-13.4959 -3.3565 1.5662 85 67 45
-13.4981 -3.3266 1.4170 138 122 106
-13.4227 -4.0462 1.2246 97 82 63
-13.4215 -4.0395 0.9023 85 73 61
-13.6175 -3.6612 1.4081 106 86 62
-13.1141 -3.9228 0.9589 104 86 66
-13.5340 -3.4162 1.4795 67 55 39
-13.7679 -3.7573 1.3615 188 177 159
-13.6288 -3.6313 1.6506 203 183 158
-13.5907 -3.6516 1.5707 95 68 41
-13.3197 -3.9011 0.9724 174 153 134
-13.4029 -4.0281 0.9320 156 144 128
-13.5799 -4.0057 1.4115 134 116 92
-13.4885 -4.0279 1.3037 138 124 113
-13.6280 -3.6298 1.6705 127 106 87
-13.4581 -4.0222 1.0012 95 84 66
-13.5236 -3.3442 1.3599 175 162 146
-13.3078 -3.9723 0.9596 88 73 52
-13.4686 -3.9995 1.2050 113 96 76
-13.5105 -4.0150 1.2356 89 74 53
-13.7127 -3.7759 1.7484 82 73 66
-13.5951 -3.6553 1.6636 194 168 141
-13.3755 -4.0408 1.0803 70 55 32
-13.7879 -3.7663 1.3130 136 128 115
-13.1932 -3.9364 0.9869 71 55 40
-13.4165 -4.0754 1.3232 164 151 135
-13.4744 -3.3677 1.5245 188 167 146
-13.5239 -3.4089 1.5114 91 75 59
-13.5244 -3.4071 1.4373 195 175 148
-13.5570 -3.4801 1.6290 154 142 130
-13.3855 -4.0210 1.2952 191 175 149
-13.5260 -3.2623 1.2942 166 155 135
-13.6066 -4.0242 1.4048 94 79 60
-13.4977 -3.3973 1.4610 211 194 176
-13.3669 -3.9857 1.0434 150 133 117
-13.3163 -3.9766 1.0330 121 99 76
-13.5992 -3.6559 1.5498 162 141 122
-13.5577 -3.5023 1.4928 138 120 100
-13.6738 -3.7430 1.5972 125 104 85
-13.5682 -3.8153 1.1827 89 67 44
-13.6581 -3.6975 1.8177 132 127 124
-13.3600 -3.8634 1.0074 106 88 64
-13.4579 -4.0095 1.2877 167 147 123
-13.5993 -3.6051 1.3623 198 180 166
-13.6158 -3.7138 1.5102 141 124 106
-13.4723 -4.0817 0.9400 137 123 110
-13.5257 -3.3417 1.1986 90 75 56
-13.5042 -3.3319 1.4684 114 106 93
-13.4847 -3.2845 1.2054 126 114 102
-13.6077 -3.6157 1.5690 192 175 157
-13.5260 -4.0205 1.2433 180 167 151
-13.6701 -3.5893 1.2831 98 84 73
-13.3428 -3.8644 0.9524 77 59 39
-13.4893 -3.4257 1.3082 126 109 93
-13.4349 -4.0372 1.1531 85 70 51
-13.5613 -3.4924 1.6126 148 129 114
-13.5497 -3.4074 1.3416 158 140 118
-13.5096 -3.4970 1.5536 183 169 158
-13.4667 -4.0230 1.3950 92 74 52
-13.0553 -3.9346 0.8695 69 55 42
-13.5676 -3.5307 1.3245 69 56 47
-13.4303 -4.0419 0.8918 148 141 133
-13.5801 -3.6544 1.5660 95 65 37
-13.4164 -4.0754 1.3217 164 151 135
-13.5874 -3.6584 1.5529 185 163 139
-13.5166 -4.0781 0.9994 101 83 69
-13.3746 -4.0464 0.8744 53 49 38
-13.5949 -3.5956 1.3066 199 185 172
-13.6550 -3.6328 1.5963 134 121 105
-13.1891 -3.8957 1.1203 147 134 115
-13.3598 -4.0697 0.8857 155 138 122
-13.6588 -3.6417 1.5717 75 55 44
-13.5241 -3.6095 1.2881 150 135 116
-13.4979 -3.3994 1.4635 207 190 180
-13.7102 -3.9749 1.2224 56 47 32
-13.5189 -3.4177 1.4645 189 175 164
-13.5616 -4.0050 1.3890 118 100 76
-13.3638 -4.0039 0.9919 154 139 120
-13.3663 -3.9698 1.0021 103 87 64
-13.5753 -3.6462 1.4496 59 41 27
-13.5955 -3.5974 1.3550 116 98 84
-13.5036 -3.3373 1.4371 138 131 115
-13.5466 -3.3988 1.4584 196 175 146
-13.5107 -3.5004 1.5910 103 93 81
-13.5131 -3.4901 1.5241 186 168 148
-13.5047 -3.3310 1.4250 72 60 44
-13.5651 -3.5354 1.4315 116 100 85
-13.5813 -3.5476 1.2739 191 169 155
-13.5266 -3.3130 1.4177 64 48 32
-13.4089 -4.0203 1.1910 115 102 93
-13.1277 -3.9331 0.8461 158 140 128
-13.3901 -4.0145 1.1610 159 144 121
-13.2189 -3.9314 0.9196 48 38 29
-13.2095 -3.9717 0.9041 113 91 67
-13.7179 -3.7641 1.2518 159 151 140
-13.3949 -4.0495 1.1553 162 144 122
-13.4314 -3.9949 1.0111 165 148 132
-13.5110 -3.2967 1.1644 110 96 83
-13.5515 -3.8139 2.0264 151 147 146
-13.4831 -4.0273 0.9826 159 146 130
-13.4486 -3.3001 1.2967 207 190 174
-13.4418 -4.0434 1.1250 90 73 53
-13.5284 -3.2805 1.2410 193 184 167
-13.3404 -3.9321 0.9053 124 103 76
-13.5531 -4.0153 1.3447 140 122 102
-13.4794 -3.3464 1.4660 84 66 46
-13.2510 -3.9568 0.8433 108 91 75
-13.5911 -3.4978 1.3233 185 167 147
-13.6250 -3.6745 1.5019 128 111 91
-13.5505 -3.7166 1.2212 65 51 42
-13.5608 -3.5330 1.3179 64 51 42
-13.7432 -3.6630 1.3335 188 176 162
-13.5773 -3.4763 1.1416 178 168 156
-13.7665 -3.7518 1.2852 177 166 148
-13.5906 -4.0226 1.5094 91 75 52
-13.6506 -3.7149 1.5650 191 178 162
-13.6579 -3.7182 1.5709 185 172 156
-13.2083 -3.9327 0.9086 48 38 28
-13.5178 -3.3919 1.4880 203 187 172
-13.3697 -4.0007 0.9748 68 46 32
-13.5991 -3.6208 1.2760 83 62 43
-13.5077 -3.4396 1.4482 194 186 175
-13.6221 -3.6333 1.5133 155 141 130
-13.4090 -4.0015 1.1536 106 90 67
-13.6423 -3.6448 1.5643 60 40 29
-13.5847 -3.6015 1.3430 112 96 83
-13.3675 -4.0385 0.9499 58 48 38
-13.4987 -3.4318 1.4417 76 64 48
-13.1823 -3.8965 0.9439 92 75 57
-13.5724 -3.6701 1.4524 95 78 62
-13.4621 -4.0497 0.9216 39 39 29
-13.5133 -3.3520 1.4002 177 161 146
-13.4734 -4.0574 0.9274 50 46 37
-13.5460 -3.6452 1.4286 178 155 137
-13.4760 -3.3640 1.3564 73 55 43
-13.5730 -3.6722 1.5260 71 52 37
-13.5488 -3.7344 1.4484 187 170 154
-13.3143 -4.0144 1.1039 159 144 121
-13.2252 -3.9361 0.8950 75 58 40
-13.1884 -3.9179 0.8564 113 87 70
-13.5743 -4.0370 1.4113 172 151 120
-13.1124 -3.9270 0.8876 165 148 128
-13.3726 -4.0156 1.1275 110 95 74
-13.3477 -3.9906 1.0890 119 106 87
-13.6165 -3.5648 1.4206 173 156 138
-13.5980 -3.3683 1.5931 94 78 62
-13.6096 -3.7093 1.7647 127 121 121
-13.3596 -4.0261 1.1568 50 43 37
-13.2596 -3.9041 0.7759 164 155 140
-13.3443 -4.0263 0.9002 159 146 130
-13.5446 -3.6456 1.4495 98 79 62
-13.5358 -3.6500 1.5736 112 94 80
-13.2366 -3.9979 0.9775 136 123 107
-13.2716 -3.9019 0.9135 119 98 77
-13.5443 -3.5789 1.2982 72 58 47
-13.5677 -3.6734 1.6276 127 107 83
-13.7669 -3.7744 1.8357 134 123 119
-13.7565 -3.7701 1.7964 70 61 54
-13.9737 -3.7247 1.9505 131 121 109
-13.5457 -4.0226 1.4635 91 75 52
-13.5445 -3.5671 -1.6982 110 109 105
-13.9027 -3.6535 1.8479 196 183 167
-13.5408 -3.5776 -2.3066 78 79 71
-13.9694 -3.6600 1.8656 79 63 47
-13.6660 -3.6553 1.5944 185 168 148
-13.6421 -3.6439 1.5750 122 103 88
-13.3310 -3.8812 0.8396 177 169 158
-13.5328 -3.3847 1.4969 203 187 172
-13.6317 -3.6380 1.5197 68 56 42
-13.3897 -4.0000 1.0183 104 88 73
-13.5155 -3.4361 1.4544 194 186 175
-13.5255 -3.3287 1.4796 58 55 40
-13.5279 -3.4369 1.4491 106 93 77
-13.2660 -3.8790 0.9562 182 164 142
-13.5616 -3.5246 1.2706 126 106 82
-13.5051 -3.9917 1.0130 95 78 58
-13.3551 -3.9881 1.0510 177 156 135
-13.5375 -3.3346 1.4266 70 56 45
-13.5675 -3.4947 1.1365 157 149 138
-13.4742 -3.9716 1.0564 159 141 119
-13.5955 -3.7835 1.1699 171 162 147
-13.4088 -4.0105 1.1787 146 131 110
-13.2489 -3.8889 0.9977 129 114 93
-13.5158 -3.9914 1.0694 170 153 135
-13.6696 -3.5801 1.3784 121 108 99
-12.9384 -3.9835 0.7545 176 150 127
-13.2823 -3.9014 0.9258 180 159 138
-13.5381 -3.8388 1.0913 101 83 63
-13.7919 -3.6904 1.5468 157 139 117
-13.5463 -3.2904 1.2867 195 182 163
-13.5658 -3.6831 1.5330 110 90 65
-13.5437 -3.5334 -2.6975 164 163 159
-13.5326 -3.6539 1.4022 99 76 60
-13.4981 -3.3328 1.4393 72 60 46
-13.5117 -3.8190 1.3774 100 81 67
-13.5849 -3.8167 1.4320 172 154 130
-13.2029 -3.8906 0.8991 98 81 61
-13.5913 -3.2512 1.4996 178 161 143
-13.5208 -3.6515 1.5567 106 88 74
-13.4342 -3.9954 -1.4533 75 92 82
-13.5709 -3.9849 1.2618 146 133 114
-13.5472 -3.3446 1.5375 120 100 76
-13.5349 -3.3810 1.2514 128 110 96
-13.5799 -3.4735 1.2022 178 161 141
-13.5128 -3.5003 1.6027 89 79 69
-13.5871 -3.8010 1.1753 127 114 98
-13.1518 -3.9429 0.8485 65 49 33
-13.8322 -3.7473 1.8062 164 151 134
-13.5967 -3.6681 1.5587 141 122 105
-13.5068 -3.4308 1.4563 107 95 79
-13.5427 -3.5091 -2.5454 79 78 74
-13.5297 -3.5167 -2.4758 184 183 181
-13.4966 -3.3557 1.3945 70 56 45
-14.1560 -3.6841 1.8335 185 166 152
-13.5943 -3.7844 1.3404 78 61 53
-13.5634 -3.4727 1.3654 137 123 110
-13.5367 -3.5281 1.3193 110 92 78
-13.4222 -4.0308 -0.6590 47 43 40
-13.6412 -3.5870 1.3660 83 69 60
-13.4522 -3.8551 0.9988 163 146 118
-13.6334 -3.5823 1.3437 128 114 101
-13.5940 -3.4686 1.1630 117 106 88
-13.6101 -3.9752 1.2272 156 135 118
-13.6288 -3.8047 1.5131 104 85 68
-13.4663 -3.9019 1.0312 157 135 112
-13.6395 -3.7085 1.7926 134 128 128
-13.1419 -3.9468 0.9078 168 155 138
-13.5039 -3.3625 1.4659 179 164 141
-13.6428 -3.8093 1.4913 160 140 115
-13.0934 -3.9206 1.0723 132 121 117
-13.6391 -3.6013 1.6271 134 118 102
-13.6267 -3.8018 1.4292 178 160 136
-13.5801 -3.5871 1.3123 122 105 87
-13.0524 -3.9410 0.8524 76 60 45
-13.2187 -3.9176 1.0050 72 59 43
-14.2115 -4.0114 1.7810 110 95 74
-13.5576 -3.7368 1.3589 185 167 147
-13.5543 -3.5387 1.4215 169 153 138
-13.4750 -3.4239 1.4008 147 131 106
-13.5297 -3.9461 1.0973 80 62 50
-13.6831 -3.6944 1.6658 109 92 82
-13.5295 -3.4958 1.5408 75 68 58
-13.5149 -3.3984 1.5261 138 122 106
-13.7315 -3.7056 1.6020 102 85 69
-13.6019 -3.6479 1.4992 145 132 115
-13.5496 -3.5087 1.4782 149 132 114
-13.4544 -3.4233 1.4104 193 180 163
-13.5262 -3.4891 1.4225 190 181 164
-13.5824 -3.4938 1.1709 174 153 134
-13.3138 -3.9720 0.9367 163 147 124
-13.5498 -3.5048 1.1840 189 176 160
-13.6103 -3.7863 1.3642 85 70 67
-13.5247 -3.4857 1.3247 125 109 93
-13.5264 -3.5861 1.2720 80 63 53
-13.5769 -3.6267 1.2058 196 185 165
-13.2590 -3.9688 0.9889 170 142 118
-13.6054 -3.7832 1.2825 168 155 138
-13.2574 -3.9661 0.9441 167 147 123
-13.6917 -3.6928 1.2976 181 163 143
-13.5700 -3.5805 -2.3861 172 171 169
-13.5279 -3.5161 -2.5199 94 93 89
-13.1311 -3.9232 0.8217 118 93 73
-13.5325 -3.4073 1.3037 197 181 165
-13.3822 -3.4238 1.3295 179 167 145
-12.9295 -3.9845 0.8587 198 185 169
-13.5294 -3.4244 1.2072 135 117 103
-12.9725 -3.9370 0.9161 125 105 81
-13.4486 -3.9932 -2.2867 142 154 88
-13.4872 -3.3705 1.2941 129 112 94
-13.2935 -3.9472 0.8049 149 140 123
-14.2814 -3.6677 2.2413 166 149 131
-13.5103 -3.7252 1.4928 123 106 90
-13.6710 -3.6634 1.6045 189 173 148
-13.6365 -3.6469 1.5764 140 119 102
-13.8786 -3.7158 1.7541 117 97 73
-13.2579 -3.8851 1.1468 179 161 137
-13.6421 -3.7977 1.4577 117 99 77
-13.5581 -3.4771 1.4417 188 179 162
-13.5365 -3.5739 1.3838 138 117 100
-13.5319 -3.7252 1.3323 184 174 149
-13.5118 -3.5490 1.2760 72 59 51
-13.6171 -3.7782 1.2742 183 172 154
-13.5659 -3.7457 1.2413 140 118 105
-13.4860 -3.4142 1.2080 109 91 79
-13.8163 -3.9893 1.3119 111 98 82
-13.5340 -3.8136 1.1353 148 133 114
-13.5238 -3.7933 1.1311 174 161 144
-13.5854 -3.4920 1.2201 189 176 160
-13.6287 -3.7858 1.1863 52 50 51
-13.2839 -3.8785 0.8771 163 138 108
-13.7399 -3.9911 1.1348 174 159 130
-13.9806 -3.7281 -1.8494 109 108 103
-13.4828 -4.0013 -1.3976 55 49 49
-13.4775 -3.5969 -1.7130 37 36 31
-13.7003 -3.8525 -2.2830 59 57 60
-13.5456 -3.5759 -2.3168 78 79 71
-13.4797 -4.0054 -2.2719 162 166 133
-13.5108 -3.9762 -2.3699 118 114 85
-13.5716 -3.6351 1.6256 117 98 84
-13.2696 -3.8836 1.1553 179 161 137
-13.6211 -3.6857 1.4785 146 125 104
-13.4952 -3.4294 1.4037 155 132 118
-13.6857 -3.7660 1.3313 183 172 154
-13.6832 -3.7772 1.2193 52 50 51
-13.7050 -3.8273 -2.2762 104 103 98
-13.4864 -3.6139 -2.1050 175 174 172
-13.5141 -3.5829 -2.1461 68 68 66
-13.5926 -3.4849 -2.5923 62 60 61
-13.2116 -3.3425 1.1199 99 83 70
-13.3301 -3.4131 0.7109 62 55 47
-13.1946 -3.0057 0.9408 137 120 112
-13.3462 -3.4217 0.7207 69 65 53
-13.2581 -3.3806 0.9456 116 101 82
-13.2037 -3.3289 0.9012 176 161 142
-13.1954 -2.9935 1.0417 188 174 161
-13.1700 -2.9284 1.0605 64 52 40
-13.2631 -3.1002 1.2322 81 62 45
-13.1519 -2.9057 1.0539 199 183 167
-13.2759 -3.3899 0.9694 167 150 134
-13.2825 -3.3985 0.9852 65 53 41
-13.1677 -2.8572 1.1889 91 78 69
-13.1808 -2.9357 1.1571 119 101 87
-13.1705 -2.9521 1.1416 174 155 138
-13.1994 -3.3312 0.8807 87 75 53
-13.3403 -3.4309 0.7501 101 93 74
-13.2946 -3.1533 1.4097 136 128 125
-13.2065 -2.9955 1.0424 98 91 75
-13.2776 -3.1082 1.1108 107 91 75
-13.2590 -3.3871 1.0356 125 103 80
-13.2721 -3.3695 0.7461 85 66 49
-13.2317 -3.0412 1.1474 149 128 107
-13.2027 -3.0183 1.0249 67 46 25
-13.3017 -3.1457 1.3952 92 87 84
-13.1624 -3.3063 0.9607 95 77 55
-13.1658 -2.8626 1.4547 128 118 117
-13.1941 -3.3233 0.9138 83 69 56
-13.2008 -2.9955 1.0314 189 177 163
-13.2930 -3.4055 0.9170 132 117 98
-13.1937 -2.9917 1.0289 121 107 96
-13.2289 -3.0498 1.1463 181 160 143
-13.1498 -2.8755 1.1413 85 74 68
-13.2418 -3.0429 1.1973 190 172 162
-13.1797 -3.3012 0.7555 190 173 147
-13.2642 -3.0917 1.1486 78 62 47
-13.2323 -3.0503 1.3644 87 66 47
-13.2663 -3.0948 1.1484 167 150 132
-13.3167 -3.1270 1.1661 176 160 145
-13.1647 -2.9055 1.0488 106 88 66
-13.1959 -3.3259 0.9028 151 139 125
-13.2347 -3.0516 1.3528 196 178 156
-13.1975 -3.3287 0.8970 100 87 70
-13.1423 -2.9310 1.1524 78 65 48
-13.1537 -2.9320 1.1597 167 154 138
-13.2785 -3.3676 0.7896 170 149 128
-13.1895 -3.3306 0.8776 170 157 140
-13.2241 -3.0630 1.3308 142 118 94
-13.2131 -3.3299 0.7743 171 155 132
-13.2930 -3.4054 1.0178 55 39 23
-13.1560 -2.9124 1.1812 94 77 57
-13.1967 -2.9840 0.9163 82 72 62
-13.1458 -2.8956 1.3591 114 94 69
-13.1670 -3.2988 0.7741 140 123 105
-13.1635 -3.3093 0.7679 169 151 129
-13.2495 -3.3578 0.7955 104 85 70
-13.2514 -3.3639 0.7939 141 122 105
-13.1496 -2.9411 1.3258 162 145 127
-13.1723 -2.8542 1.3965 193 174 159
-13.2690 -3.0681 1.0210 62 48 37
-13.3023 -3.4130 1.0231 104 88 72
-13.1405 -2.8777 1.3528 123 99 75
-13.2396 -3.1049 1.1540 108 87 70
-13.1516 -3.2995 1.1002 148 139 132
-13.1953 -2.9753 1.0760 190 172 152
-13.2089 -3.0356 1.1715 196 183 166
-13.2811 -3.4071 1.1340 65 57 46
-13.1979 -3.0478 1.1571 110 95 76
-13.2721 -3.4008 1.1306 89 74 51
-13.2619 -3.0919 1.1787 108 87 70
-13.2521 -3.3671 0.7985 67 50 32
-13.2175 -3.0571 1.2946 181 159 135
-13.2779 -3.3959 0.9508 191 175 160
-13.3135 -3.4061 0.7031 52 45 39
-13.2573 -3.3564 0.8114 177 158 143
-13.3465 -3.4182 0.7105 179 170 161
-13.2179 -3.0347 1.2955 136 111 81
-13.3212 -3.4005 0.6971 147 143 134
-13.2043 -3.0203 1.2838 103 84 69
-13.2083 -3.0362 1.1833 84 71 54
-13.2923 -3.1387 0.9294 151 144 138
-13.3151 -3.1266 0.9475 151 144 138
-13.1532 -2.8702 1.3252 81 62 47
-13.2350 -3.3508 0.8069 127 106 85
-13.2814 -3.4069 1.1093 115 91 67
-13.2735 -3.1216 1.2660 129 111 89
-13.2433 -3.3667 0.8022 52 35 17
-13.2173 -3.0224 1.2037 169 151 131
-13.1859 -3.3159 0.8351 169 156 147
-13.2140 -3.0504 1.2581 167 145 132
-13.2576 -3.0640 0.9915 180 169 163
-13.2096 -3.0192 1.2664 150 132 110
-13.2777 -3.0912 1.2160 72 54 34
-13.2256 -3.0571 1.2537 197 180 162
-13.2349 -3.1113 1.1832 95 78 58
-13.2685 -3.1144 1.2504 164 148 135
-13.2398 -3.3578 0.8180 185 168 142
-12.3535 -3.6353 0.2110 126 113 97
-13.2700 -3.1090 1.2419 55 44 38
-13.1944 -3.0284 1.2026 175 156 139
-13.1956 -3.3092 0.8155 157 144 128
-13.1974 -3.3203 0.8111 170 156 147
-13.2049 -3.0357 1.2062 161 145 132
-13.2372 -3.3509 0.8251 170 148 124
-13.2341 -3.0152 1.2391 161 145 132
-13.2365 -3.0613 1.2121 127 110 92
-13.2661 -3.1026 1.2141 175 157 137
-13.2083 -2.9940 0.9661 79 67 55
-13.1964 -3.3196 0.8244 95 82 73
-13.2011 -3.0018 1.0889 177 164 147
-13.3080 -3.1328 1.0926 181 166 159
-13.2654 -3.1030 1.2260 153 136 118
-13.2390 -3.3570 0.8290 80 60 35
-13.1506 -2.9034 1.2526 99 82 64
-13.2703 -3.0857 1.2362 189 172 154
-13.2624 -3.0976 1.2204 102 83 66
-13.2753 -3.4028 1.0597 108 84 60
-13.2477 -3.0746 0.9589 61 46 39
-13.1843 -3.0080 1.0344 86 74 58
-13.2015 -3.0338 1.2111 74 57 49
-13.2363 -3.3477 0.8177 107 87 63
-13.1943 -3.0739 1.2231 74 56 42
-13.1924 -2.9944 1.0712 185 176 161
-13.1576 -2.9125 1.1406 189 172 154
-13.1924 -3.3278 0.7888 156 137 122
-13.1591 -2.9110 1.1167 96 78 58
-13.1453 -2.9280 1.0992 180 167 151
-13.1793 -3.3026 0.7818 169 151 129
-13.1427 -2.8824 1.3735 182 163 149
-13.2570 -3.0613 0.9732 195 179 164
-12.3321 -3.6672 0.1895 64 48 32
-13.1674 -2.9257 1.0550 56 42 29
-13.1517 -2.9023 1.2348 185 164 145
-13.2159 -3.0394 1.3606 180 156 130
-13.2899 -3.4045 0.9258 175 163 147
-13.2120 -3.0315 1.3528 141 120 99
-13.1936 -3.3212 0.9036 152 136 121
-13.2284 -3.0674 1.3317 118 98 74
-13.2299 -3.0584 1.1962 128 112 96
-13.2245 -3.0438 1.3745 121 97 71
-13.2045 -3.0331 1.3874 206 193 177
-13.2963 -3.4064 0.9406 84 68 53
-13.2651 -3.4004 1.1031 191 174 148
-13.2910 -3.4188 1.1154 163 149 123
-13.2741 -3.3907 0.9887 71 57 44
-13.1990 -3.3254 0.8288 126 110 95
-13.3165 -3.4401 1.1313 139 132 114
-13.3331 -3.4382 0.8771 99 82 66
-13.2560 -3.0900 1.2327 144 129 110
-13.2000 -3.3261 0.8154 176 160 145
-13.2924 -3.1069 1.2455 164 143 124
-13.2805 -3.4040 1.1354 195 180 159
-13.2133 -3.3322 0.7899 106 91 72
-13.1763 -2.8887 1.0899 180 161 146
-13.1696 -2.9698 1.0972 190 171 156
-13.2414 -3.3641 0.8975 107 85 61
-13.2571 -3.3636 0.8669 166 154 132
-13.1668 -2.9889 1.1107 187 171 155
-13.2697 -3.0970 1.1241 110 94 79
-13.1344 -2.9454 1.3071 157 140 120
-13.1987 -2.9856 0.9262 192 176 163
-13.1696 -2.9236 1.0240 118 101 81
-13.2519 -3.0853 1.4795 115 110 106
-13.2023 -3.0041 1.1298 133 115 95
-13.3102 -3.4200 0.9952 112 97 74
-13.3221 -3.4379 1.1767 159 147 131
-13.3225 -3.4400 1.1701 80 74 62
-13.3020 -3.3924 0.7430 168 155 139
-13.2796 -3.1188 1.1640 107 92 71
-13.2910 -3.1453 1.4117 122 111 107
-13.2841 -3.4047 1.0059 153 137 121
-13.2923 -3.1101 1.1647 118 103 82
-13.2727 -3.1055 1.1536 113 95 73
-13.2629 -3.1109 1.3209 191 178 159
-13.3082 -3.1370 1.3418 42 38 29
-13.2453 -3.0576 1.3005 159 141 117
-13.2037 -3.0303 1.3623 174 158 135
-13.3346 -3.4285 0.8249 130 124 112
-13.3310 -3.4367 1.1448 139 132 114
-13.3295 -3.4294 0.7560 110 98 76
-13.2931 -3.1616 1.0270 173 155 133
-13.2101 -3.3206 0.7518 167 143 117
-13.1712 -3.3073 0.7942 171 151 127
-13.2237 -3.0491 1.1874 68 49 35
-13.3240 -3.4338 1.1238 196 180 164
-13.2829 -3.4041 1.0758 131 107 73
-13.2012 -3.3305 0.8816 112 97 78
-13.2804 -3.3946 0.9699 62 49 32
-13.1794 -2.9195 1.1023 71 60 54
-13.1977 -2.9967 1.0493 69 60 43
-13.3326 -3.4170 0.6979 179 172 166
-13.2772 -3.0910 1.2152 72 54 34
-13.2235 -3.0584 1.2318 145 128 112
-13.2158 -3.0513 1.2300 74 55 40
-13.1884 -3.3245 0.8409 157 143 130
-13.2163 -3.0622 1.3443 109 91 71
-13.1975 -3.3253 0.9040 151 139 125
-13.2262 -3.0525 1.1462 186 167 152
-13.2387 -3.0766 0.9757 180 169 163
-13.2213 -3.0658 1.3312 115 93 69
-13.2578 -3.0680 0.9751 50 39 33
-13.2382 -3.0411 1.1797 90 71 57
-13.2491 -3.3658 0.8207 53 34 17
-13.1906 -3.0509 1.1521 175 162 145
-13.2188 -3.0259 1.2238 161 145 132
-13.2492 -3.3643 0.8081 67 50 32
-13.1501 -2.8753 1.3619 193 174 159
-13.1814 -3.3053 0.7709 101 80 61
-13.2629 -3.3733 0.7848 171 150 131
-13.1389 -2.9043 1.3141 157 142 119
-13.1590 -2.9410 1.1168 160 145 126
-13.1486 -2.8768 1.3831 182 163 149
-13.1599 -2.9402 1.1026 178 166 150
-13.1508 -2.9384 1.0635 74 61 55
-13.2230 -3.3188 0.9171 100 87 70
-13.1506 -2.9346 1.0311 119 101 81
-13.3197 -3.1242 1.1690 191 174 158
-13.1406 -2.9441 1.1518 166 153 134
-13.2987 -3.3894 0.9848 62 49 32
-13.2036 -2.9977 1.0409 98 91 75
-13.2769 -3.4044 1.1261 179 159 134
-13.2418 -3.1072 1.1918 95 78 58
-13.2582 -3.3684 0.8648 169 156 140
-13.2841 -3.1136 1.2922 188 170 150
-13.2253 -3.0361 1.2763 81 62 48
-13.2665 -3.0986 1.1268 98 82 67
-13.3146 -3.4187 0.9969 115 100 77
-13.1820 -3.3122 0.8364 60 47 31
-13.1453 -2.8975 1.3600 133 113 88
-13.3023 -3.1480 1.2496 166 162 153
-13.2850 -3.4008 0.9985 152 140 128
-13.3108 -3.4051 0.7314 119 107 95
-13.2434 -3.3487 0.8334 170 148 124
-13.2012 -2.9858 0.9147 173 161 149
-13.2613 -3.0784 1.3027 176 164 152
-13.2647 -3.3822 1.0461 197 180 160
-13.1420 -2.9552 1.1521 100 84 68
-13.1490 -2.9320 1.2929 110 95 72
-13.3028 -3.4029 0.9227 132 117 98
-13.2897 -3.4071 1.0370 142 124 110
-13.2077 -3.0215 1.2636 165 145 120
-13.1861 -3.0184 1.0841 112 101 83
-13.2024 -3.0355 1.1688 109 90 73
-13.2044 -3.0204 1.2769 124 103 86
-13.2930 -3.4071 0.9416 87 71 56
-13.2176 -3.3304 0.7626 103 87 64
-13.2077 -3.0177 1.2202 186 168 148
-13.2310 -3.0488 1.2188 87 69 57
-13.2745 -3.1094 1.1113 100 87 70
-13.2973 -3.4162 1.1185 170 153 125
-13.1870 -2.9723 1.1347 187 171 155
-13.2003 -2.9866 0.9292 171 154 138
-13.2955 -3.1612 1.1747 184 164 140
-13.2070 -3.0621 1.1690 75 55 44
-13.2019 -2.9732 1.0670 137 120 100
-13.1945 -2.9995 1.0991 183 170 151
-13.2018 -3.0245 1.3479 80 67 51
-13.2040 -2.9754 1.0827 95 82 63
-13.1982 -3.3490 1.1095 106 90 75
-13.2144 -3.0617 1.3093 199 181 157
-13.2811 -3.1102 1.3072 132 115 97
-13.2443 -3.0574 1.3018 154 132 108
-13.2175 -3.3405 0.8571 196 175 156
-13.2299 -3.0553 1.1397 114 95 78
-13.1861 -2.9989 1.1392 155 139 116
-13.2609 -3.3770 0.8557 118 107 87
-13.2872 -3.4150 1.1314 150 123 102
-13.3086 -3.4400 1.1168 181 170 150
-13.1873 -3.3237 0.8984 152 136 121
-13.2676 -3.4098 1.1486 112 96 81
-13.2579 -3.3714 0.8900 125 110 91
-13.2082 -2.9819 1.1710 155 139 116
-13.2044 -3.3245 0.7453 179 155 129
-13.1783 -3.3027 0.8028 108 83 61
-13.2701 -3.1070 1.1478 113 95 73
-13.1882 -2.9591 0.9576 182 172 160
-13.2412 -3.0803 1.2630 79 70 53
-13.2983 -3.1437 1.3278 38 33 27
-13.2182 -3.0380 1.3609 179 155 127
-13.2175 -3.0461 1.1587 97 79 59
-13.3390 -3.4105 0.7189 91 82 73
-13.3218 -3.4158 0.7249 176 164 150
-13.2227 -3.0362 1.3935 157 139 117
-13.1900 -3.0378 1.3627 135 122 103
-13.3353 -3.4002 0.7923 169 157 145
-13.1267 -2.9135 0.8806 77 67 66
-13.2087 -3.0200 1.3625 99 86 69
-13.2571 -3.3689 0.7977 177 162 141
-13.3020 -3.1362 1.3454 173 160 143
-13.2397 -3.0457 1.3541 199 181 157
-13.3079 -3.3999 1.1855 107 91 78
-13.2268 -3.0760 1.2979 195 180 161
-13.2539 -3.0934 1.2910 176 164 150
-13.1948 -3.0060 1.2960 194 178 163
-13.2762 -3.4036 1.1174 192 168 140
-13.1974 -2.9482 0.9728 190 178 164
-13.2279 -3.0617 1.2802 133 105 81
-13.2052 -3.0503 1.2717 128 102 75
-13.2064 -2.9524 1.3275 182 169 150
-13.2701 -3.3997 1.1069 184 164 139
-13.2114 -3.0153 1.2853 124 103 86
-13.2069 -3.0122 1.2836 183 168 147
-13.1941 -3.0042 1.2783 86 70 55
-13.1661 -2.8577 1.3419 103 81 67
-13.2398 -3.3570 0.8294 80 60 35
-13.2704 -3.1144 1.2552 185 167 153
-13.2455 -3.0435 1.2769 209 192 174
-13.2017 -3.0118 0.9700 119 107 93
-13.2727 -3.1171 1.2463 87 66 49
-13.2610 -3.0659 0.9794 50 39 33
-13.2886 -3.4031 1.0749 126 101 71
-13.2849 -3.0910 1.2332 177 159 139
-13.2328 -3.0466 1.2173 87 69 57
-13.2074 -3.0372 1.2061 118 106 92
-13.1923 -3.0267 1.2008 189 172 154
-13.2255 -3.0317 1.0022 105 87 75
-13.2842 -3.4034 1.0533 91 70 53
-13.2642 -3.0969 1.1964 80 63 45
-13.2341 -3.0636 1.1974 129 112 94
-13.2794 -3.4022 1.0323 124 108 93
-13.2793 -3.0772 1.1994 156 138 116
-13.2260 -3.0497 1.1764 87 67 56
-13.2303 -3.0209 1.1950 196 183 166
-13.2125 -3.0074 1.1896 124 99 79
-13.2140 -2.9943 1.0404 206 198 185
-13.1995 -3.0137 1.0180 191 177 166
-13.3056 -3.4239 1.0110 176 161 140
-13.2025 -3.3352 0.8846 180 165 144
-13.2725 -3.1043 1.1524 124 104 80
-13.2400 -3.0433 1.1613 186 167 152
-13.1956 -2.9911 1.1453 140 124 101
-13.1616 -2.9540 1.1368 111 93 79
-13.2691 -3.0957 1.1271 98 85 69
-13.1986 -2.9619 1.1439 179 163 148
-13.1669 -2.8937 1.0922 150 132 112
-13.2800 -3.3920 0.9656 79 66 49
-13.1594 -3.3075 0.9315 172 154 132
-13.2009 -3.3327 0.9044 169 153 130
-13.2964 -3.0963 1.1263 80 69 51
-13.1833 -2.8957 1.1109 94 77 59
-13.1512 -2.8729 1.1345 71 61 52
-13.2521 -3.3696 0.9266 124 105 88
-13.2928 -3.3947 0.9442 127 111 95
-13.2087 -3.3456 0.9701 188 171 153
-13.2089 -3.0496 1.3354 124 97 67
-13.1267 -3.0179 -2.3480 104 105 99
-13.2946 -3.1503 1.4166 153 148 145
-13.2194 -3.0385 1.3901 157 139 117
-13.2126 -3.0656 1.3241 204 186 164
-13.0866 -2.9608 1.2751 113 95 71
-13.1423 -3.3090 1.0889 101 88 79
-13.2987 -3.3982 0.7551 62 48 39
-13.3088 -3.4039 0.7585 76 66 56
-13.3263 -3.4026 0.7860 169 157 145
-13.1157 -2.9313 1.2880 158 140 118
-13.2502 -3.1035 1.2777 107 89 77
-13.2465 -3.0983 1.2778 176 164 150
-13.1731 -3.1346 1.1956 205 193 179
-13.2434 -3.0525 1.3023 157 129 105
-13.2073 -3.0563 1.2716 157 127 103
-13.1380 -2.9030 0.8905 77 67 66
-13.2648 -3.1243 1.2660 188 170 150
-13.2485 -3.3727 0.7931 170 153 133
-13.2631 -3.1203 1.2562 170 152 138
-13.2782 -3.0967 1.2815 99 83 67
-13.2558 -3.0403 1.2912 193 179 153
-13.2974 -3.4067 0.8193 189 183 167
-13.2859 -3.1071 1.2593 83 65 51
-13.2236 -3.3464 0.8195 178 162 146
-13.2372 -3.0788 1.2058 98 80 60
-13.1899 -3.3106 0.8391 83 71 59
-13.2005 -3.0428 1.1773 57 44 27
-13.2339 -3.0919 0.9696 181 167 154
-13.2179 -3.0560 1.1718 81 61 52
-13.2017 -3.0418 1.1571 187 174 155
-13.2895 -3.4021 1.0065 144 131 115
-13.1972 -3.3274 0.8695 169 156 140
-13.1864 -3.3063 0.8777 151 140 120
-13.3077 -3.4083 0.9126 127 112 93
-13.1492 -2.9433 1.0372 100 88 74
-13.1601 -2.9237 1.1580 105 93 79
-13.2476 -3.0737 1.0516 189 171 157
-13.1162 -2.9430 1.0384 116 95 76
-13.2924 -3.4147 0.9680 183 168 145
-13.2627 -3.4000 0.9557 107 94 78
-13.3091 -3.1332 1.1169 71 60 54
-13.1718 -3.3126 0.8936 65 53 39
-13.1749 -3.0201 1.0858 190 174 151
-13.1687 -2.9833 1.0678 187 173 162
-13.3071 -3.4165 0.9621 130 115 96
-13.3018 -3.4068 0.9594 79 63 47
-13.1721 -2.9183 1.1188 179 167 155
-13.2910 -3.3955 0.9426 119 103 87
-13.2024 -3.3267 0.7505 176 152 124
-13.1334 -3.0260 0.9632 180 163 145
-13.2248 -3.3376 0.7238 125 112 95
-13.2701 -3.1129 1.1124 170 153 133
-13.1828 -3.0327 1.1914 180 163 147
-13.2198 -3.0707 1.3054 190 166 142
-13.2291 -3.0689 1.1945 116 99 81
-13.2798 -3.4063 0.9205 191 178 162
-13.1907 -3.0373 1.3646 135 122 103
-13.2098 -2.9493 1.3367 185 172 153
-13.2035 -3.3261 0.7229 154 134 109
-13.1710 -3.3046 0.8041 106 86 61
-13.1888 -3.0414 1.2552 166 142 114
-13.1850 -3.0281 1.2622 190 174 158
-13.1589 -2.9339 1.3057 192 179 160
-13.2574 -3.0903 1.4776 141 136 133
-13.1815 -3.0421 1.3236 89 75 62
-13.2075 -3.0453 1.1485 130 113 93
-13.1427 -3.0040 -2.3869 97 98 92
-13.0803 -3.0523 -2.2039 97 98 92
-13.0996 -3.0269 -2.1630 69 70 62
-13.2930 -3.4058 1.1528 64 56 45
-13.2139 -3.0533 1.2873 111 79 56
-13.2477 -3.0886 1.2801 205 193 179
-13.1893 -3.0073 0.9432 54 40 29
-13.2167 -3.0606 1.2657 90 68 47
-13.3262 -3.3966 0.6980 129 125 116
-13.2565 -3.0980 1.2553 197 186 168
-13.1455 -2.8961 0.8948 77 67 66
-13.2966 -3.4137 1.0636 84 63 42
-13.2351 -3.0163 1.2189 69 56 39
-13.1826 -3.3039 0.7761 84 63 44
-13.2236 -3.0521 1.1780 81 61 52
-13.3053 -3.4054 0.8271 191 184 168
-13.1806 -2.9634 0.9576 163 149 136
-13.1845 -3.3129 0.8406 83 71 59
-13.2785 -3.3954 0.9743 107 94 78
-13.1677 -2.9716 1.1034 168 149 134
-13.2999 -3.4076 0.9639 82 66 50
-13.2535 -3.0714 1.0564 134 116 102
-13.2990 -3.3936 0.9526 122 106 90
-13.1805 -2.9599 1.0226 124 106 94
-13.2631 -3.1152 1.3158 178 165 146
-13.1874 -3.0190 1.0924 173 160 141
-13.1946 -3.0557 0.9762 137 119 105
-13.2750 -3.1100 1.1172 158 141 123
-13.2596 -3.0538 1.3367 198 183 162
-13.2084 -3.0381 1.1617 185 170 151
-13.1659 -2.9837 1.2904 174 162 140
-13.2429 -3.0826 1.2799 75 61 48
-13.2340 -3.0636 1.1923 130 109 90
-13.2552 -3.3700 1.0516 90 76 65
-13.2157 -3.3577 1.0408 193 180 164
-13.2566 -3.3766 1.0605 173 162 144
-13.2549 -3.0928 1.2307 185 170 151
-13.1001 -3.0364 1.2009 174 162 140
-13.2069 -3.0524 1.3470 174 149 119
-13.2159 -3.0615 1.3618 133 112 91
-13.2645 -3.0794 1.4981 153 148 144
-13.1897 -3.3274 0.8930 109 97 83
-13.0624 -3.0113 -2.0892 140 140 132
-13.2288 -3.0643 1.7340 151 147 146
-13.2626 -3.1195 1.3128 178 162 146
-13.2005 -3.3481 1.1176 117 103 90
-13.2725 -3.0626 1.3229 98 84 71
-13.1452 -2.9371 1.2886 174 162 138
-13.2536 -3.0996 1.2547 192 179 162
-13.2383 -3.0292 1.2915 77 55 42
-13.2758 -3.1326 1.2213 145 124 105
-13.2908 -3.0844 1.2596 108 89 72
-13.2756 -3.0603 1.2618 192 180 164
-13.2271 -3.3520 1.0547 195 183 167
-13.2034 -3.0493 1.2064 89 79 69
-13.2311 -3.0666 1.1938 127 109 89
-13.1506 -2.9234 1.1667 78 65 48
-13.1874 -3.3519 0.9459 199 181 161
-13.1835 -3.0224 1.0907 181 170 152
-13.1914 -3.0276 1.0544 177 158 141
-13.1723 -2.9668 1.0487 124 105 90
-13.1739 -2.9653 1.0189 124 106 94
-13.1854 -3.0638 0.9645 132 112 101
-13.2561 -3.0150 1.0200 132 112 101
-13.2418 -3.3681 0.8372 99 83 67
-13.2862 -3.3765 0.8445 170 155 136
-13.1841 -3.0138 0.9478 86 74 62
-12.3880 -3.6180 0.2396 98 86 72
-13.2899 -3.3923 0.8255 101 86 63
-13.2632 -3.3519 0.8238 166 148 124
-13.1998 -3.3159 0.8095 46 39 29
-13.2641 -3.1939 0.9007 105 89 73
-13.2400 -3.3573 0.7997 171 153 131
-13.2671 -3.3765 0.7921 139 118 101
-13.2446 -3.3099 0.7611 150 129 102
-13.2183 -3.3418 0.6584 81 74 48
-13.0482 -3.0241 -2.0463 140 140 132
-13.2005 -3.3481 1.1176 117 103 90
-13.1811 -3.3373 1.1111 172 161 155
-13.2323 -3.0513 1.2868 133 108 86
-13.2449 -3.0603 1.2532 211 196 175
-13.2593 -3.0638 1.2142 109 91 71
-13.2395 -3.0412 1.2122 78 58 49
-13.1905 -3.3322 0.8643 176 160 144
-13.2451 -3.3249 0.8584 167 150 132
-13.1611 -2.9761 0.9486 197 184 168
-12.3873 -3.6184 0.2394 98 86 72
-13.2915 -3.1802 0.9218 105 89 73
-13.0640 -3.0103 -2.0927 140 140 132
-13.2420 -3.3431 0.8102 181 165 140
-13.2155 -3.3353 0.7190 165 153 137
-13.0544 -3.0186 -2.0646 140 140 132
-13.1788 -2.9715 -2.4850 85 82 75
-15.7606 -2.6704 3.2832 161 142 128
-15.5821 -3.5142 2.0608 179 160 143
-15.4538 -3.6996 -3.7380 179 181 180
-15.1020 -3.2572 1.3067 49 45 42
-15.6730 -2.9426 2.5089 178 158 134
-15.7091 -2.3364 2.6539 174 156 146
-15.7004 -2.7581 3.3014 63 44 29
-15.7877 -2.7197 3.3889 69 51 37
-15.7134 -2.4341 3.3105 137 127 118
-15.6496 -2.2854 2.6530 90 77 68
-15.5786 -2.3432 2.5916 180 167 159
-15.6847 -2.6726 3.2230 191 174 158
-14.8377 -3.5448 1.5902 74 57 37
-15.7243 -3.5379 2.4415 174 159 140
-15.4626 -2.1278 2.6616 177 164 156
-15.5130 -2.1282 2.6048 56 47 38
-14.6931 -3.4749 1.5125 107 90 70
-14.7451 -3.4001 1.7328 131 117 104
-15.7290 -2.3168 2.7214 161 146 139
-15.5795 -2.3946 2.5897 86 67 60
-15.6751 -2.3658 2.6723 64 41 25
-14.7896 -3.3809 1.8563 41 33 22
-14.8682 -3.4405 1.8651 160 143 125
-15.4824 -2.1622 2.6378 66 53 44
-15.6824 -2.5097 3.3349 87 78 61
-15.4649 -2.0175 2.1477 129 126 121
-15.5461 -2.9486 2.3540 79 65 52
-15.5064 -3.5319 1.8790 165 145 118
-15.5642 -3.7650 -3.1188 114 111 106
-15.0160 -3.5374 1.7262 47 30 12
-14.8480 -3.3727 1.8768 145 137 126
-15.5605 -3.6518 -3.2605 43 40 33
-15.7125 -2.7004 3.2802 146 132 119
-15.3776 -2.1475 2.8576 58 50 39
-15.6156 -2.4613 3.1368 164 151 143
-16.0214 -2.6364 3.1956 181 169 145
-14.9156 -3.5832 1.5267 165 145 118
-15.4900 -1.9848 2.1524 138 128 118
-16.2975 -3.6275 3.1147 143 126 106
-14.8521 -3.3488 1.5624 177 159 137
-15.5010 -2.9554 3.4081 190 177 169
-15.5807 -2.5465 3.5997 77 58 41
-16.2623 -3.5946 3.7687 57 46 40
-15.2861 -3.5136 1.8631 161 144 124
-14.7502 -3.3636 1.9989 86 66 42
-15.5932 -1.9936 2.5837 197 184 167
-15.4633 -2.0254 2.1373 185 181 172
-15.6776 -3.5291 2.0885 150 130 106
-14.5817 -3.4555 1.7300 66 50 35
-15.6694 -2.3718 2.6347 152 131 114
-15.6773 -2.2796 2.7896 171 162 153
-15.5169 -2.9450 3.3687 158 149 144
-15.9180 -3.6335 2.2084 58 45 37
-15.6478 -2.3182 2.8204 91 85 73
-15.7340 -2.4819 3.0892 174 158 142
-15.3562 -3.2227 1.4613 163 151 139
-15.3977 -3.1992 1.6041 151 136 117
-15.4410 -2.0981 2.5332 92 77 56
-15.0379 -3.2408 1.9882 61 44 26
-14.5972 -3.4613 1.7242 162 145 129
-14.8345 -3.4493 1.5727 175 153 130
-15.5257 -2.1142 2.5853 165 152 143
-14.8972 -3.3891 1.6216 129 114 95
-15.3375 -2.1566 2.7163 189 175 164
-16.0559 -2.7498 2.6588 144 130 119
-15.8115 -2.7048 2.9610 63 52 30
-15.6259 -2.4050 2.8905 83 68 49
-15.7543 -2.5892 2.4883 64 57 41
-15.8965 -2.8310 2.5201 135 128 120
-14.9049 -3.5245 1.7302 75 51 23
-15.8348 -2.6903 3.0157 95 82 63
-14.7388 -3.5208 1.6001 101 83 59
-14.9549 -3.3654 1.7652 135 128 112
-15.5610 -2.4131 2.4947 66 48 34
-15.5675 -3.4910 2.1336 150 135 114
-15.5589 -2.9915 2.2358 151 135 120
-16.1287 -3.6128 3.1704 56 40 24
-15.7187 -2.3286 2.5232 86 76 66
-15.9581 -3.6279 3.4810 55 41 28
-15.4601 -2.0767 2.4920 194 181 164
-15.4788 -2.1048 2.8192 164 152 138
-15.8482 -3.4355 2.2798 183 165 143
-15.4939 -2.0858 2.8430 164 147 137
-15.3106 -3.6448 2.8343 57 46 40
-16.2055 -3.5654 3.7138 72 57 38
-15.6834 -2.1134 2.7395 122 106 90
-16.3082 -3.4391 2.5540 41 22 7
-15.7295 -2.2550 2.7513 189 179 170
-14.8641 -3.6801 2.3819 76 59 43
-16.0718 -2.8506 2.6588 55 38 22
-15.6071 -2.5291 3.4021 57 40 24
-15.6117 -2.9499 2.9648 78 60 40
-15.5075 -1.9636 2.1185 142 133 126
-15.5651 -2.4010 3.0691 111 90 69
-15.6774 -2.2578 2.2973 65 52 46
-15.2253 -3.1559 2.5292 188 170 150
-15.3703 -3.1076 1.8224 63 44 29
-15.6527 -2.9417 2.5588 112 92 68
-15.4619 -2.0297 2.0888 149 144 138
-15.4115 -1.9998 3.3378 160 154 142
-15.4262 -3.0027 2.8068 78 60 40
-16.0720 -3.7212 2.0223 69 55 42
-15.5274 -2.1062 2.7939 185 174 168
-15.6243 -2.4575 3.0903 103 87 74
-15.6333 -3.5246 2.0187 66 46 21
-15.7838 -2.3794 3.2466 193 177 162
-15.5717 -2.5503 3.3234 139 126 110
-15.9168 -3.6882 1.9054 49 42 32
-15.2750 -2.0756 3.1723 66 55 35
-15.6285 -2.9422 3.0267 169 152 132
-16.1506 -3.6348 2.0282 51 42 35
-15.5673 -2.4035 3.3467 186 168 154
-16.2671 -3.6861 2.0645 178 172 160
-15.6637 -2.9199 3.0859 105 85 61
-15.6991 -2.7047 3.3716 61 47 36
-14.6373 -3.4423 1.5638 49 40 25
-15.5912 -3.0458 2.0021 166 149 131
-16.3494 -3.5404 2.4295 77 60 40
-15.6078 -2.4713 3.1671 51 40 34
-15.8504 -2.6184 3.3523 94 75 60
-14.4907 -3.4902 1.5924 53 37 21
-15.1366 -3.2513 1.4056 49 39 27
-15.6016 -2.9588 2.9315 171 152 135
-15.2529 -3.1413 1.8430 50 32 12
-14.8865 -3.3096 1.2562 53 43 33
-15.7537 -2.8416 2.8200 166 158 147
-15.7697 -2.4747 3.1764 132 118 105
-15.0837 -3.2280 1.3639 86 74 58
-15.8928 -3.7797 3.2116 174 158 143
-15.8103 -3.7865 3.2722 73 60 51
-15.5913 -2.5827 3.5267 98 79 62
-15.5623 -2.5006 3.4130 98 71 44
-15.7373 -2.8993 3.4634 188 166 143
-15.4088 -2.0817 2.5472 194 181 165
-15.7145 -2.8567 3.8171 114 106 103
-15.4963 -2.9656 3.5314 132 125 119
-15.6605 -2.6307 3.7789 110 93 83
-15.7816 -2.9238 2.9505 159 144 125
-16.2847 -3.7454 2.1844 139 123 107
-16.0011 -3.7756 3.0101 75 58 38
-16.2471 -3.7524 2.3148 183 171 149
-15.2417 -3.2772 1.8778 151 133 113
-15.5341 -2.5817 3.3707 119 88 60
-15.6397 -2.3501 2.7637 171 158 149
-16.1118 -3.7550 3.6764 70 60 50
-15.5469 -2.9798 2.8425 156 139 123
-15.7002 -2.9128 2.9803 101 79 56
-15.6992 -2.6575 3.2634 119 103 90
-15.6232 -2.8897 3.4465 33 25 23
-16.3121 -3.7586 3.4958 144 132 116
-15.2036 -3.0984 2.9228 88 65 49
-15.4411 -2.0945 2.7454 87 72 51
-15.0619 -3.1680 2.7581 85 64 43
-15.6625 -2.7866 2.9868 85 69 44
-15.9598 -3.7577 2.3928 162 149 133
-15.6491 -2.3844 2.9137 172 157 138
-15.4827 -3.1227 2.2904 108 88 63
-16.1588 -3.5153 3.4048 122 104 82
-15.2596 -2.0915 3.4682 114 104 103
-15.6066 -2.5735 3.1630 128 110 96
-16.3618 -3.7544 2.7482 146 133 116
-15.3910 -2.0920 3.0875 108 91 75
-15.6158 -2.4711 3.3243 111 101 91
-15.4438 -2.0859 2.9892 106 93 74
-15.6278 -2.9546 2.3941 78 62 39
-15.0302 -3.3862 1.7271 78 61 45
-15.8046 -2.9176 2.9873 159 144 125
-15.6483 -2.2790 2.3164 168 154 145
-15.0620 -3.4969 1.7792 99 78 57
-15.8614 -2.7169 3.5435 110 94 78
-15.6672 -2.2556 2.7625 187 174 157
-16.4407 -3.7288 3.8058 172 154 140
-16.2001 -3.7601 3.8463 113 109 100
-15.1700 -3.2189 2.6587 112 96 73
-15.5593 -2.9358 2.9458 73 51 30
-15.6539 -2.4242 3.6835 102 89 70
-15.9705 -3.7697 3.5943 175 172 163
-15.5063 -2.0718 2.8087 165 149 134
-16.1900 -3.5988 2.1876 167 155 143
-15.7478 -2.8963 2.6692 87 71 48
-15.6358 -2.8015 2.9761 191 173 151
-15.5124 -1.9388 2.8754 124 111 102
-15.6091 -2.4673 3.4288 85 65 40
-15.7048 -2.2774 2.8350 47 38 29
-16.0330 -3.6531 3.5067 88 71 53
-15.5732 -2.2972 2.2506 170 157 149
-15.5181 -2.5321 3.5899 183 163 139
-15.4033 -2.0115 3.6504 148 140 138
-15.2127 -3.2283 2.8720 149 138 134
-16.2153 -3.7468 2.8504 155 137 123
-15.7437 -2.8586 3.8050 165 164 160
-15.3431 -3.1085 2.4282 133 111 87
-15.3586 -2.1818 2.8337 169 159 147
-15.6279 -2.3663 3.7981 119 107 95
-15.4779 -3.0189 2.9841 169 148 127
-15.4707 -2.1685 2.9917 89 75 62
-15.5807 -2.9925 2.9381 159 138 117
-15.8617 -2.2570 2.7186 91 77 68
-15.5709 -2.5973 3.4557 114 97 77
-15.5157 -2.6381 3.3592 207 194 177
-15.1144 -3.2030 2.0446 118 97 70
-15.4420 -2.0344 2.7751 124 115 100
-15.4075 -2.2431 2.7990 181 169 153
-14.9961 -3.2491 2.6469 99 81 61
-15.5457 -2.8044 3.3115 106 90 75
-15.6195 -2.2962 2.9791 114 97 79
-15.3804 -2.2204 2.8124 118 102 87
-16.2619 -3.7427 2.4015 41 27 16
-15.6924 -2.5575 3.5555 207 192 173
-14.8202 -3.4117 1.7590 153 137 122
-15.4247 -2.9944 3.1122 115 87 63
-15.1107 -3.3020 1.8169 101 80 61
-15.4567 -2.0752 2.7463 111 99 77
-14.7285 -3.4720 1.4905 99 79 55
-16.2297 -3.7794 3.8355 112 105 97
-15.6324 -2.4472 3.4408 174 152 128
-14.6100 -3.4571 1.7078 63 47 32
-15.5781 -2.5848 3.5512 203 184 167
-15.6077 -2.2559 2.6946 121 102 87
-16.0074 -3.6482 3.5315 152 131 114
-15.7012 -2.8540 3.6754 167 155 143
-16.2725 -3.6107 3.7845 58 44 33
-15.1330 -3.2188 2.0613 84 67 47
-15.7294 -2.8820 3.2732 142 133 128
-15.7146 -3.5246 2.1967 168 151 131
-14.7157 -3.3972 1.7652 140 132 121
-15.6552 -2.4534 2.5439 82 65 49
-15.5606 -2.1274 2.7926 123 106 90
-15.5966 -2.5472 3.2402 108 96 80
-15.4961 -2.0048 2.1445 177 172 166
-15.2775 -3.1305 1.7703 63 44 29
-15.5176 -2.0397 2.5221 197 184 167
-15.4548 -3.0991 1.9271 172 154 130
-15.5633 -2.5244 3.1971 69 51 41
-15.7475 -2.4319 3.3795 153 139 128
-15.6336 -2.0400 2.9071 180 170 161
-15.1864 -3.1327 2.6713 180 159 138
-14.6487 -3.4144 1.7010 38 28 16
-15.7300 -2.8972 2.4881 95 82 66
-15.6916 -1.9675 3.0288 164 147 137
-15.9794 -3.7600 3.6185 106 102 93
-15.7592 -2.4057 3.3414 51 42 35
-15.6023 -2.3642 2.6391 47 39 28
-15.4505 -2.9640 3.2976 158 149 144
-14.9104 -3.3446 1.6242 71 51 27
-15.6409 -2.3257 2.6660 81 68 59
-15.6111 -2.9381 3.0411 88 68 44
-14.9908 -3.3057 1.6992 181 164 144
-15.6998 -2.8982 2.4117 88 74 61
-15.5728 -2.9561 2.9668 174 154 130
-15.1295 -3.2299 1.3627 182 178 169
-15.0144 -3.2952 1.2942 163 151 139
-15.7166 -2.3295 2.5233 86 76 66
-15.1383 -3.2291 2.7814 100 87 71
-14.7478 -3.5590 1.6175 151 133 111
-15.7870 -2.8733 2.4553 88 74 61
-15.0630 -3.2403 2.0193 110 94 78
-15.1003 -3.3574 1.7852 41 27 18
-15.6292 -2.5220 3.4091 62 46 30
-16.2837 -3.4727 2.5026 52 34 10
-14.7752 -3.4025 1.5811 134 121 104
-15.6830 -3.7702 -3.2307 22 18 15
-15.5395 -1.9533 2.1902 138 128 118
-15.9956 -2.7681 2.6354 157 143 130
-15.6186 -1.9864 2.7106 176 160 137
-15.1440 -3.7307 1.5022 170 158 146
-15.5045 -2.1278 2.5611 165 152 143
-15.6657 -2.3568 3.4507 186 168 154
-15.5339 -2.0947 2.5979 153 136 126
-15.6744 -2.3654 2.7107 181 160 143
-15.8658 -2.6256 3.5363 89 77 65
-15.4322 -2.1425 2.6172 168 154 143
-15.6516 -2.3164 2.7431 167 159 148
-14.9471 -3.3436 1.9877 69 52 42
-14.7547 -3.3874 1.8336 41 33 22
-15.5306 -2.4293 2.4718 84 66 52
-15.6779 -2.2914 2.8164 47 38 29
-15.1769 -3.1768 2.4824 97 79 55
-14.8678 -3.3832 1.8842 77 61 46
-15.5469 -2.8124 3.1065 156 138 116
-15.8591 -3.7544 1.9384 153 139 126
-15.5381 -2.9801 2.3308 78 62 39
-15.5515 -3.7765 -3.2693 82 82 74
-15.4555 -2.1753 2.9324 164 150 139
-15.6428 -2.6985 3.3921 58 41 31
-16.0677 -3.7698 3.6860 175 172 163
-15.5664 -2.0466 2.8397 63 51 39
-15.7310 -2.0857 2.7815 122 106 90
-15.5361 -2.4753 3.4995 199 183 160
-14.6770 -3.4799 1.4580 99 79 55
-14.8388 -2.4803 2.7494 168 152 137
-15.6008 -2.9374 3.3668 109 91 71
-15.4438 -3.0695 3.1496 85 64 43
-15.2405 -3.1292 2.9171 97 76 55
-15.5938 -2.4874 3.4412 97 72 50
-16.3574 -3.7867 3.7967 73 60 51
-16.2970 -3.6429 3.7685 88 71 53
-15.5940 -2.9393 3.3054 188 166 143
-15.6109 -2.7763 3.3031 112 94 82
-15.5785 -3.6510 -3.2819 43 40 33
-15.8389 -2.8959 3.1268 156 137 120
-15.6602 -2.9281 2.6085 173 155 133
-15.3133 -3.1218 2.6524 82 63 46
-16.2890 -3.5407 3.3841 75 55 31
-16.0527 -2.5793 3.7446 61 47 36
-15.7800 -2.5799 2.6819 87 74 65
-15.5050 -3.0656 2.7743 184 164 139
-15.7524 -2.9387 2.4295 55 38 22
-15.7101 -2.8914 3.0841 79 58 39
-15.2326 -2.5725 2.9836 107 89 75
-16.2186 -3.7209 3.5800 93 75 61
-15.8358 -2.8964 2.6251 174 154 130
-15.4302 -3.0695 3.0176 104 83 64
-16.1955 -3.6231 2.8409 91 74 56
-15.5756 -2.3722 2.8155 100 88 76
-15.5582 -2.5823 3.0763 184 166 152
-15.2420 -3.1786 2.1120 108 88 63
-15.4676 -3.0098 2.6808 154 138 122
-14.8318 -3.5201 1.6287 84 66 44
-15.8856 -2.4056 2.7137 91 79 65
-15.5549 -2.9575 3.2446 115 87 63
-15.3648 -3.4065 1.4782 32 27 21
-15.5478 -2.4051 3.7182 119 107 95
-15.6444 -2.3583 3.8146 119 107 95
-16.2942 -3.7270 2.1484 44 41 32
-16.0603 -3.7556 2.1021 178 162 139
-15.7473 -2.6993 2.9817 185 166 149
-15.6498 -2.1843 2.3895 192 180 166
-15.5421 -2.2886 2.6488 117 98 83
-14.8237 -3.3556 1.6778 105 85 61
-16.0705 -3.4944 2.4307 168 151 131
-15.9886 -3.5482 2.9443 156 137 120
-14.9865 -3.4977 1.7346 83 65 43
-14.8193 -3.3919 1.8514 77 61 46
-15.5899 -2.4029 2.5391 108 89 75
-15.6816 -2.9222 2.5088 188 170 148
-15.5235 -2.0527 2.9176 173 160 151
-15.9870 -2.8541 2.7386 174 154 130
-16.3299 -3.7586 2.7723 81 64 46
-15.6177 -2.9355 3.6714 158 149 142
-15.5418 -2.9426 3.5626 188 181 173
-16.0224 -3.4332 2.3406 150 133 115
-15.6266 -2.4167 3.6014 124 107 91
-15.4686 -3.0193 2.1837 141 125 110
-16.0717 -3.4073 2.3760 81 63 43
-15.3826 -2.9832 3.2233 158 149 144
-14.6292 -3.4316 1.4174 109 87 66
-16.3653 -3.7536 3.8988 74 61 52
-13.8511 -3.6605 1.0414 65 48 28
-15.3773 -2.0611 3.3345 124 106 94
-15.6123 -2.5309 3.4077 62 46 30
-15.5906 -2.7677 3.1569 59 56 41
-16.0389 -3.7226 1.9880 58 46 34
-15.4544 -3.5884 2.5561 65 51 40
-15.7757 -2.3204 2.7461 86 65 46
-15.7325 -2.8804 3.3917 157 152 146
-15.6120 -2.9416 2.4783 188 170 148
-15.5737 -2.5422 3.4560 191 170 149
-15.8277 -2.4395 3.5670 69 60 45
-15.7570 -3.4738 2.2768 106 91 70
-15.6970 -2.6848 3.3660 98 85 76
-15.5705 -2.5622 3.2701 179 168 150
-16.0265 -2.7605 3.8606 160 147 138
-15.7780 -2.8813 2.4935 173 157 142
-15.7249 -2.8826 3.2933 150 140 138
-15.5622 -3.7642 -3.1145 114 111 106
-16.0989 -3.7301 2.0424 44 41 32
-15.7881 -2.8738 2.5479 66 53 44
-16.4052 -3.6133 2.9952 91 74 56
-15.7158 -2.4442 3.3437 150 136 127
-15.5033 -3.0541 2.9706 175 154 133
-15.0800 -3.3500 1.9220 158 148 138
-14.9782 -3.2478 1.8777 186 168 146
-15.6268 -3.7649 2.8661 144 132 116
-15.7456 -2.8812 3.1879 144 127 109
-15.6603 -3.7641 2.1898 159 146 127
-15.0180 -3.3885 2.0866 70 54 39
-15.5336 -2.9806 2.9534 84 66 52
-15.4080 -2.1180 2.5023 87 72 51
-15.8614 -2.9075 2.5103 55 38 22
-15.8279 -3.7747 2.9889 100 88 66
-15.6023 -2.9487 3.0002 169 152 132
-15.7413 -2.8825 3.1156 73 51 30
-15.6077 -2.3801 3.0918 97 76 55
-15.8535 -3.7020 1.8485 182 172 162
-15.4903 -2.3990 2.7245 169 160 143
-16.2862 -3.7496 2.1652 153 139 126
-15.5278 -2.9822 2.8421 156 137 120
-15.3809 -2.4493 2.2241 46 33 25
-15.9862 -3.6076 3.0434 131 117 104
-15.6305 -2.3648 2.6213 176 161 154
-15.7679 -3.7346 1.9155 138 122 107
-15.3501 -3.1124 1.8127 63 44 29
-16.0180 -3.7276 2.3768 163 151 137
-15.5713 -2.1755 2.6410 122 106 90
-16.3585 -3.7344 2.2946 97 80 62
-15.5132 -2.0016 2.1206 160 153 147
-15.3773 -3.0978 1.8903 163 145 121
-15.3493 -2.2620 2.7612 71 58 39
-15.4771 -2.1092 2.9121 63 55 44
-15.6670 -2.4942 2.5518 87 75 61
-15.1152 -3.4390 1.5652 88 71 51
-15.6525 -2.7237 3.3254 88 74 63
-15.1658 -3.1409 2.8567 85 64 43
-15.8965 -2.6469 3.1156 185 166 149
-15.5648 -2.4921 3.2836 131 119 107
-15.5345 -2.0412 2.8373 93 77 61
-15.8074 -2.9220 3.1169 83 64 49
-15.5696 -2.0056 2.5589 197 184 167
-15.8935 -3.7826 3.4954 117 108 99
-15.6014 -2.3078 2.8294 128 120 107
-15.5866 -2.9661 2.2715 175 154 135
-15.5921 -2.1545 2.5910 187 166 145
-14.9718 -3.2170 2.3054 188 170 150
-15.5121 -2.0694 2.8134 165 149 134
-15.6055 -2.9609 2.3821 105 87 63
-15.4986 -2.9986 2.7195 180 165 146
-15.9790 -3.6163 2.0639 162 150 138
-15.4258 -3.0348 2.8146 169 147 126
-15.7505 -2.2480 2.9473 96 86 74
-16.0590 -3.6170 3.3007 166 142 114
-15.4126 -3.7052 -3.5950 156 156 154
-16.0440 -3.6725 2.4271 185 169 153
-15.0539 -3.2633 1.3186 181 176 172
-15.2100 -3.2583 1.3943 171 159 147
-14.8781 -3.3106 1.2614 60 48 34
-15.9437 -3.7563 1.9791 150 134 118
-16.2993 -3.7210 2.2092 155 136 121
-15.8291 -2.8473 3.9225 112 111 107
-15.4106 -2.9809 3.4094 188 181 173
-15.4474 -3.0894 1.8860 55 36 21
-15.3303 -3.6217 1.7315 160 143 127
-15.4713 -2.0284 2.1015 160 153 147
-15.3909 -3.1080 1.9227 75 57 37
-16.0493 -3.1262 2.3834 84 64 37
-15.4532 -2.1416 2.7383 179 168 162
-15.9181 -3.6203 2.7407 81 65 50
-14.7637 -3.4614 1.5622 105 88 70
-15.3305 -2.8100 3.0616 80 63 53
-15.6430 -2.5159 3.4297 62 46 30
-15.5654 -2.4069 2.6580 108 92 77
-15.7931 -3.5021 2.2907 96 83 64
-15.5409 -2.4295 2.6083 189 170 153
-15.8014 -3.6830 2.2620 186 169 153
-15.6190 -2.3590 2.6532 45 36 27
-15.5799 -2.7352 3.2297 182 168 157
-15.2419 -3.1855 2.0625 186 168 146
-15.3491 -2.8135 2.9089 72 56 40
-15.6525 -2.6875 3.2292 176 163 147
-15.3830 -2.1331 2.4901 92 77 56
-15.7667 -2.4229 3.3885 125 108 98
-15.0446 -3.2384 1.9983 84 67 47
-15.1400 -3.5236 1.9443 65 48 28
-15.9434 -2.3955 3.5457 88 75 58
-15.7259 -2.8992 3.1860 165 147 127
-15.6331 -2.7000 3.1546 99 80 66
-15.8098 -2.3863 3.3791 63 52 46
-15.5820 -2.9660 3.0145 71 55 40
-15.7250 -2.9105 2.5332 182 164 144
-15.6436 -2.5214 3.1421 155 141 130
-15.6719 -2.3961 3.2118 169 151 137
-15.3982 -3.7032 -3.6579 165 167 166
-16.0287 -2.7533 3.2523 168 152 137
-15.6667 -2.9375 2.4866 174 154 129
-15.8340 -3.6716 2.7273 148 131 111
-14.2544 -3.5405 1.3628 81 64 44
-15.3880 -3.1232 2.0016 172 154 130
-15.3515 -3.0123 3.3611 158 149 142
-15.0002 -3.4175 1.6574 169 145 119
-15.5579 -2.9830 2.7716 180 165 146
-15.6360 -3.0876 2.4195 131 110 83
-15.5214 -3.3751 1.7883 152 137 118
-15.5847 -2.9653 2.8877 156 137 120
-15.8316 -2.8352 3.6477 40 39 35
-15.5243 -2.6089 3.3169 154 137 109
-15.0877 -3.1796 2.4265 84 65 48
-15.7685 -3.7498 3.2090 178 166 154
-15.9278 -2.2847 3.5401 104 90 81
-15.5336 -2.9947 2.8505 73 54 40
-15.5035 -2.6226 3.1108 185 177 158
-15.5286 -2.4350 3.0103 172 151 130
-15.7102 -2.4767 2.5830 87 75 61
-16.0786 -2.7886 2.7584 66 53 44
-15.9639 -3.6070 3.0083 130 116 105
-15.5730 -2.9841 2.3083 59 40 25
-15.6674 -2.9427 2.3533 162 144 124
-15.7103 -2.9146 2.6568 173 155 133
-15.4359 -3.1119 2.7758 179 163 140
-14.7933 -3.3526 1.6379 109 88 67
-15.3705 -3.1321 2.6431 90 72 48
-15.5503 -3.6469 -3.3372 127 128 123
-15.3694 -3.0117 3.3779 148 141 133
-16.2722 -3.7537 2.1625 150 134 118
-15.6155 -3.7369 1.9357 175 158 140
-15.3171 -3.1086 1.8879 157 141 116
-15.3379 -3.1205 1.9118 113 95 75
-15.3904 -3.0788 2.9319 118 97 78
-15.7387 -2.2733 2.4722 46 33 25
-15.7261 -2.8463 2.3566 177 170 160
-16.1256 -2.8365 2.6214 138 125 109
-16.1349 -3.6427 3.3650 92 70 49
-15.3392 -3.0975 2.7945 186 165 144
-15.7430 -2.9241 3.2003 80 67 51
-14.7236 -3.4044 1.5906 146 134 112
-15.7848 -2.4699 3.2698 188 172 159
-15.2333 -3.1459 2.5653 123 105 85
-15.6405 -3.5247 2.2039 102 86 70
-15.6538 -2.3493 2.5029 146 136 127
-15.8478 -2.5494 2.5952 37 28 21
-15.9101 -2.6239 3.1300 89 73 58
-15.2399 -3.0756 2.0803 77 58 43
-16.1249 -3.6234 2.9504 75 59 46
-15.4237 -2.4464 2.6830 110 96 83
-15.8842 -2.8787 2.6400 166 146 121
-13.8181 -3.6193 1.0300 168 156 134
-15.2833 -2.1837 2.5267 93 75 53
-14.6136 -3.3547 1.6748 54 47 37
-15.6315 -2.9800 2.4900 175 157 135
-15.3605 -3.7041 -3.5994 179 181 180
-15.5255 -2.2438 2.4041 129 113 100
-15.1858 -3.1009 2.6167 174 152 131
-14.9017 -3.3340 1.8601 182 167 148
-15.6470 -2.9369 3.3136 151 125 98
-15.3095 -3.1162 2.6375 180 162 142
-15.1255 -3.1878 2.4893 179 163 140
-15.5114 -2.3996 3.3490 183 172 154
-15.4029 -3.2307 2.5893 134 113 92
-14.7997 -2.7510 2.1581 111 97 84
-15.6467 -2.9075 3.2899 161 156 150
-15.8513 -3.6317 3.1331 158 131 101
-15.7675 -2.6712 3.2632 71 52 37
-15.4669 -2.4447 3.0401 190 174 158
-15.8254 -3.6859 1.8763 98 88 76
-14.4149 -3.4606 1.3054 89 69 45
-15.4789 -2.3055 2.8187 171 157 146
-15.9029 -2.7920 3.0052 57 47 35
-15.4158 -3.0307 2.1263 138 125 109
-15.4980 -2.2876 2.7612 181 167 154
-14.5819 -3.4305 1.4966 146 134 112
-14.6662 -3.6003 1.5194 86 70 54
-15.9056 -2.2485 2.6189 193 179 166
-15.6342 -2.2911 2.7275 146 138 125
-15.8276 -2.5627 2.6064 119 111 100
-15.6026 -2.9505 3.6493 147 137 127
-14.7511 -3.4437 1.7471 161 148 131
-15.3354 -3.0591 2.2733 176 158 136
-14.9956 -3.3872 2.0777 128 111 95
-15.3133 -3.1561 2.4721 120 98 75
-16.0598 -2.5528 3.3161 173 156 148
-15.4989 -2.9866 2.7491 182 162 138
-15.1988 -3.1279 2.7587 118 97 78
-15.8244 -2.4122 3.1969 180 163 145
-15.4259 -3.3848 1.7437 160 147 128
-15.4592 -3.6991 -3.7132 89 91 88
-15.3168 -3.0709 2.7479 173 151 127
-15.4054 -2.5736 3.4740 172 153 138
-15.6176 -2.4132 3.6738 137 123 110
-15.6541 -2.5419 3.4364 107 83 57
-15.3822 -3.0891 2.7764 181 161 137
-15.5186 -2.4966 2.9541 181 166 147
-15.2666 -3.1419 2.5238 74 53 32
-15.0797 -3.2092 2.2793 118 98 74
-15.4324 -2.2764 2.7319 190 177 161
-14.3573 -3.5216 1.5514 173 153 129
-14.7474 -3.3844 1.8461 69 55 42
-15.7071 -2.1587 2.7767 85 72 63
-15.4097 -2.4557 2.4517 180 170 161
-14.7953 -3.3626 1.7739 128 113 92
-15.3322 -3.2027 2.1813 135 125 115
-14.9363 -3.2633 1.9089 99 78 59
-15.8399 -2.5864 2.6347 177 161 146
-15.9393 -2.5181 2.7171 52 43 36
-15.8007 -2.9270 2.4918 127 108 91
-15.5286 -2.6494 2.3615 185 173 161
-15.2648 -3.6684 1.8900 182 176 160
-14.4376 -3.5693 1.3752 84 66 44
-15.7282 -2.3328 2.4607 193 179 166
-14.8997 -3.4806 1.6228 99 82 66
-15.5556 -3.3050 2.0715 145 128 108
-16.0590 -3.4621 2.1947 109 90 73
-15.5727 -3.1711 1.7710 179 162 142
-15.8287 -3.0677 -1.8986 138 134 131
-15.5286 -3.6490 -3.3258 114 115 110
-15.4054 -2.5736 3.4740 172 153 138
-14.9368 -3.3223 2.4074 105 84 63
-15.0271 -3.4792 2.4060 183 167 152
-15.3746 -3.0528 2.8247 173 153 128
-15.6627 -2.9213 3.0597 116 94 70
-14.9981 -3.2039 2.2790 89 71 49
-15.4625 -2.3722 2.5618 180 170 158
-15.3263 -2.3324 2.4700 100 83 65
-15.5583 -2.2772 2.5959 175 159 146
-14.7038 -3.3129 1.7288 131 110 89
-15.5169 -2.6791 2.4289 90 81 74
-15.4679 -2.5472 2.4212 96 79 63
-15.0907 -3.4709 1.9256 165 142 111
-14.6509 -3.4683 1.6241 164 149 128
-15.8562 -3.0131 2.4841 180 163 137
-15.6892 -2.9139 2.3913 173 155 133
-15.8108 -2.2476 2.6017 125 108 100
-14.5100 -3.4772 1.4086 145 128 108
-15.0633 -3.2796 1.4875 179 162 142
